Year,Date,Title,Words,URLs,Categories
2008,05-09-2008,"Use Microsoft Word As A Desktop Blogging Client &#8211; Publish Blog Posts To WordPress Or Blogger Blogs",643,https://www.ampercent.com/post-to-your-blog-from-ms-word-2007/17/,General
2008,05-09-2008,"What Makes Google Chrome Different from Firefox And IE ?",691,https://www.ampercent.com/what-makes-google-chrome-different-from-firefox-and-ie/28/,General
2008,07-09-2008,"How to Connect D-Link ADSL modem via USB for BSNL Broadband.",477,https://www.ampercent.com/how-to-connect-d-link-adsl-modem-via-usb-for-bsnl-broadband/56/,General
2008,13-09-2008,"Make A Read Only Word Document In Microsoft Office 2007",483,https://www.ampercent.com/encrypt-word-documents-stop-editing/359/,General
2008,27-09-2008,"Add Audio Files In Microsoft Word Documents &#8211; Insert Speech Narration Or Music Files In Microsoft Word",842,https://www.ampercent.com/add-audio-music-speech-word-documents/382/,General
2008,05-10-2008,"Speed Up Internet Explorer For Better Performance, Fix Slow Internet Explorer Startup Problem",1013,https://www.ampercent.com/speed-up-internet-for-ie7-perfprmance/234/,General
2008,07-10-2008,"5 Online Tools to Turn Videos and Images into Cartoons!",719,https://www.ampercent.com/turn-images-videos-to-cartoons-befunky/226/,General
2008,21-10-2008,"Add Text and Voice Comments in Word 2007-Make Notes/Proofread",554,https://www.ampercent.com/add-text-voice-comments-word-proofread/337/,General
2008,25-10-2008,"Set File and Folder Permissions for Specific users in XP/Vista",528,https://www.ampercent.com/set-file-folder-permissions-xp-vista/399/,General
2008,07-11-2008,"Turn Off Auto Play on CD/DVD Drives and USB Storage in Windows XP and Windows7",734,https://www.ampercent.com/turnoff-autoplay-on-cd-drives-removable-usb/173/,General
2008,13-11-2008,"An Interview With Arpit Kumar from Techraga",592,https://www.ampercent.com/interview-arpit-kumar-techraga/923/,General
2008,30-11-2008,"Find Broken Links and Missing Images On Your WordPress Site",907,https://www.ampercent.com/find-broken-links-in-wordpress-blog/689/,General
2008,16-12-2008,"Defragment Multiple Hard Drive Partitions In Windows Without Using Any Software",674,https://www.ampercent.com/defrag-multriple-hard-drives-windows/738/,General
2008,18-12-2008,"Speed Up Mozilla Firefox 150x+ times",562,https://www.ampercent.com/mozilla-firefox-150x-times-faster/975/,General
2008,20-12-2008,"An Interview With Manikarthik :Seo Blogger from Daily Seo Blog",991,https://www.ampercent.com/interview-manikarthik-dailyseoblog/1032/,General
2009,06-01-2009,"Install WordPress Locally in your Computer with Wamp Server",630,https://www.ampercent.com/install-wordpress-computer-wamp-server/1079/,General
2009,06-01-2009,"Create an Automated List of latest posts from your Favorite Blogs using Yahoo pipes",490,https://www.ampercent.com/merge-multiple-blog-feeds/1147/,General
2009,12-01-2009,"Take Maximum advantage of the All in One Seo Pack Plugin",513,https://www.ampercent.com/all-in-one-seo-setting/1087/,General
2009,15-01-2009,"69 Useful Ping Services to Ping after you post",655,https://www.ampercent.com/useful-ping-services/1126/,General
2009,03-02-2009,"Portable Feed Reader – Carry and Update RSS Feeds from a USB Stick",611,https://www.ampercent.com/portable-rss-feed-reader-usb/1323/,General
2009,04-02-2009,"Exclude Posts of Certain Categories From The Homepage Of A WordPress Blog",663,https://www.ampercent.com/exclude-category-posts-blog-homepage/1318/,General
2009,05-02-2009,"Do Not Experiment On your Main PC – Get Free Virtual PC for Windows",768,https://www.ampercent.com/free-virtual-pc-windows/1315/,General
2009,17-02-2009,"13 Steps to Completely secure your WordPress blog",1317,https://www.ampercent.com/completely-secure-wordpress-blog/1426/,General
2009,06-03-2009,"Mozilla Songbird : Cross platform Music player that can Browse the Web",476,https://www.ampercent.com/mozilla-songbird-music-player/1549/,General
2009,13-03-2009,"Soumya Mukerji : A journalist from Delhi shares her blogging experience",1244,https://www.ampercent.com/interview-with-soumya-mukerji/1562/,General
2009,16-03-2009,"Translate PDF Files and Office Documents with Google Translate",492,https://www.ampercent.com/translate-pdf-office-documents-online/1613/,General
2009,27-03-2009,"How to configure outlook 2007 for Google Apps and G mail ?",535,https://www.ampercent.com/configure-outlook-2007-google-apps-gmail/1223/,General
2009,28-03-2009,"Completely Back up Your Firefox Settings, Installed Add-ons, Bookmarks and Saved passwords",672,https://www.ampercent.com/back-up-firefox-settings-add-ons-bookmarks-passwords/1301/,General
2009,04-04-2009,"Launchy : An efficient way to Search and Open Programs, Websites, Files and Folders",464,https://www.ampercent.com/launchy-open-programs-websites-files-and-folders/1478/,General
2009,20-04-2009,"How to Create a Featured Intro section in WordPress Blog homepage",902,https://www.ampercent.com/create-featured-intro-section-wordpress-blog/1984/,General
2009,06-05-2009,"Track RSS Feed Subscriptions Using Google Analytics",918,https://www.ampercent.com/track-rss-subscriptions-google-analytics/2107/,General
2009,09-05-2009,"7 Hacks to Reduce Firefox Memory Usage without Reinstalling",863,https://www.ampercent.com/reduce-firefox-memory-usage-hacks/1637/,General
2009,11-05-2009,"Create Pie charts &#8211; Bar Graphs &#8211; Venn Diagrams Online with Free tools",395,https://www.ampercent.com/create-pie-charts-bar-graphs-venn-diagrams-online/1820/,General
2009,28-05-2009,"A Portable Screen capture Software that Runs from Your USB drive",471,https://www.ampercent.com/portable-screen-capture-software/1287/,General
2009,07-06-2009,"7 reasons why we Use and Recommend Doreo Hosting",530,https://www.ampercent.com/use-doreo-hosting/2257/,General
2009,26-06-2009,"9 ways to Find Unregistered and Interesting Domain Names",587,https://www.ampercent.com/find-unregistered-interesting-domain-names/1466/,General
2009,29-06-2009,"3 ways to Prevent USB Drives from Auto running Programs",482,https://www.ampercent.com/stop-usb-drive-autorun/2348/,General
2009,29-06-2009,"10 Exercises to Remove Eye strain While Working Infront of Computer",1085,https://www.ampercent.com/exercises-remove-eye-strain-working-computer/1371/,General
2009,05-07-2009,"Avoid Email Spam Using temporary Disposable Email Addresses",525,https://www.ampercent.com/temporary-disposable-email-addresses/1554/,General
2009,07-07-2009,"9 ways to Search Multiple Search Engines together",813,https://www.ampercent.com/multiple-search-engines-together/1521/,General
2009,11-07-2009,"Link Multiple Gmail accounts and check email at One place",644,https://www.ampercent.com/link-check-multiple-gmail-accounts/2356/,General
2009,26-07-2009,"Basic On-page SEO Best Practices for new WordPress Blogs",1718,https://www.ampercent.com/seo-best-practices-wordpress-blogs/2645/,General
2009,27-07-2009,"List of Video to Audio Converter Tools and Services",747,https://www.ampercent.com/video-to-audio-converter/2707/,General
2009,31-07-2009,"9 Things to do “ When there is Nothing to Blog About “",677,https://www.ampercent.com/nothing-to-blog/2659/,General
2009,05-08-2009,"Learn to generate new post ideas when you don’t have one",1253,https://www.ampercent.com/generate-post-ideas/2849/,General
2009,09-08-2009,"Create an XML Sitemap for WordPress , Blogger and Static Websites",747,https://www.ampercent.com/create-xml-sitemap-websites-blogs/2682/,General
2009,14-08-2009,"5 Free tools to Recover Hard Drive Space on Windows",698,https://www.ampercent.com/recover-hard-drive-space-windows/2914/,General
2009,02-09-2009,"7 ways to Open Microsoft Excel Spreadsheets Without Excel Software",605,https://www.ampercent.com/open-excel-document-without-excel/2765/,General
2009,04-09-2009,"How to Read Emails as an RSS Feed and Save time",479,https://www.ampercent.com/read-emails-rss-feeds/2753/,General
2009,06-09-2009,"View and Download Facebook albums and Flickr photos using a Desktop application",479,https://www.ampercent.com/download-facebook-flickr-photos-desktop-software/3039/,General
2009,14-09-2009,"WordPress permalinks FAQ : Your Guide to choosing the right Permalink Structure",1638,https://www.ampercent.com/wordpress-permalink-guide/2871/,General
2009,16-09-2009,"Create pie charts online with Free tools",545,https://www.ampercent.com/create-pie-charts-online/3087/,General
2009,19-09-2009,"An Interview with Harsh Agrawal of Shoutmeloud",1704,https://www.ampercent.com/interview-harsh-shoutmeloud/3113/,General
2009,23-09-2009,"WordPress Post Slugs : How to improve your Article URLS ?",968,https://www.ampercent.com/wordpress-post-slugs/3129/,General
2009,01-10-2009,"Twitter Tools that Save Your Time – Get Productive on Twitter",927,https://www.ampercent.com/twitter-tools-save-time/2717/,General
2009,12-10-2009,"Useful Windows Live Writer Plugins for Power blogging",1626,https://www.ampercent.com/useful-windows-live-writer-plugins/2695/,General
2009,13-10-2009,"An Interview With Kevin Muldoon From Blogging Tips",1418,https://www.ampercent.com/kevin-muldoon-blogging-tips-interview/3343/,General
2009,14-10-2009,"5 Best Screen Capture Tools to Take and Share Screenshots",1181,https://www.ampercent.com/best-screen-capture-tools/3304/,General
2009,16-10-2009,"How to make a Deleted File Unrecoverable",796,https://www.ampercent.com/make-deleted-data-unrecoverable/3155/,General
2009,21-10-2009,"Create Flow charts and Network diagrams online with Lovely charts",493,https://www.ampercent.com/create-flow-charts-diagrams-online/3265/,General
2009,26-10-2009,"An Interview with Raju of Technically Personal",827,https://www.ampercent.com/technically-personal-interview/3548/,General
2009,31-10-2009,"How to post long tweets that are more than 140 characters",789,https://www.ampercent.com/post-long-tweets/3416/,General
2009,09-11-2009,"How to use Google Docs as a Blogging Tool and Post Blog Entries",868,https://www.ampercent.com/post-blog-entries-google-docs/3446/,General
2009,11-11-2009,"How to Appear Invisible in Facebook Chat",646,https://www.ampercent.com/appear-invisible-in-facebook-chat/3708/,General
2009,16-11-2009,"3 ways to Manage WordPress Comments from Desktop",756,https://www.ampercent.com/manage-wordpress-comments-desktop-tools/3503/,General
2009,26-11-2009,"How to Sync Bookmarks between Firefox, Chrome and Other Browsers Automatically",559,https://www.ampercent.com/sync-bookmarks-multiple-browsers-firefox-chrome-ie/3819/,General
2009,28-11-2009,"How to Encrypt and Decrypt Files in Windows With Password Protection",740,https://www.ampercent.com/encrypt-decrypt-files-windows/3778/,General
2009,30-11-2009,"How to Share a File With Your Facebook Friends",490,https://www.ampercent.com/attach-share-files-facebook-friends/3880/,General
2009,05-12-2009,"Desktop Background Slideshow &#8211; Rotate desktop backgrounds in Windows 7",477,https://www.ampercent.com/enable-desktop-background-slideshow-in-windows-seven/3665/,General
2009,14-12-2009,"How to Install a Local WordPress Blog and Transfer it in Web Server",1517,https://www.ampercent.com/how-to-install-a-local-wordpress-blog-and-transfer-it-in-web-server/3856/,General
2009,18-12-2009,"Rotate desktop backgrounds automatically in XP using Microsoft’s own tool",599,https://www.ampercent.com/rotate-desktop-background-automatically-in-xp-vista/3672/,General
2009,22-12-2009,"How to Completely Back up Your Blog in WordPress and Blogger",641,https://www.ampercent.com/completely-back-up-blog-wordpress-blogger/3387/,General
2009,23-12-2009,"How to Create Zip Files Online",714,https://www.ampercent.com/create-zip-files-online-tools/4238/,General
2010,04-01-2010,"Create Collage, Animations or Edit Your Pictures Using Picture2life",856,https://www.ampercent.com/picture2life-edit-collage-animate-pictures-online/4260/,General
2010,08-01-2010,"How to Create Icon Files in Windows and with Online Tools",669,https://www.ampercent.com/create-icon-files-windows-online-tools/4377/,General
2010,09-01-2010,"Monitor Internet Data Usage Stats for Any Multi/Single-user Network",667,https://www.ampercent.com/control-internet-data-usage/4572/,General
2010,11-01-2010,"Blogging platforms that lets you blog from your Phone",570,https://www.ampercent.com/mobile-posting-wordpress-typepad-livejournal-blogger/2822/,General
2010,18-01-2010,"Make your Blog Printer Friendly : Code and CSS for Printing a Webpage",633,https://www.ampercent.com/make-your-blog-printer-friendly-code-and-css-for-printing-a-webpage/1485/,General
2010,19-01-2010,"How to And How Not to Auto Loop Or Autoplay Youtube Videos",444,https://www.ampercent.com/view-embed-auto-loop-play-youtube-videos/4668/,General
2010,23-01-2010,"How to Hotlink Protect Images Of Your Blog When Stored in Different Subdomain",1303,https://www.ampercent.com/hotlink-protect-images-different-subdomain-rss/4468/,General
2010,27-01-2010,"Open any Website from Firefox With a Hotkey You don’t have to remember",519,https://www.ampercent.com/open-bookmarks-firefox-hotkey/2770/,General
2010,01-02-2010,"Firefox Addons &ndash; That Make Me More Productive",826,https://www.ampercent.com/productive-firefox-addons/4871/,General
2010,05-02-2010,"How to Lock Opened Windows, Running Programs And Minimized Apps",514,https://www.ampercent.com/how-to-lock-opened-windows-and-running-programs/4809/,General
2010,07-02-2010,"How to Transfer WordPress Blog From One Host to Another",905,https://www.ampercent.com/transfer-wordpress-blog-from-one-host-to-another/4726/,General
2010,10-02-2010,"How to Show Category and Tag Descriptions In WordPress Theme",499,https://www.ampercent.com/how-to-show-category-and-tag-descriptions-in-wordpress-theme/4813/,General
2010,15-02-2010,"Portable Productivity Applications for Windows",555,https://www.ampercent.com/portable-productivity-applications-for-usb-windows/4989/,General
2010,19-02-2010,"The Best Sites to Create Anonymous Email Addresses",534,https://www.ampercent.com/create-anonymous-email-addresses/5227/,General
2010,22-02-2010,"33 Useful Bookmarklets to Search From Your Browser",967,https://www.ampercent.com/useful-search-bookmarklets/5269/,General
2010,23-02-2010,"How To Close or Minimize All Open Windows At Once",348,https://www.ampercent.com/close-all-open-windows/5072/,General
2010,26-02-2010,"Windows Media Player Guide: 15 Tips and Tricks You may not Know",1162,https://www.ampercent.com/win-media-player-help-tips-tricks/5330/,General
2010,03-03-2010,"Kill Windows Services, Running Programs and Open Windows With a Click And Restore them Later",515,https://www.ampercent.com/close-windows-programs-restore-later/5352/,General
2010,06-03-2010,"4 Online Tools to Extract, Convert and Send Zipped Files Online",645,https://www.ampercent.com/convert-and-extract-zip-rar-files-online/5358/,General
2010,06-03-2010,"How To Install WordPress in Windows XP, Windows Vista and Windows7 Using Bitnami WordPress Stack",500,https://www.ampercent.com/install-wordpress-in-windows-vista-windows7/5371/,General
2010,08-03-2010,"Read It Later &#8211; Online Tool For Saving Links to Read later",496,https://www.ampercent.com/read-it-later-chrome-firefox-iphone/4983/,General
2010,10-03-2010,"Windows Clipboard Guide: How to do Things with Windows Clipboard",932,https://www.ampercent.com/windows-clipboard-guide-tips-tricks/4964/,General
2010,11-03-2010,"How to Load Separate CSS Files For Different Browsers",553,https://www.ampercent.com/load-separate-css-for-different-browsers/4750/,General
2010,17-03-2010,"How to Customize WordPress Category Feeds With Feedburner",572,https://www.ampercent.com/exclude-posts-feedburner-wordpress/5430/,General
2010,17-03-2010,"How to Clear Firefox Browsing History, Cookies And Login Data For a Specific Website",648,https://www.ampercent.com/clear-firefox-browsing-history-specific-websit/5433/,General
2010,20-03-2010,"How to Share and Play Songs on Facebook With Friends",817,https://www.ampercent.com/play-mp3-songs-facebook-profile/5438/,General
2010,22-03-2010,"How To Share Internet Over Wireless In Windows 7 and Vista",810,https://www.ampercent.com/share-internet-connection-wireless/5437/,General
2010,22-03-2010,"4 Most Useful Tweaks For Internet Explorer Favorites",666,https://www.ampercent.com/change-search-backup-internet-explorer-favorites-folder-location/5389/,General
2010,23-03-2010,"How to Lock Windows XP Using Your USB Drive",839,https://www.ampercent.com/lock-pc-with-usb-drive/5411/,General
2010,23-03-2010,"Increase The Font Size of Firefox Address Bar, Toolbars And Menu Bars",514,https://www.ampercent.com/increase-firefox-address-bar-font-size/5472/,General
2010,25-03-2010,"Add a Tweet This Button On WordPress and Blogger Without Using any Plugin",577,https://www.ampercent.com/add-tweet-this-button-wordpress-blogger-theme/5483/,General
2010,25-03-2010,"Quickly Clear Firefox Browser Cache using Empty Cache Firefox Add-on",573,https://www.ampercent.com/quickly-clear-firefox-cache/5497/,General
2010,01-04-2010,"Add Tattoos In Your Photos Without Using Image Editing Programs",323,https://www.ampercent.com/create-tattoos-body-art-online/5485/,General
2010,07-04-2010,"Turn Pictures into Comics Strips Online",453,https://www.ampercent.com/turn-pictures-into-comics-strips-online/5462/,General
2010,11-04-2010,"Use Google Docs to Create Pie Charts and Graphs",570,https://www.ampercent.com/create-charts-with-google-docs/5571/,General
2010,16-04-2010,"Clear Browser Cache and Browsing History in Google Chrome",894,https://www.ampercent.com/clear-browser-cache-and-browsing-history-in-google-chrome/5715/,General
2010,19-04-2010,"How to Transfer A Self Hosted WordPress Blog To Blogger Without Losing PageRank And Traffic",1614,https://www.ampercent.com/wordpress-to-blogger-migration/4882/,General
2010,26-04-2010,"Find What Your Facebook Friends Are &#8220;Liking&#8221; Across the Web",540,https://www.ampercent.com/find-facebook-friends-likes/5776/,General
2010,26-04-2010,"5 Tools to Remember Complex Passwords",981,https://www.ampercent.com/remember-complex-passwords/5749/,General
2010,27-04-2010,"Upload and Share Powerpoint Presentations With Facebook Friends",480,https://www.ampercent.com/upload-powerpoint-presentations-facebook/5769/,General
2010,27-04-2010,"NimiPlaces: Organize Desktop Folders and Shortcuts into Separate Stacks",504,https://www.ampercent.com/nimiplaces-organize-desktop-folders-and-shortcuts-into-separate-stacks/5790/,General
2010,28-04-2010,"Share Keyboard and Mouse among Two Computers Connected Via LAN",629,https://www.ampercent.com/share-keyboard-and-mouse-among-two-computers-connected-via-lan/5794/,General
2010,04-05-2010,"Create Sticky Notes From Desktop and Send them to Twitter, Facebook or Email",687,https://www.ampercent.com/create-stickynotes-from-desktop-and-send-them-to-twitter-facebook-or-email/5866/,General
2010,05-05-2010,"How To Embed Tweets In Your Website Or Blog",468,https://www.ampercent.com/embed-tweets-blackbirdpie-quoteurl/5882/,General
2010,06-05-2010,"Remotely Control Your PC Using Just A Browser",673,https://www.ampercent.com/logmein-access-control-pc-remotely/5891/,General
2010,12-05-2010,"How to Control Who Sees your Facebook Photos and Albums",479,https://www.ampercent.com/make-facebook-photos-privat/5826/,General
2010,13-05-2010,"When You Should Ignore the Meta Description Tag?",485,https://www.ampercent.com/ignore-meta-description-tag/5939/,General
2010,14-05-2010,"How to Secure Your Wireless Home Network – Prevent Others From Stealing BandWidth",1145,https://www.ampercent.com/how-to-secure-your-wireless-network-connection/5923/,General
2010,15-05-2010,"Different Ways To Copy Text Without Formatting",573,https://www.ampercent.com/copy-text-without-formatting/5962/,General
2010,17-05-2010,"14 Twitter Applications That Serve A Different Purpose",1007,https://www.ampercent.com/weird-twitter-app/5967/,General
2010,18-05-2010,"Embed Real Time analytics in your Website",806,https://www.ampercent.com/embed-real-time-analytics-charts-stats/5885/,General
2010,19-05-2010,"How to Create a Popular Posts Page For Your WordPress Blog",1088,https://www.ampercent.com/show-popular-posts-wordpress-blog/6002/,General
2010,19-05-2010,"10 Stunning Clock Screensavers for Windows And Mac",679,https://www.ampercent.com/free-clock-screensavers/6015/,General
2010,22-05-2010,"How To Create a Branded URL Shortener in Your Own Domain",688,https://www.ampercent.com/branded-url-shortener-own-domain/6049/,General
2010,24-05-2010,"How to Create Password Protected Short URL’s Of Any Webpage Or A page of Your Site",474,https://www.ampercent.com/password-protect-short-urls/6067/,General
2010,27-05-2010,"How to Share Facebook Videos With People Not on Facebook",457,https://www.ampercent.com/share-facebook-videos-with-people-not-on-facebook/6081/,General
2010,28-05-2010,"How to Save And Export All Images Of A PowerPoint Presentation",556,https://www.ampercent.com/extract-images-from-powerpoint-presentation/5870/,General
2010,28-05-2010,"Monitor File and Folder Changes in Windows &#8211; Know When Other Users Change, Delete or Rename A File or Folder",713,https://www.ampercent.com/monitor-file-folder-changes/6094/,General
2010,29-05-2010,"VPS Hosting Outline : Everything You Need To Know",463,https://www.ampercent.com/vps-hosting/6096/,General
2010,29-05-2010,"How to Delete a Facebook account which is Impersonating you?",379,https://www.ampercent.com/delete-facebook-spam-account-impersonification/6098/,General
2010,30-05-2010,"Hibernate And Sleep Modes In Windows &#8211; Differences And Using Desktop Shortcuts",838,https://www.ampercent.com/desktop-shortcut-to-hibernate-windows/6100/,General
2010,31-05-2010,"Show or Prevent Adsense ads on Selected Posts in WordPress",482,https://www.ampercent.com/show-prevent-adsense-ads-on-selected-posts-wordpress/5053/,General
2010,01-06-2010,"The Best Sites to Share Music With Your Twitter Friends",702,https://www.ampercent.com/share-music-twitter/6108/,General
2010,05-06-2010,"How to Automatically Create PowerPoint Charts From an Excel Data Set",640,https://www.ampercent.com/create-powerpoint-charts-from-excel-data/6134/,General
2010,08-06-2010,"The Best Portable App Suites for Windows",485,https://www.ampercent.com/best-portable-app-suites/6097/,General
2010,13-06-2010,"How to Copy or Share Windows Clipboard Data Across Multiple Computers",481,https://www.ampercent.com/share-windows-clipboard-data-across-computers/6145/,General
2010,15-06-2010,"How to Change Folder BackGround in Windows Vista and Windows7",569,https://www.ampercent.com/set-image-folder-background-windows-vista-windows7/6155/,General
2010,19-06-2010,"Always Play YouTube Videos in High Definition Mode, When Viewing In Full Screen",480,https://www.ampercent.com/autoplay-youtube-videos-hd-full-screen/6203/,General
2010,24-06-2010,"Link to any Dropbox File or Folder Using a Short URL",338,https://www.ampercent.com/link-to-dropbox-files-folders-short-url/6215/,General
2010,25-06-2010,"How To Move The Core WordPress Files Of Your Blog to a Custom Directory",790,https://www.ampercent.com/move-core-wordpress-files-custom-directory/6211/,General
2010,28-06-2010,"How to Work with Date Functions in Microsoft Excel 2007",684,https://www.ampercent.com/excel-date-formalas-tips/6223/,General
2010,28-06-2010,"Use Gmail Search Operators to Quickly Find Old Emails in Gmail",1663,https://www.ampercent.com/search-emails-gmail-operators/6225/,General
2010,30-06-2010,"Windows Live Writer 2010, Wave 4: Best Desktop Blogging Client Ever",680,https://www.ampercent.com/windows-live-writer-2010/6222/,General
2010,06-07-2010,"Change Windows 7 Logon Screen Background Without Any 3rd Party Tool",593,https://www.ampercent.com/change-windows-7-logon-screen/6087/,General
2010,07-07-2010,"7 Excel ‘If’ Function Techniques You Need to Know",1000,https://www.ampercent.com/advanced-excel-if-formulas/6245/,General
2010,11-07-2010,"Top 7 Online Proofreading Tools for Documents",1034,https://www.ampercent.com/online-proofreading-tools-for-documents/6244/,General
2010,12-07-2010,"How to Enable or Disable Write Access On USB Ports in Windows",593,https://www.ampercent.com/enable-disable-write-access-usb-drive/6264/,General
2010,12-07-2010,"Play Farmville Without Being On Facebook",668,https://www.ampercent.com/play-farmville-without-facebook/6272/,General
2010,13-07-2010,"Solve 500 Error– Website is Temporarily Unavailable",688,https://www.ampercent.com/solve-500-error-website-not-available-problem/6280/,General
2010,13-07-2010,"Stop Sulking About Your Stolen Laptop, You Could Have Prevented It",497,https://www.ampercent.com/track-find-locate-stolen-missing-macbook-laptop-netbook/6277/,General
2010,18-07-2010,"4 Ways to Type the New Indian Rupee Symbol in MS Word",562,https://www.ampercent.com/type-new-indian-rupee-symbol-ms-word/6316/,General
2010,21-07-2010,"How to Quickly Launch Multiple Programs in Windows",491,https://www.ampercent.com/open-launch-multiple-windows-programs/6320/,General
2010,22-07-2010,"The Newer Design Of Digg &#8211; Screenshots",601,https://www.ampercent.com/the-newer-design-of-digg-screenshots/6323/,General
2010,24-07-2010,"4 Ways to Add Files to Dropbox Account",1010,https://www.ampercent.com/add-files-to-dropbox-account/6338/,General
2010,26-07-2010,"Best Tools to Batch Resize Images",480,https://www.ampercent.com/batch-resize-multiple-images/6339/,General
2010,30-07-2010,"The Best Tools For Local Twitter Search – Find Tweets From a Specific Geographic Location",768,https://www.ampercent.com/local-twitter-search-tools/6370/,General
2010,01-08-2010,"How to Create an “Email This Post” Widget For Your WordPress Blog",791,https://www.ampercent.com/email-this-post-widget-wordpress/6379/,General
2010,05-08-2010,"How to Embed Large Screenshots And Images in Your Blog or Website",628,https://www.ampercent.com/embed-add-large-images-screenshots-website/6389/,General
2010,08-08-2010,"How to Install a HeatMap Script in Your Website and Track Visitor Clicks",692,https://www.ampercent.com/install-website-heatmap-plugin/6406/,General
2010,10-08-2010,"How to Automatically Clear Firefox Cache, History, Cookies On Exit",660,https://www.ampercent.com/how-to-automatically-clear-firefox-cache-history-cookies-on-exit/6428/,General
2010,11-08-2010,"How to Use Dropbox to Host a Static Website For Free",741,https://www.ampercent.com/host-static-website-dropbox-free-webhosting/6426/,General
2010,15-08-2010,"How to Capture Screenshots of Complete Web Pages",897,https://www.ampercent.com/capture-screenshots-of-complete-web-pages/6464/,General
2010,16-08-2010,"How to Make Active Windows Transparent – Look Behind Open Windows",412,https://www.ampercent.com/make-active-windows-transparent-look-behind-open-windows/6498/,General
2010,17-08-2010,"Print Multiple Word Documents Without Opening Them",1094,https://www.ampercent.com/print-multiple-word-documents-without-opening/6502/,General
2010,20-08-2010,"How to Stop Facebook Photo Tagging And Facebook Video Tagging",726,https://www.ampercent.com/stop-facebook-photo-tagging-and-facebook-video-tagging/6512/,General
2010,20-08-2010,"Allow Anyone To Upload Files To a Folder in Your Dropbox Account",675,https://www.ampercent.com/dropbox-uploader-allow-users-upload-files-dropbox-account/6509/,General
2010,21-08-2010,"How to Disable Facebook Places Permanently",589,https://www.ampercent.com/disable-remove-facebook-places/6535/,General
2010,23-08-2010,"Top 5 Video Converters for Windows for Every Video Type",880,https://www.ampercent.com/hd-video-converter-for-windows/6561/,General
2010,26-08-2010,"How to Configure Windows Live Mail For Gmail and Google Apps Accounts",848,https://www.ampercent.com/configure-windows-live-mail-gmail-google-apps/6553/,General
2010,27-08-2010,"How to Run Multiple Instances Of Dropbox on Windows OS",526,https://www.ampercent.com/run-multiple-instances-dropbox-windows/6589/,General
2010,29-08-2010,"10 Myths and Facts About Twitter",588,https://www.ampercent.com/myths-and-facts-about-twitter/6447/,General
2010,29-08-2010,"How to Display Custom Text on Windows Logon Screen",805,https://www.ampercent.com/display-custom-text-on-windows-logon-screen/6596/,General
2010,30-08-2010,"Show RSS Feeds as Your Desktop Background on Windows 7",609,https://www.ampercent.com/show-rss-feeds-desktop-background-windows/6602/,General
2010,01-09-2010,"How To Optimize Image Only Websites For Search Engines And Gain More Traffic",675,https://www.ampercent.com/optimize-image-websites-blogs/6569/,General
2010,02-09-2010,"How to BackUp Firefox Dictionaries and Restore Them After a System Format",521,https://www.ampercent.com/backup-restore-firefox-dictionaries/6610/,General
2010,07-09-2010,"How to Connect Two Computers Without a Router Or Wireless Connection",1203,https://www.ampercent.com/how-to-connect-two-computers-without-a-router-or-wireless-connection/6587/,General
2010,08-09-2010,"How to Use Absolute CSS Positioning And Improve The loading Time Of Your Website",687,https://www.ampercent.com/use-absolute-css-positioning-wordpress/6662/,General
2010,10-09-2010,"Access Files Of a Host Computer From A Remote Computer With ZumoCast",653,https://www.ampercent.com/remotely-access-files-host-computer/6681/,General
2010,13-09-2010,"Control and Monitor Your Network&#8217;s Activity With GFI Webmonitor 2009",1299,https://www.ampercent.com/gfi-webmonitor-internet-network-monitoring/6691/,General
2010,16-09-2010,"Internet Explorer 9 Keyboard Shortcuts",489,https://www.ampercent.com/internet-explorer9-keyboard-shortcuts/6742/,General
2010,17-09-2010,"How To Record High Definition Screencasts With Camtasia Studio",862,https://www.ampercent.com/record-high-definition-screencasts-camtasia-studio/6653/,General
2010,18-09-2010,"Increase File Download Speed On Slow Internet Connection",563,https://www.ampercent.com/increase-file-download-speed-slow-internet-connection/6777/,General
2010,19-09-2010,"Internet Explorer 9 Tips, Tricks And Hacks",709,https://www.ampercent.com/internet-explorer-tips-tricks-hacks/6775/,General
2010,19-09-2010,"How to Setup Parental Controls in Windows 7 &#8211; Restrict Computer And Internet Usage Of Your Kids",810,https://www.ampercent.com/how-to-setup-parental-controls-in-windows-7-restrict-computer-and-internet-usage-of-your-kids/6713/,General
2010,23-09-2010,"Block Websites Using OpenDNS for Better Parental Control",1336,https://www.ampercent.com/block-porn-websites-facebook-orkut-myspace-twitter-windows-firefox-opendns/6758/,General
2010,28-09-2010,"Download AVG Antivirus 2011 And AVG Internet Security 2011 For Free",461,https://www.ampercent.com/free-avg-antivirus-internet-security-2011/6875/,General
2010,01-10-2010,"WordPress Tip: How to Show Advertisements Only on Older Posts",628,https://www.ampercent.com/show-adsense-ads-older-posts-wordpress/6879/,General
2010,04-10-2010,"How to Create an Instant Search For Your Website",495,https://www.ampercent.com/create-instant-search-for-any-website/6938/,General
2010,05-10-2010,"Online Plagiarism And Content Theft: How to Deal With Spam Blogs",1016,https://www.ampercent.com/online-plagiarism-content-theft/6809/,General
2010,07-10-2010,"A Guide To Google Docs Date Functions",642,https://www.ampercent.com/google-docs-date-functions-formulas/6432/,General
2010,08-10-2010,"Enable Or Disable Safe Search Filters on Bing &#8211; Block Adult Content",338,https://www.ampercent.com/bing-safe-search-filters-block-porn-content/6967/,General
2010,10-10-2010,"Markup.io Lets you Add Custom Comments on Any Webpage",490,https://www.ampercent.com/add-marks-comments-webpage/6980/,General
2010,15-10-2010,"How to Know the Number of Indexed Pages Of Any Website",468,https://www.ampercent.com/know-indexed-pages-urls-website/7001/,General
2010,19-10-2010,"30 Ways to Generate Ideas For Blog Posts",1592,https://www.ampercent.com/generate-ideas-for-blog-posts/6975/,General
2010,20-10-2010,"A Simple Trick To Remember Long Passwords",557,https://www.ampercent.com/remember-long-passwords/7050/,General
2010,22-10-2010,"Unsubscribe.com: Clean Up Useless Newsletters From Your Email Inbox",485,https://www.ampercent.com/auto-unsubscribe-email-newsletters-mailing-lists/7062/,General
2010,22-10-2010,"WikiBhasha: Translate And Edit Wikipedia Articles in Your Own Language",713,https://www.ampercent.com/translate-edit-wikipedia-articles-any-language/7080/,General
2010,22-10-2010,"How to Decide Which Programs Open at Windows Start up?",484,https://www.ampercent.com/edit-windows-startup-programs/7081/,General
2010,23-10-2010,"The Proper Way to Use A New Laptop&#8217;s Battery",505,https://www.ampercent.com/new-laptop-battery-proper-usage/7087/,General
2010,23-10-2010,"Auto-Restart Your PC after a Power Failure And Logon To A Specific Windows User Account Automatically",565,https://www.ampercent.com/start-pc-automatically-power-failure-logon-specific-user/7097/,General
2010,25-10-2010,"Create A Mobile Version Of Your Blog With A Branded URL",718,https://www.ampercent.com/create-mobile-website-branded-url-redirect-traffic/7123/,General
2010,25-10-2010,"Does The Age of a Domain Influence Search Rankings?",494,https://www.ampercent.com/domain-age-search-rankings/7134/,General
2010,28-10-2010,"Beginner&#8217;s Guide To Windows Batch Files",589,https://www.ampercent.com/edit-create-run-windows-batch-file/7127/,General
2010,29-10-2010,"Share USB Devices With Multiple Computers Connected Over A Network",666,https://www.ampercent.com/adapter-share-usb-device-over-network-eltima/7158/,General
2010,31-10-2010,"Copy An Existing Windows Installation Into a Virtual Machine",486,https://www.ampercent.com/copy-existing-windows-installation-to-virtual-machine/7164/,General
2010,02-11-2010,"Build Your Own Search Connector And Search The Web Within Windows Explorer",516,https://www.ampercent.com/federated-search-connectors-windows-7/7150/,General
2010,02-11-2010,"Short Blog Posts Or Long Blog Posts ?",698,https://www.ampercent.com/short-blog-posts-or-long-blog-posts/7201/,General
2010,03-11-2010,"Create And Remember Strong Passwords Using A Browser Bookmarklet",538,https://www.ampercent.com/create-remember-strong-passwords/7204/,General
2010,07-11-2010,"How to Remove Your Facebook Profile From Google Search And Facebook Search",486,https://www.ampercent.com/remove-facebook-profile-google-search/7418/,General
2010,08-11-2010,"5 Ways to Access Facebook When it is Blocked",801,https://www.ampercent.com/access-facebook-when-it-is-blocked/7245/,General
2010,09-11-2010,"Know When Facebook Friends Delete You From Facebook Friend List",477,https://www.ampercent.com/facebook-friends-checker-deleted-friend-list/7320/,General
2010,09-11-2010,"Use Adobe SendNow to Share Large Files Online",441,https://www.ampercent.com/share-large-files-online/7265/,General
2010,10-11-2010,"How to Export The Email Addresses of Facebook Friends To a CSV File",652,https://www.ampercent.com/download-export-email-address-facebook-friends/7273/,General
2010,20-11-2010,"Stream Music Between Any Two Computers Using Windows Media Player Remote Media Sharing",538,https://www.ampercent.com/stream-music-computers-windows-media-player/7336/,General
2010,21-11-2010,"Facebook Like Button And Social Plugins Might Slow Down Your Website",487,https://www.ampercent.com/facebook-like-button-social-plugins-slows-website/7350/,General
2010,21-11-2010,"Facebook Login Problems – When You Can’t Login To Facebook ?",554,https://www.ampercent.com/facebook-login-problems/7331/,General
2010,23-11-2010,"A Complete Guide to Windows ReadyBoost",680,https://www.ampercent.com/what-is-windows-readyboost-7-vista-usb/7367/,General
2010,23-11-2010,"Hide Facebook Status Messages From Selected Group Of Friends",514,https://www.ampercent.com/hide-facebook-status-messages/7356/,General
2010,25-11-2010,"Use Windows7 Offline Files To Access Network Files And Folders, When Offline",640,https://www.ampercent.com/offline-files-windows7-network/7391/,General
2010,26-11-2010,"What Happens To Your Email Account When You Die ?",737,https://www.ampercent.com/email-account-ownership-after-death/7359/,General
2010,29-11-2010,"Dropbox CDN Plugin For WordPress Helps Reduce Your Site&#8217;s Bandwidth",660,https://www.ampercent.com/dropboc-cdn-plugin-wordpress-helps-reduce-sites-bandwidth/7434/,General
2010,01-12-2010,"WorkFlowy: The Minimalist To Do List Program For BrainStorming",660,https://www.ampercent.com/workflowy-the-minimalist-to-do-list-web-app/7444/,General
2010,02-12-2010,"Windows Live Skydrive: Best Online File Backup Service",762,https://www.ampercent.com/online-file-backup-service-skydrive/7185/,General
2010,03-12-2010,"A Better Way To Prevent Spam Comments In WordPress Without Using Akismet",584,https://www.ampercent.com/prevent-spam-comments-in-wordpress-blogs-without-akismet/7483/,General
2010,03-12-2010,"Tweet Filter Removes Clutter From Twitter Timeline By Blocking Specific Tweets",640,https://www.ampercent.com/filter-block-tweets-keywords-sources/7462/,General
2010,04-12-2010,"How to Embed Facebook Videos And Photo Albums In WordPress",917,https://www.ampercent.com/embed-facebook-videos-photos-albums-website-blog-posts/7488/,General
2010,07-12-2010,"Use GFI Languard To Check The Security Of Your Computer Network",670,https://www.ampercent.com/network-scanner-security-application/7507/,General
2010,14-12-2010,"GFI Vipre: A New Approach To Networking And Security",824,https://www.ampercent.com/gfi-vipre-network-security-software/7477/,General
2010,14-12-2010,"Top Facebook Status Messages That Were Popular in 2010",495,https://www.ampercent.com/top-facebook-status-messages-that-were-popular-in-2010/7556/,General
2010,15-12-2010,"Internet Explorer 9 Blocks 99% Malware &#8211; Most Secure Browser",524,https://www.ampercent.com/internet-explorer-9-blocks-99-malware-most-secure-browser/7575/,General
2010,17-12-2010,"Delicious Shutting Down, How To Export Your Delicious Bookmarks The Easy Way [Updated]",515,https://www.ampercent.com/delicious-shutting-down-export-delicious-bookmarks-migrate-google/7600/,General
2010,18-12-2010,"Download Microsoft Security Essentials 2.0 For Better System Protection",643,https://www.ampercent.com/download-microsoft-security-essentials-2-better-system-protection/7614/,General
2010,19-12-2010,"The Influence Of Social Media On Search Rankings",806,https://www.ampercent.com/the-influence-of-social-media-on-search-rankings/7615/,General
2010,20-12-2010,"20 + Apps, Plugins And Tutorials For Dropbox Fans",1595,https://www.ampercent.com/dropbox-apps-tips-tricks-tutorials/7044/,General
2010,20-12-2010,"Here&#8217;s How You Can Add Emojis to Tweets!",748,https://www.ampercent.com/add-emojis-to-tweets/7624/,General
2010,21-12-2010,"High Definition Christmas Wallpapers And Windows7 Themes For Christmas 2010",639,https://www.ampercent.com/high-definition-christmas-wallpapers-windows7-themes-2010/7626/,General
2010,23-12-2010,"Facebook Profile Image Trick: Give An Attractive Look To Your Facebook Profile",869,https://www.ampercent.com/facebook-profile-image-trick-hack-tagged-photos/7642/,General
2010,25-12-2010,"How To Delete a Facebook Photo Album",685,https://www.ampercent.com/how-to-delete-a-facebook-photo-album/7657/,General
2010,26-12-2010,"How To Find Your Computer&#8217;s IP Address",511,https://www.ampercent.com/find-my-computers-ip-address/7659/,General
2010,27-12-2010,"Delete Temporary Files From Your Computer Using CleanMe",585,https://www.ampercent.com/delete-temporary-files-internet-files-computer/7664/,General
2010,31-12-2010,"Top 5 Online Tools to Add Effects to Pictures",1234,https://www.ampercent.com/tools-to-add-effects-to-pictures/7679/,General
2011,03-01-2011,"Find Street View Images Of Popular Locations And Compare How They Looked In History",488,https://www.ampercent.com/find-street-view-images-popular-locations-compare-with-past/7712/,General
2011,04-01-2011,"Formsly Lets you Create Better Contact Us Pages For Your Website",673,https://www.ampercent.com/contact-us-page-widgets-forms/7688/,General
2011,05-01-2011,"Skinput Turns Human Body Into A Touch Screen Finger Input Interface",652,https://www.ampercent.com/skinput-human-body-touch-screen-interface/7747/,General
2011,07-01-2011,"Now Upload Video Files To Your Google Docs Account",897,https://www.ampercent.com/upload-video-files-google-docs-video-player/7760/,General
2011,07-01-2011,"AskKids.com: A Search Engine For Kids, From Ask.com",689,https://www.ampercent.com/child-friendly-search-engine-safe-content/7710/,General
2011,08-01-2011,"Dropico Lets You Upload And Share Images Across Multiple Social Sites",521,https://www.ampercent.com/dropico-lets-you-upload-and-share-images-across-multiple-social-sites/7714/,General
2011,08-01-2011,"Remove Duplicate Values In An Excel Spreadeet Using Filters And Conditional Formatting",764,https://www.ampercent.com/remove-duplicate-values-excel/7769/,General
2011,10-01-2011,"Keyboard Shortcuts Of Facebook That Save You Time",529,https://www.ampercent.com/facebook-keyboard-shortcuts/7779/,General
2011,10-01-2011,"GrindStone Helps You To Keep Track Of Time Spent On Different Tasks",587,https://www.ampercent.com/keep-track-of-time-spent-on-tasks/7741/,General
2011,11-01-2011,"Use System File Checker to Repair Missing or Corrupt Files in Windows 7",625,https://www.ampercent.com/repair-corrupt-windows-files-system-file-cheker-windows7/7743/,General
2011,12-01-2011,"Add Language Translation To Your Website Using Google Translate AJAX API",845,https://www.ampercent.com/add-language-translation-website-google-translate-ajax-api/7803/,General
2011,14-01-2011,"Generate One Time Passwords For Your WordPress Blog &#8211; Prevent Keylogging Attacks On Public Computers",977,https://www.ampercent.com/one-time-passwords-wordpress-blog-prevent-keylogging/7720/,General
2011,15-01-2011,"Find The Range And Network Coverage Of Your Wireless Network Connection",613,https://www.ampercent.com/find-range-wireless-network-coverage-of-your-wireless-network-coverage/7818/,General
2011,17-01-2011,"XPUD: A Mini Operating System That Runs From Your USB Stick",763,https://www.ampercent.com/install-portable-operating-system-usb-stick-xpud/7572/,General
2011,18-01-2011,"Trunk.ly Enables Easy Search Of Twitter, Facebook And Delicious Links",549,https://www.ampercent.com/search-links-shared-on-facebook-twitter-delicious-trunkly/7839/,General
2011,18-01-2011,"A Portable Solution To Update Drivers For Windows XP, Vista and 7",456,https://www.ampercent.com/slimdrivers-backup-restore-update-drivers-windows-7-vista-xp/7831/,General
2011,19-01-2011,"How To Reduce Printing Costs Of Office Documents &#8211; Save Ink And Paper",1110,https://www.ampercent.com/reduce-printing-costs/7876/,General
2011,19-01-2011,"Easily Unsubscribe From All Facebook Groups And Prevent People From Adding You To A Facebook Group",638,https://www.ampercent.com/unsubscribe-from-facebook-groups/7881/,General
2011,20-01-2011,"Using Windows 7 Task Scheduler &#8211; Run Programs At A Specific Time",537,https://www.ampercent.com/using-windows-7-task-scheduler-to-run-any-installed-program/7744/,General
2011,22-01-2011,"5 Best Online File Conversion Tools To Convert Files From One Format To Another",1114,https://www.ampercent.com/online-file-conversion-tools/7915/,General
2011,24-01-2011,"How To Install A Program Using Compatibility Mode In Windows 7",555,https://www.ampercent.com/run-install-programs-in-windows-7-compatibilitymode/7960/,General
2011,24-01-2011,"Add a Mini GrooveShark Player To Google Chrome : Control Playlists From Any Tab",587,https://www.ampercent.com/grooveshark-player-google-chrome/7969/,General
2011,25-01-2011,"Vid.ly Let&#8217;s You Stream Videos To Any Browser Or Mobile Device Without Manual Transcoding",773,https://www.ampercent.com/vidly-stream-videos-desktop-mobile-tablets-no-transcoding/7976/,General
2011,25-01-2011,"Use Google Cloud Print And Gmail Mobile to Print From Anywhere",489,https://www.ampercent.com/google-cloud-print-print-gmail-mobile-smartphone/7984/,General
2011,25-01-2011,"Try The New Improved Bing Image Search",641,https://www.ampercent.com/improved-bing-image-search/7989/,General
2011,25-01-2011,"Amazing Ways To Get The Best Out Of Your USB Drives [List]",1196,https://www.ampercent.com/best-usb-device-hacks/5071/,General
2011,25-01-2011,"Qwiki: A Full Media Immersion Search Engine With Better Relevance",585,https://www.ampercent.com/qwiki-full-media-search-engine/7994/,General
2011,26-01-2011,"How To Auto ShutDown Your Computer After Dropbox Finishes Downloading All Files",861,https://www.ampercent.com/shutdown-standby-sleep-computer-dropbox-sync/8006/,General
2011,26-01-2011,"KooBits: A Digital Shelf for Your EBook Collection",472,https://www.ampercent.com/koobits-a-digital-shelf-for-your-ebook-collection/7997/,General
2011,27-01-2011,"How To Set Up MX Records For Google Apps Email From Your Website&#8217;s Cpanel",949,https://www.ampercent.com/setting-up-google-apps-mx-records-cpanel-hosting/8015/,General
2011,28-01-2011,"RockMelt: Welcome To Integrated Social Browsing",656,https://www.ampercent.com/rockmelt-social-browser-facebook-twitter-rss/8027/,General
2011,28-01-2011,"Myousic.me Is A Superb HTML5 Music Jukebox For Your Browser And Mobile Devices",510,https://www.ampercent.com/html5-music-player-stream-audio-desktop-mobile/8049/,General
2011,31-01-2011,"Best Alarm Clock, Stopwatch And Timer Countdown Extensions For Google Chrome",724,https://www.ampercent.com/best-alarm-clock-stopwatch-and-timer-countdown-extensions-for-google-chrome/8071/,General
2011,01-02-2011,"How To Find The Location From Where An Email Message Is Coming",740,https://www.ampercent.com/find-email-address-message-location-traceroute/8064/,General
2011,01-02-2011,"A Complete Guide On Filtering RSS Feeds And Managing Information Overload In RSS Readers",1470,https://www.ampercent.com/filter-keywords-rss-feeds-reduce-clutter/7599/,General
2011,02-02-2011,"Proxlet Blocks Annoying Tweets, Retweets, HashTags And Spam Mentions On Your Twitter Timeline",568,https://www.ampercent.com/block-twitter-spam-apps-mentions/8036/,General
2011,03-02-2011,"You Just Need A Browser To Chat With All Your Friends Anytime Anywhere",533,https://www.ampercent.com/imo-web-based-chat-on-facebook-gtalk-skype-yahoo-jabber-myspace-aim-msn/8097/,General
2011,03-02-2011,"How To Setup Facebook Login Alerts",660,https://www.ampercent.com/how-to-setup-facebook-login-alerts-know-when-your-facebook-account-gets-hacked/8108/,General
2011,03-02-2011,"Bing Webmaster Tools Now Shows Detailed Traffic Data, Impressions And Click Through Rates",809,https://www.ampercent.com/bing-webmaster-tools-now-shows-detailed-traffic-data-impressions-and-click-through-rates/8144/,General
2011,06-02-2011,"Think Twice Before You Share Your Phone Number WIth Anyone",600,https://www.ampercent.com/dirty-phone-reviews-dirtyphonebook/8060/,General
2011,06-02-2011,"How To Delete Application Permissions From Your Facebook Account",618,https://www.ampercent.com/delete-facebook-application-permissions/8209/,General
2011,06-02-2011,"How To Set Up Remote Desktop Connection Between Two Windows7 Computers",1065,https://www.ampercent.com/remote-desktop-connection-between-windows7/8212/,General
2011,08-02-2011,"Get Upto 9GB Additional Storage Space For Your DropBox and ZumoDrive Account",484,https://www.ampercent.com/increase-dropbox-zumodrive-storage-space-for-free/8148/,General
2011,08-02-2011,"What Is Facebook&#8217;s &#8216;Instant Personalization&#8217; And How To Block It?",510,https://www.ampercent.com/what-is-how-to-stop-facebooks-instant-personalization/8165/,General
2011,09-02-2011,"Use Your Windows PC To Install Apps On Your Android Phone",473,https://www.ampercent.com/android-injector-install-android-apps-from-windows-pc/8182/,General
2011,10-02-2011,"Make eBook Management and Conversion Easy and Simple With Calibre",499,https://www.ampercent.com/manage-convert-ebook-collection-library-calibre/8204/,General
2011,10-02-2011,"Bring More Relevancy To Your Twitter Timeline With My6Sense",624,https://www.ampercent.com/filter-relevant-tweets-my6sense/8307/,General
2011,10-02-2011,"Firefox 4 Beta 11 Lets You Opt Out of Ad Tracking",400,https://www.ampercent.com/firefox-4-opt-out-ad-tracking/8322/,General
2011,10-02-2011,"Turn Your PC Into A Standalone Music Server With FireFly",464,https://www.ampercent.com/share-music-over-network-with-firefly/8121/,General
2011,12-02-2011,"How To Search YouTube Effectively With Google Search Operators",621,https://www.ampercent.com/youtube-video-search-tips-google-search-operators/8298/,General
2011,12-02-2011,"How To Permanently Delete Confidential Data From Your Computer Using Eraser",613,https://www.ampercent.com/delete-files-permanently-computer-hard-drive/8344/,General
2011,14-02-2011,"Design Printable Calendars With Images And ToDo Lists Online",537,https://www.ampercent.com/create-a-calendar-photos-printable-online-free/8255/,General
2011,15-02-2011,"How To Get Rid Of Crawl Errors And 404 Not Found Errors in Google Webmaster Tool Reports",1873,https://www.ampercent.com/remove-crawl-errors-404-not-found-errors-in-google-webmaster-tool/8380/,General
2011,16-02-2011,"Use Picasa For Easy Cross-Platform Photo Screensaver Customization",527,https://www.ampercent.com/picasa-google-photo-screensavers-cross-platform-easy-customization/8278/,General
2011,16-02-2011,"All Of The Many Wonderful Things You Can Do With Docstoc.com",550,https://www.ampercent.com/upload-share-embed-sell-backup-documents-online/8353/,General
2011,17-02-2011,"Quickly Host A Static Website With StatiCloud &#8211; No Registrations And Nothing To Configure",534,https://www.ampercent.com/host-upload-static-websites-staticloud/8452/,General
2011,17-02-2011,"IPv4 To IPv6 Transition – Is It A Costly Affair?",494,https://www.ampercent.com/ipv4-to-ipv6-transition/8406/,General
2011,17-02-2011,"Organize Your Movie Collection, Find Them Easily And Play Them With Moovida",519,https://www.ampercent.com/moovida-download-free-movie-manager-collection/8441/,General
2011,17-02-2011,"SlideShare ZipCast: Online Conferencing For Your PowerPoint Presentation",464,https://www.ampercent.com/online-conferecing-powerpoint-presentations-slideshare/8461/,General
2011,17-02-2011,"SEO Misconceptions You Should Avoid",699,https://www.ampercent.com/seo-misconceptions/8262/,General
2011,23-02-2011,"How to Use the Excel VLOOKUP Function for a Range of Unknown Size",521,https://www.ampercent.com/use-excel-vlookup-function-unknown-range/8515/,General
2011,24-02-2011,"HTML5 Support In Firefox &#8211; Everything You Wanted To Know",665,https://www.ampercent.com/enable-or-disable-html5-in-firefox-4-with-html5-toggle-firefox-add-on/8518/,General
2011,25-02-2011,"Afraid That Websites Are Tracking Your Personal Information ?",460,https://www.ampercent.com/stop-websites-search-engines-tracking-visitor-cookies/8520/,General
2011,28-02-2011,"Lost Emails From Gmail Inbox ? You Are Not Alone.",668,https://www.ampercent.com/gmail-emails-deleted/8550/,General
2011,01-03-2011,"Chat Or Discuss With Like Minded People On AnyBodyOutThere.com",674,https://www.ampercent.com/chat-discuss-with-like-minded-people-online-strangers/8552/,General
2011,02-03-2011,"Facebook Rolls Out Comments System For Blogs And Websites",1225,https://www.ampercent.com/add-facebook-comments-social-plugin-blogs-websites/8564/,General
2011,02-03-2011,"Comics Are Beautiful and Sociable with Graphic.ly",636,https://www.ampercent.com/read-buy-download-online-comics/8561/,General
2011,03-03-2011,"CloudaTag Stores Photos And Videos In The Cloud, Let&#8217;s You Geotag Photos And Stream Videos",507,https://www.ampercent.com/cloud-photo-video-storage-geotagging-pictures-video-streaming/8546/,General
2011,03-03-2011,"Heavy Computer User? Protect Your Vision Reminds You To Take Frequent Breaks",734,https://www.ampercent.com/protect-eyes-computer-vision-syndrome-exercises/8580/,General
2011,05-03-2011,"Scribd: An Innovative Document Sharing Web Application For Readers and Publishers",470,https://www.ampercent.com/upload-share-embed-documents-scribd/8536/,General
2011,05-03-2011,"Know Which Of Your Site&#8217;s Pages Are Getting Retweeted",481,https://www.ampercent.com/know-which-pages-retweets-blog-posts/8604/,General
2011,07-03-2011,"How To Setup a Home Web Server On Your Windows Computer With Apache [DIY]",1658,https://www.ampercent.com/install-home-web-server-windows-apache/8609/,General
2011,07-03-2011,"Check Out Mozilla&#8217;s App Store &#8211; Install Web Apps On Any Device, Any Browser",602,https://www.ampercent.com/mozilla-web-apps-store-install-web-apps-any-browser/8621/,General
2011,08-03-2011,"3 Changes In IE9 That Made It Better Than Its Predecessors",738,https://www.ampercent.com/internet-explorer-9-new-features/8619/,General
2011,10-03-2011,"Need A Complete Solution For Your Blu-ray DVDs? Try DVDFab",812,https://www.ampercent.com/backup-burn-blu-ray-discs-copy-rip-dvdfav/8642/,General
2011,12-03-2011,"WordPress Adds Guided Transfers of WordPress.com blogs To Self Hosted WordPress",465,https://www.ampercent.com/transfer-wordpresscom-blog-self-hosted-wordpress-premium-service/8661/,General
2011,12-03-2011,"Check Your Site&#8217;s Loading Time On Different Geographic Locations",530,https://www.ampercent.com/check-website-loading-time-different-locations/8664/,General
2011,14-03-2011,"LinkedIn Launches Social Tool To Filter Top Content Shared By Your Social Connections",505,https://www.ampercent.com/linkedin-today-news-portal-graph/8674/,General
2011,14-03-2011,"Chat With Facebook Friends From Yahoo Email Inbox Or Yahoo Messenger Desktop Client",669,https://www.ampercent.com/chat-facebook-friends-yahoo-email/8676/,General
2011,16-03-2011,"The Best Screen Capture Tools And Extensions For Google Chrome",1037,https://www.ampercent.com/screen-capture-extensions-google-chrome/8690/,General
2011,16-03-2011,"Buffer Lets You Schedule Tweets In Bulk, At Particular Time Of The Day",495,https://www.ampercent.com/schedule-tweets-in-bul/8693/,General
2011,16-03-2011,"Google Docs Adds Threaded Comments, Invites Easier Discussion And Smooth Collaboration",944,https://www.ampercent.com/google-docs-comments-replies-mentions/8700/,General
2011,17-03-2011,"The Problems With Facebook Comment Box Social Plugin",758,https://www.ampercent.com/facebook-comment-box-social-plugin-seo-disadvantages/8701/,General
2011,18-03-2011,"Find Out Which Files And Folders Are Consuming Large Disk Space On Your System",670,https://www.ampercent.com/find-files-folders-large-disk-space-windows/8710/,General
2011,24-03-2011,"How To Filter Data In Google Docs Spreadsheets",477,https://www.ampercent.com/filter-data-google-docs-spreadsheets/8774/,General
2011,24-03-2011,"Views.fm Turns Your Dropbox Shared Folders Into Sleek Photo Galleries",516,https://www.ampercent.com/dropbox-photo-galleries/8775/,General
2011,24-03-2011,"How To Embed Custom Codes In The Middle Of A WordPress Loop",798,https://www.ampercent.com/embed-html-php-codes-middle-of-wordpress-loop/8785/,General
2011,25-03-2011,"5 Gmail Labs Features Worth Taking The Time To Try Out",548,https://www.ampercent.com/gmail-labs-features-quote-text-quick-links-green-robot-picasa-flickr-preview-unread-count/8718/,General
2011,25-03-2011,"Create Custom Hotkeys In Microsoft Outlook &#8211; Move To Folder, Signature, Send or Macro",739,https://www.ampercent.com/add-custom-outlook-hotkeys/8809/,General
2011,25-03-2011,"You Can&#8217;t Turn Off The Clutter Of Facebook Questions From News Feed",520,https://www.ampercent.com/turn-off-facebook-questions-news-feed/8810/,General
2011,28-03-2011,"Yet Another Paypal Block For Indian Users",687,https://www.ampercent.com/paypal-problem-for-indian-users-no-domestic-payments-with-credit-cards/8738/,General
2011,29-03-2011,"Easily Become An Animated Cartoonist With GoAnimate",533,https://www.ampercent.com/goanimate-create-cartoon-online-free/8821/,General
2011,31-03-2011,"Facebook Questions Allows You To Ask And Answer Questions With Your Friends",548,https://www.ampercent.com/facebook-questions-for-friends-create-polls/8841/,General
2011,31-03-2011,"How To Remove All Facebook Questions And Turn Off Questions Notifications From Facebook",573,https://www.ampercent.com/remove-facebook-questions-turn-off-notifications/8879/,General
2011,01-04-2011,"Let Your Social Fans Follow You On All Social Networks With FullyFollow.me",464,https://www.ampercent.com/connect-on-all-social-sites/8882/,General
2011,03-04-2011,"Create Your Own Web Based Twitter And Facebook Status Updater Using PHP And OAuth",952,https://www.ampercent.com/twitter-facebook-status-updater-php-oauth/8893/,General
2011,04-04-2011,"Export Google Chrome History To CSV, Text Or HTML File With Chrome History View",324,https://www.ampercent.com/export-google-chrome-history-csv-text-html/8900/,General
2011,04-04-2011,"Sticky Password: Manage And Carry Your Passwords and Personal Information Effectively",622,https://www.ampercent.com/free-portable-password-manager-stickypassword/8812/,General
2011,04-04-2011,"7 Top Free Tools to Reduce Computer Eye Strain",773,https://www.ampercent.com/tools-to-reduce-computer-eye-strain/8862/,General
2011,06-04-2011,"How To Install a Mobile Theme On Your WordPress Blog, And Why You Should",743,https://www.ampercent.com/mobile-optimized-theme-wordpress/8929/,General
2011,08-04-2011,"AVG LiveKive: Another Cloud Sync And File Backup Service Offering Hefty Online Storage For Free",556,https://www.ampercent.com/av-livekive-online-file-backup-serviceg/8955/,General
2011,09-04-2011,"Post Blog Updates To Multiple Social Networks With Dlvr.it",465,https://www.ampercent.com/dlvr-it-publish-blog-rss-feed-to-facebook-twitter-linkedin-googlebuzz/8889/,General
2011,10-04-2011,"How To Play Classic DOS Games On Windows7 Or Windows Vista",656,https://www.ampercent.com/how-to-play-classic-dos-games-on-windows7-or-windows-vista/8986/,General
2011,11-04-2011,"Turn FeedDemon Into A Portable RSS Reader With This Registry Trick&ndash;Run FeedDemon From Any Computer",546,https://www.ampercent.com/feeddemon-portable-run-feeddemon-from-usb-drive/8993/,General
2011,11-04-2011,"Schedule Firefox Downloads At Specific Time Of The Day With Download Scheduler",550,https://www.ampercent.com/schedule-firefox-downloads/9004/,General
2011,12-04-2011,"Send Print Jobs Of Google Docs Documents And Spreadsheets From Your Mobile Device",485,https://www.ampercent.com/send-print-jobs-of-google-docs-documents-and-spreadsheets-from-your-mobile-device/9012/,General
2011,12-04-2011,"Wanna Undo Your Facebook Profile To Page Migration? Sign an appeal",495,https://www.ampercent.com/undo-facebook-profile-account-to-page-migration/9022/,General
2011,12-04-2011,"Move Your Blogging To Your Browser with ScribeFire",529,https://www.ampercent.com/cross-platform-blogging-editor-scribefire/8922/,General
2011,16-04-2011,"Which Programs Are Configured To Run During Windows Startup ? Find out And Fix Slow Booting Of Windows",674,https://www.ampercent.com/remove-windows-startup-entries-autoruns/9040/,General
2011,17-04-2011,"Greplin Wants To Be The Search Box Of Your Life",980,https://www.ampercent.com/personal-search-engine-search-email-facebook-twitter-google-docs-profiles-email/9043/,General
2011,18-04-2011,"TED Notepad Is An Awesome Notepad Replacement Program For Windows",758,https://www.ampercent.com/better-windows-notepad-text-editor-replacement/7905/,General
2011,18-04-2011,"How To Change Your Routers Default Password To A Custom One",560,https://www.ampercent.com/change-router-password-wireless-network-modem/9061/,General
2011,19-04-2011,"Groupme Takes SMS Texting To The Next Level, Let&#8217;s You Create Private SMS Groups",709,https://www.ampercent.com/group-sms-texting-private-social-network/9056/,General
2011,20-04-2011,"Don&#8217;t Want to Give Your Real Email Address To Another Website? Try Mallinator",666,https://www.ampercent.com/reduce-email-spam-temporary-email-address/9078/,General
2011,20-04-2011,"WordPress Image Attachment Pages Can Sometimes Hurt Your Site&#8217;s SEO",946,https://www.ampercent.com/prevent-indexing-wordpress-image-attachment-pages/9082/,General
2011,25-04-2011,"Power Twitter For Google Chrome Adds Useful Features To Twitter&rsquo;s New Interface",510,https://www.ampercent.com/power-twitter-for-google-chrome-adds-useful-features-to-twitters-new-interface/9100/,General
2011,03-05-2011,"YouTube Partners Get The Ability to Schedule Video Publishing At A Custom Date Or Time",509,https://www.ampercent.com/schedule-youtube-video-uploads-publish-date-time/9112/,General
2011,03-05-2011,"Which Twitter Profiles Are Sending Maximum Traffic To Your Site ? Find Out With the New Google Analytics",755,https://www.ampercent.com/which-twitter-profiles-are-sending-maximum-traffic-to-your-site-find-out-with-the-new-google-analytics/9139/,General
2011,05-05-2011,"Adobe Flash Player 10.3 Lets You Delete Flash Cookies Directly From Your Browser",588,https://www.ampercent.com/adobe-flash-player-10-3-lets-you-delete-flash-cookies-directly-from-your-browser/9145/,General
2011,09-05-2011,"How To Format A Webpage To Get A Clutter Free And Easy Reading Environment",691,https://www.ampercent.com/clutter-free-reading-text-only-version-webpage/9173/,General
2011,10-05-2011,"Google Images Sort By Subject: Find More Relevant Photos In Google Image Search",518,https://www.ampercent.com/sort-google-images-photos-by-subject/9175/,General
2011,10-05-2011,"Google&#8217;s Cloud Music Player Coming Tomorrow?",561,https://www.ampercent.com/google-cloud-music-player/9189/,General
2011,12-05-2011,"A Complete Guide on Saving Your Android&#8217;s Battery Life",1455,https://www.ampercent.com/save-android-battery-life-extend-power-usage/9214/,General
2011,12-05-2011,"Adobe&#8217;s Create PDF Lets You Create PDF Documents From Your Android Device",515,https://www.ampercent.com/create-pdf-documents-from-android-adobe-create-pdf-app/9216/,General
2011,13-05-2011,"How to Stop SMS Messages From Facebook And Opt Out Of Login Alerts",567,https://www.ampercent.com/stop-sms-messages-facebook-notifications/9220/,General
2011,13-05-2011,"Problems Adding YouTube Video in WordPress Posts ?",832,https://www.ampercent.com/add-youtube-videos-wordpress-posts/5833/,General
2011,14-05-2011,"How To Setup Facebook Login Approvals For A More Secured Facebook Experience",636,https://www.ampercent.com/facebook-login-approvals/9245/,General
2011,22-05-2011,"A Heatmap Of Sponsored Results on Google SERP&#8217;s &#8211; Second Ad Beats the First?",492,https://www.ampercent.com/heatmap-of-sponsored-results-google/9285/,General
2011,22-05-2011,"Facebook And Twitter Buttons Can Track User Behavior",555,https://www.ampercent.com/facebook-twitter-buttons-collect-user-data/9287/,General
2011,23-05-2011,"Remove Unnecessary Codes From The Head Section of Your WordPress Theme",801,https://www.ampercent.com/remove-unnecessary-codes-from-the-head-section-of-your-wordpress-theme/9294/,General
2011,25-05-2011,"Evernote&#8217;s Chrome Extension Makes Web Clipping Easier: Search The Web And Your Notes Simultaneously",804,https://www.ampercent.com/evernote-chrome-extension-search-notes-save-webpages/9308/,General
2011,26-05-2011,"Use YouTube&#8217;s Artist Page To Find All Music Videos Of A Singer Or Band",544,https://www.ampercent.com/youtube-music-artist-page/9310/,General
2011,26-05-2011,"10 Best Photo Editing Apps For iPhone4",544,https://www.ampercent.com/photo-editing-apps-iphone4/9313/,General
2011,26-05-2011,"3 Ways to Convert RSS Feeds To PDF NewsLetters",666,https://www.ampercent.com/convert-rss-feeds-to-pdf/6058/,General
2011,27-05-2011,"Firefox Nightly Build Adds Better Privacy Controls Using An About:Permissions Page",718,https://www.ampercent.com/firefox-about-permissions-page-control-user-privacy/9315/,General
2011,30-05-2011,"How To Backup Your Entire Hard Drive In Case Of A System Crash Or When Windows Fails To Boot",1778,https://www.ampercent.com/backup-files-folders-windows-boot-failure/9325/,General
2011,30-05-2011,"Remote Notifier For Android Sends Phone Notifications To Your Desktop Computer",584,https://www.ampercent.com/android-remote-notifier-sends-notifications-desktop/9331/,General
2011,08-06-2011,"Mastering Bing Search With Simple Commands: 10 Advanced Bing Search Tricks You Should Know",1271,https://www.ampercent.com/bing-search-tips-commands/9282/,General
2011,09-06-2011,"How To Use DiskPart Command To Recover Missing Or Unallocated Space On A USB Drive",972,https://www.ampercent.com/recover-lost-space-removable-usb-drive/9352/,General
2011,11-06-2011,"YouTube Launches Social Pages For Websites, And Here Is Your Guide For Optimizing Video Content For Search Engines",1266,https://www.ampercent.com/video-seo-optimization-youtube-social-pages/9364/,General
2011,14-06-2011,"How Multiple People Can Collaborate On A Single YouTube Channel",550,https://www.ampercent.com/upload-videos-youtube-channel-without-knowing-username-password/9374/,General
2011,16-06-2011,"Monitor Your Online Reputation With Google&#8217;s Reputation Management Tool &#8220;Me On The Web&#8221;",1141,https://www.ampercent.com/monitor-online-mentions-reputation-management-google/9384/,General
2011,21-06-2011,"Qualys Browser Check Secures Your Browser by Suggesting Which Plugins Needs To Be Updated",612,https://www.ampercent.com/secure-browser-update-outdated-plugins-extensions/9407/,General
2011,22-06-2011,"A Complete Guide On Using Amazon S3 As a Content Delivery Network For Your Website",1626,https://www.ampercent.com/using-amazon-s3-content-delivery-network-hosting-images/9409/,General
2011,23-06-2011,"Lytro Camera Wants To Change the Way You Take Pictures",569,https://www.ampercent.com/lytro-cameras-take-pictures-adjust-focus-point/9416/,General
2011,25-06-2011,"Using WordPress Custom Fields to Show HTML Codes On Specific Pages Of Your Site",631,https://www.ampercent.com/using-wordpress-custom-fields-outside-loop-showing-custom-html/9418/,General
2011,28-06-2011,"How to Safely Use Facebook From Office Without Getting Caught",732,https://www.ampercent.com/how-to-safely-use-facebook-from-office-without-getting-caught/9421/,General
2011,30-06-2011,"Remotely Upload Files To Your Dropbox Account From Any Computer, Without Using Dropbox Desktop Client",603,https://www.ampercent.com/remotely-upload-files-dropbox-account-without-downloading/9430/,General
2011,30-06-2011,"How To Prevent Sharing And Resharing Of Your Google Plus Posts",479,https://www.ampercent.com/how-to-prevent-sharing-and-resharing-of-your-google-plus-posts/9439/,General
2011,30-06-2011,"How To Import your Facebook Friend List On Google Plus",589,https://www.ampercent.com/how-to-import-your-facebook-friend-list-on-google-plus/9443/,General
2011,01-07-2011,"Plus One Stats In Google Webmaster Tools And Google Analytics",660,https://www.ampercent.com/plus-one-stats-in-google-webmaster-tools-and-google-analytics/9452/,General
2011,02-07-2011,"Let Your Google Plus Friends Send You An Email Without Knowing Your Email Address",876,https://www.ampercent.com/enable-email-sending-option-google-plus/9460/,General
2011,02-07-2011,"How to Send Direct Messages To Your Google Plus Friends",565,https://www.ampercent.com/send-direct-messages-to-google-plus-friends/9466/,General
2011,03-07-2011,"A Guide On Adding Support For Authorship Markup In Your WordPress Blog",1197,https://www.ampercent.com/adding-author-markup-wordpress-rel-author/9474/,General
2011,04-07-2011,"Get Google Plus Notifications While You Are Not On Google Plus",508,https://www.ampercent.com/google-plus-notifications-chrome/9481/,General
2011,06-07-2011,"WordPress Tip &#8211; Find All Pages of Your Site Which Don&#8217;t Have a Meta Description or Title Tag",633,https://www.ampercent.com/find-missing-seo-data-meta-description-title-tags/9490/,General
2011,07-07-2011,"Automatically Share Google Plus Posts On Facebook Account",694,https://www.ampercent.com/share-google-plus-posts-facebook/9507/,General
2011,14-07-2011,"Find People On Google Plus: An Online People Directory Of Google Plus Users",763,https://www.ampercent.com/find-people-on-google-plus-people-search-directory/9526/,General
2011,15-07-2011,"Google Plus Tips And Tricks: Your Guide To Everything Google Plus",1123,https://www.ampercent.com/google-plus-tips-tricks-shortcuts/9533/,General
2011,16-07-2011,"Extract Zip And RAR Files In Google Docs With This Chrome Extension",638,https://www.ampercent.com/extract-open-zip-rar-files-gmail-google-docs/9535/,General
2011,21-07-2011,"Download Your Google Plus One Pages And Stream Data As An HTML File",790,https://www.ampercent.com/download-google-plus-one-pages-posts-status-updates/9557/,General
2011,25-07-2011,"7 Power Tips Which Will Save Your Time Spent On Checking Email",1775,https://www.ampercent.com/save-time-checking-email-everyday/9563/,General
2011,28-07-2011,"Google Page Speed Service Promises To Improve your Site&#8217;s Loading Time",879,https://www.ampercent.com/google-page-speed-service-cdn/9579/,General
2011,03-08-2011,"Using Facebook, Twitter And Google Plus From A Single Browser Tab &#8211; A Complete Guide",1005,https://www.ampercent.com/post-to-google-plus-facebook-twitter-one-location/9597/,General
2011,04-08-2011,"Improve The Indexing Of Your Website&#8217;s Recently Updated Pages Using Fetch As GoogleBot In Google Webmaster Tools",1166,https://www.ampercent.com/increase-crawl-rate-faster-indexing-google/9598/,General
2011,09-08-2011,"Have a Thousand Friends on Facebook? Use This App To Automatically Create Facebook Friend Lists",981,https://www.ampercent.com/quickly-create-facebook-friend-lists/9603/,General
2011,10-08-2011,"Record And Save Audio Recordings In Evernote For Windows And MAC",481,https://www.ampercent.com/record-audio-evernote-save-audio-notes/9617/,General
2011,13-08-2011,"Different Types of HTTP Status Codes Explained In Layman&#8217;s Term",1108,https://www.ampercent.com/check-http-status-codes-webpage-server-headers/9622/,General
2011,14-08-2011,"Mozilla&#8217;s Browser ID Login System &#8211; One Username And Password is All You Have To Remember",867,https://www.ampercent.com/mozillas-browser-id-login/9628/,General
2011,14-08-2011,"Having Problems Connecting Your Android To Home Wi-Fi Router? Troubleshoot Your Android For Proper Internet Connectivity",589,https://www.ampercent.com/android-not-connecting-wi-fi-wireless-network/9632/,General
2011,15-08-2011,"Test How Your Website Looks In An iPhone, iPad And Mobile Devices From A Desktop Computer",916,https://www.ampercent.com/test-website-design-iphone-ipad-mobile-devices/7075/,General
2011,17-08-2011,"How To Bulk Upload Photos And Videos To Your Facebook Account From Android",615,https://www.ampercent.com/bulk-upload-photos-videos-facebook-android-app/9670/,General
2011,18-08-2011,"Adding Authorship Markup On Your Website Using Special Anchors And URL Parameters",588,https://www.ampercent.com/adding-authorship-markup-using-url-parameters/9676/,General
2011,19-08-2011,"Follow Lyrics Of Your Favorite Numbers While You Listen To Them",507,https://www.ampercent.com/show-view-song-lyrics-windows-media-player-vlc-itunes-winamp-songbird/9681/,General
2011,24-08-2011,"Keep Your Real Email Address Hidden From Facebook Applications And Games",517,https://www.ampercent.com/avoid-sharing-email-address-facebook-games-apps/9685/,General
2011,28-08-2011,"Restrict Access To Specific Android Apps With Android Parental Control",593,https://www.ampercent.com/restrict-android-app-access/9687/,General
2011,29-08-2011,"Split Large Folders Into Smaller Subfolders And Make File Management A Breeze",740,https://www.ampercent.com/split-large-folders-small-subfolders-same-file-type/9684/,General
2011,03-09-2011,"YouTube Adds Support For Resumable Video Uploads",362,https://www.ampercent.com/resume-incomplete-video-uploads-youtube/9692/,General
2011,07-09-2011,"Record A Video Of Your Android Screen Using Screencast Recorder",813,https://www.ampercent.com/record-a-video-of-your-android-screen-using-screencast-recorder/9694/,General
2011,12-09-2011,"Facebook Wants Users To Increase Their Account Security",949,https://www.ampercent.com/increase-facebook-account-security/9696/,General
2011,13-09-2011,"How To Change Or Recover Your Facebook Mobile Upload Email Address",464,https://www.ampercent.com/change-recover-facebook-mobile-upload-email-address/9698/,General
2011,14-09-2011,"Windows Live Skydrive To Get Full On Integration In Windows 8",632,https://www.ampercent.com/windows8-windows-live-skydrive/9700/,General
2011,14-09-2011,"Facebook To Introduce Automated Smart Friend Lists In Coming Weeks",809,https://www.ampercent.com/facebook-to-introduce-automated-smart-friend-lists-in-coming-weeks/9702/,General
2011,23-09-2011,"The New Facebook &#8211; A Complete New Way Of Sharing And Telling Who You Are",692,https://www.ampercent.com/new-facebook-timeline-opengraph-f8-developer-conference-2011/9717/,General
2011,24-09-2011,"Your Facebook Timeline Tells You Who Unfriended You On Facebook &#8230; Sort Of",502,https://www.ampercent.com/who-unfriended-me-on-facebook-timeline/9728/,General
2011,24-09-2011,"Mozy Data Shuffle Backs Up 100GB Of Data Via Snail Mail, No Uploads Required",551,https://www.ampercent.com/offsite-file-data-backup-mozy-data-shuffle/9732/,General
2011,04-10-2011,"How to Convert Scanned PDF Documents to Plain Text using Google Docs",628,https://www.ampercent.com/convert-scanned-pdf-documents-to-text-using-google-docs/9745/,General
2011,06-10-2011,"WordPress Dashboard Shows 0 Posts? Your Site Isn&#8217;t Hacked",475,https://www.ampercent.com/wordpress-0-posts-database-error/9751/,General
2011,06-10-2011,"Facebook Now Allows Inline Language Translations For Page Content And Comments",531,https://www.ampercent.com/facebook-language-translations-page-content-comments/9753/,General
2011,11-10-2011,"If Your Ringtones Personify You, Here Are Some Free Tools To Personalize Them",855,https://www.ampercent.com/free-ringtone-maker-windows-android-iphone-online-web/9756/,General
2011,12-10-2011,"Speed Up Your Slow Computer With Auslogics BoostSpeed 5 Pro: [Winners Announced]",680,https://www.ampercent.com/speed-up-slow-computer-auslogics-bootspeed-pro-licenses/9738/,General
2011,14-10-2011,"Transfer Files Between Your Google Docs And Dropbox Account With Otixo",703,https://www.ampercent.com/transfer-files-between-your-google-docs-and-dropbox-account-with-otixo/9769/,General
2011,17-10-2011,"When Some Websites Do Not Open On Your Computer &#8211; Troubleshooting Guide",1282,https://www.ampercent.com/some-websites-never-open-on-your-computer/9776/,General
2011,27-10-2011,"Comindware Task Manager: A Complete Event Management Solution For Windows",480,https://www.ampercent.com/comindware-free-task-manager-windows/9800/,General
2011,02-11-2011,"Opera Reader Bids Good Bye to Scroll Bars on Webpages",586,https://www.ampercent.com/opera-reader-tablet-reading-experience-desktop/9815/,General
2011,08-11-2011,"Using Dropbox For Business, Company Or Within An Organization",794,https://www.ampercent.com/using-dropbox-for-business-company-organization/9826/,General
2011,27-11-2011,"How To Migrate WordPress Media Directory From One Folder To Another &#8211; A Guide",796,https://www.ampercent.com/moving-wordpress-images-media-folder/9845/,General
2011,28-11-2011,"Bulk Upload Photos to Facebook, Twitter And Google Plus &#8211; All At The Same Time",864,https://www.ampercent.com/bulk-upload-photos-facebook-twitter-google-plus/9855/,General
2011,07-12-2011,"Clean Up Your Facebook Timeline Using Facebook Activity Log",801,https://www.ampercent.com/clean-up-facebook-profile-timeline-activity-log/9877/,General
2011,20-12-2011,"Google&#8217;s Advice: Stick With The Default Font Family For Adsense Ads",559,https://www.ampercent.com/adsense-default-font-family/9900/,General
2011,26-12-2011,"Track Internet Data Usage On Your Android Phone With These Free Apps",961,https://www.ampercent.com/monitor-track-internet-data-usage-android/9885/,General
2011,30-12-2011,"Desktop Plagiarism Checker Lets You Cross Check Text Files, Word Documents And PDF&#8217;s For Copied Content",673,https://www.ampercent.com/check-duplicate-content-text-files-word-documents-pdf/9913/,General
2012,04-01-2012,"How To Know The Release Dates Of Movies, Music Albums And DVDs",765,https://www.ampercent.com/know-release-dates-movies-music-albums-dvds/9919/,General
2012,17-01-2012,"Use Google&#8217;s QR Code Login System For Logging Into Your Google Account On Public Computers [Android]",445,https://www.ampercent.com/google-qr-code-login-android/9931/,General
2012,06-02-2012,"5 Thing To Remember Before Using Popups On WordPress",565,https://www.ampercent.com/make-wordpress-popups-less-obtrusive/9956/,General
2012,08-02-2012,"Google: Spam Links To Non Existent 404 Pages On Your Site Won&rsquo;t Hurt Rankings Of Existing Pages",1168,https://www.ampercent.com/spam-links-404-pages-rankings/9962/,General
2012,13-02-2012,"Save And Restore Custom Browsing Sessions In Google Chrome And Firefox",809,https://www.ampercent.com/save-restore-custom-browsing-sessions-chrome-firefox/9938/,General
2012,15-02-2012,"Google Chrome Will Soon Get A Secure Password Generator",486,https://www.ampercent.com/google-chrome-secure-password-generator/9970/,General
2012,22-02-2012,"Soluto Fixes Your Slow Computer, Now Comes With Remote PC Management From The Web",926,https://www.ampercent.com/fix-slow-booting-time-windows-remote-pc-management/9988/,General
2012,24-02-2012,"Get 50 GB of Free Storage Space On Box.Net By Installing The Android App",553,https://www.ampercent.com/increase-free-storage-space-box-net-account/9996/,General
2012,24-02-2012,"Now Automatically Upload Photos And Videos To Dropbox From Android",812,https://www.ampercent.com/auto-upload-photos-videos-dropbox-android-windows/10001/,General
2012,03-03-2012,"How To Stream Audio And Videos From Android To Your Desktop Computer",454,https://www.ampercent.com/stream-audio-videos-android-desktop/9849/,General
2012,10-03-2012,"Minimum System Requirements Required To Run Windows 8 Consumer Preview",778,https://www.ampercent.com/windows8-system-requirements/10029/,General
2012,10-03-2012,"Install Windows 8 Consumer Preview Along Side An Existing Windows Installation",1022,https://www.ampercent.com/install-windows-8-consumer-preview-from-usb-dual-boot/10028/,General
2012,10-03-2012,"Add Shutdown and Restart Buttons On Windows 8 Metro Start Screen",567,https://www.ampercent.com/add-shutdown-restart-buttons-windows-8-metro-start-screen/10031/,General
2012,10-03-2012,"Bring Back The Classic Windows 7 Start Menu in Windows 8 Consumer Preview",727,https://www.ampercent.com/classic-windows-7-start-menu-windows8/10030/,General
2012,14-03-2012,"Sending Webpages From Google Chrome to Android Is Coming Soon [Chrome To Mobile]",801,https://www.ampercent.com/send-webpages-from-google-chrome-android/10088/,General
2012,17-03-2012,"7 Tools To Archive Your Twitter Identity",657,https://www.ampercent.com/backup-archive-twitter-tweets-updates-profile/10120/,General
2012,18-03-2012,"Top 5 Reasons to Store Your Music in the Cloud, And Which Storage Provider You Should Choose?",773,https://www.ampercent.com/store-music-in-cloud-storage-provider-comparison/10103/,General
2012,22-03-2012,"Google Docs Gets An Advanced Contextual Spell Checker",570,https://www.ampercent.com/google-docs-gets-an-advanced-contextual-spell-checker/10150/,General
2012,23-03-2012,"TweetDeck Finally Gets Lists Management And A Bunch Of Interesting Features",804,https://www.ampercent.com/create-manage-twitter-lists-tweetdeck/10155/,General
2012,25-03-2012,"Transfer Open Browser Tabs From One Browser To Another On Any Device",708,https://www.ampercent.com/move-browser-tabs-one-computer-to-another/10149/,General
2012,26-03-2012,"Use File History In Windows 8 To Backup And Restore Files And Folders On A Routine Basis",1164,https://www.ampercent.com/file-history-windows8-backup-files-folders/10172/,General
2012,30-03-2012,"10 Startups That Follow Pinterest For A Different Yet Better Purpose",1313,https://www.ampercent.com/startups-follow-pinterest-model-mashup/10027/,General
2012,03-04-2012,"Turn Off Windows 8 App Notifications To Avoid Distractions",561,https://www.ampercent.com/turn-off-windows-8-app-notifications/10207/,General
2012,04-04-2012,"Declutter Your Facebook News Feed Without Unfriending Or Blocking Friends Permanently",932,https://www.ampercent.com/facebook-acquaintances-list-remove-clutter-facebook-news-feed/10154/,General
2012,06-04-2012,"Get Windows Desktop On Your Android And iOS Tablets",614,https://www.ampercent.com/windows-desktop-on-your-android-ios-tablets-smartphones/10238/,General
2012,10-04-2012,"Create, Organize and Label Groups of App Tiles in Windows 8 Metro Start Screen",762,https://www.ampercent.com/organize-app-tiles-windows-8-metro-start-screen/10184/,General
2012,11-04-2012,"Google Chrome Now Syncs Browser Tabs Across Multiple Devices Including Android",571,https://www.ampercent.com/google-chrome-sync-open-browser-tabs/10254/,General
2012,12-04-2012,"Google Plus Gets A Fresh Coat Of Paint, Adds Cover Photos And More Enhancements",708,https://www.ampercent.com/google-plus-gets-a-fresh-coat-of-paint-adds-cover-photos-and-more-enhancements/10263/,General
2012,12-04-2012,"How To Deal With 404 Pages On Your Website &#8211; Some Useful Advice",1155,https://www.ampercent.com/dealing-with-expired-404-pages/10269/,General
2012,12-04-2012,"Download An Expanded Archive of Your Facebook Account History",504,https://www.ampercent.com/download-an-expanded-archive-of-your-facebook-account-history/10271/,General
2012,23-04-2012,"Twittus Organizes Twitter Updates On Your Facebook Timeline",499,https://www.ampercent.com/organize-tweets-facebook-timeline/10237/,General
2012,25-04-2012,"Google Drive: The First Impressions",1813,https://www.ampercent.com/google-drive-compare-dropbox-skydrive-box-sugarsync-cloud-storage/10297/,General
2012,04-05-2012,"Planning for a movie with friends staying far from each other? Find the middle point with Rendeznew",445,https://www.ampercent.com/middle-point-google-maps-rendeznew/10335/,General
2012,14-05-2012,"GhostBuster Removes Unnecessary Device Information From Windows Registry",737,https://www.ampercent.com/remove-unnecessary-device-information-windows-registry/10341/,General
2012,16-05-2012,"6 Profitable Google Apps for Project Management",1068,https://www.ampercent.com/google-apps-project-management/10348/,General
2012,18-05-2012,"Find Large Files And Folders In Windows With This Simple Search Filter",579,https://www.ampercent.com/find-large-files-folders-windows/10360/,General
2012,21-05-2012,"MindMaple Lite – An Excellent Mind Mapping Software That&#8217;s Free",510,https://www.ampercent.com/mindmaple-free-mind-mapping-software/10385/,General
2012,21-05-2012,"Sanebox Sanitizes Your Inbox That Gets Stuffed Insanely",716,https://www.ampercent.com/sanebox-clear-inbox-clutter-handle-email-overload/10391/,General
2012,22-05-2012,"Sortbox Automatically Sorts Your Dropbox Files Into Different Folders, Just Like Gmail Filters",571,https://www.ampercent.com/organize-dropbox-files-sorting-rules-filters/10399/,General
2012,23-05-2012,"Rest Assured That Data On Your Social Accounts Are Securely Backed Up",705,https://www.ampercent.com/download-backup-facebook-twitter-google-plus-linkedin-viadeo/10417/,General
2012,25-05-2012,"Shutdown Windows Faster With These Simple Tips",623,https://www.ampercent.com/shutdown-windows-faster/10214/,General
2012,02-06-2012,"Refer Products To Your Followers And Earn Rewards For Every Purchase",701,https://www.ampercent.com/referly-refer-share-earn-cash-reward/10441/,General
2012,03-06-2012,"Slide.ly Creates A Video Slideshow From Online Images, Lets you Add Background Music To The Slideshow",523,https://www.ampercent.com/create-photo-video-slideshow-online-images-add-music/10448/,General
2012,18-06-2012,"Contactually Actually Does A Great Job Sorting Emails Based On Contact Importance",645,https://www.ampercent.com/contactually-email-social-contact-management/10460/,General
2012,25-06-2012,"Disable Windows 8 Metro Start Screen, Login And Lock Screen",622,https://www.ampercent.com/disable-windows-8-metro-start-screen/10475/,General
2012,26-06-2012,"Facebook Changed Your Email Address With Your Facebook.Com Email Address, Here Is How To Undo It",636,https://www.ampercent.com/remove-email-address-from-facebook-profile/10489/,General
2012,30-06-2012,"How to Change The Number of App Tile Rows in Windows 8 Metro Start Screen",684,https://www.ampercent.com/how-to-change-the-number-of-app-tile-rows-in-windows-8-metro-start-screen/10494/,General
2012,30-06-2012,"Remotely Uninstall Android Apps From Your Computer, iPhone Or Tablet Device",370,https://www.ampercent.com/uninstall-android-apps-remotely/10519/,General
2012,30-06-2012,"Meetings.io Offers No-Signup-No-Installation Solution For A Quick Video Chat",616,https://www.ampercent.com/meetings-io-free-online-app-video-chat-no-signup/10413/,General
2012,20-07-2012,"With gTar Your iPhone Can Be Your Guitar Tutor",531,https://www.ampercent.com/gtar-learn-guitar-iphone/10539/,General
2012,23-07-2012,"Does Windows 8 Pose A Threat To Parental Control Softwares?",614,https://www.ampercent.com/windows-8-parental-controls/10562/,General
2012,09-08-2012,"Sulking Over A Set Of Wireless Headphones? Your Android Can Be One",646,https://www.ampercent.com/stream-audio-from-pc-to-android/10616/,General
2012,12-08-2012,"Use Speech To Text In Google Chrome With These Extensions",694,https://www.ampercent.com/use-speech-to-text-google-chrome/10630/,General
2012,19-08-2012,"Missing Start Button in Widows 8? Try Win+X and Classic Shell",476,https://www.ampercent.com/get-start-button-windows-8-classic-shell/10644/,General
2012,29-08-2012,"No Matter What Cloud Storage You Use, BackupBox Can Transfer Data In Between Them",502,https://www.ampercent.com/backup-box-transfer-files-between-dropbox-and-google-drive-backup-website/10725/,General
2012,02-09-2012,"A Quick Look At The Pinterest App for Android and iPad",492,https://www.ampercent.com/pinterest-for-android-ios/10666/,General
2012,06-09-2012,"Use Clipboard Sync To Share Clipboard Data Across Multiple Computers",768,https://www.ampercent.com/share-clipboard-between-computers-windows-mac-linux/10822/,General
2012,11-09-2012,"Airtel 4G LTE: Experience Data Speeds Upto 28Mbps, Currently in Kolkata and Bengaluru",496,https://www.ampercent.com/airtel-4g-lte-cpe-usb-dongle-price-in-kolkata-bengalore-speed-tariff/10857/,General
2012,20-09-2012,"SoundGecko Converts Webpages To Audio Podcasts, Syncs With Google Drive and Dropbox",509,https://www.ampercent.com/convert-webpages-audio-podcasts-mp3/10865/,General
2012,27-09-2012,"Facebook And Dropbox Integrates to Make File Sharing Easier For Facebook Groups",734,https://www.ampercent.com/share-files-dropbox-facebook-groups/10886/,General
2012,28-09-2012,"Add and Use GMail or Google Apps in Microsoft&#8217;s Outlook.com",650,https://www.ampercent.com/add-use-gmail-in-outlook-com-mail/10689/,General
2012,04-10-2012,"PDFescape: View and Edit PDF Files In The Cloud",526,https://www.ampercent.com/pdfescape-view-and-edit-pdf-online/10891/,General
2012,07-11-2012,"Google Chrome Updates To Improve Windows Battery Life, Adds Easier Website Permissions",525,https://www.ampercent.com/google-chrome-updates-to-improve-windows-battery-life-adds-easier-website-permissions/10947/,General
2012,09-11-2012,"Thinking for Upgrading to Windows 8? Rethink These Important points.",570,https://www.ampercent.com/windows8-upgrade/10919/,General
2012,10-11-2012,"How To Automatically Post Facebook Photos to your WordPress Blog",1120,https://www.ampercent.com/import-facebook-photos-wordpress-blog/10954/,General
2012,14-11-2012,"Get Facebook Chats and Video Calls On Skype",822,https://www.ampercent.com/get-facebook-chats-video-calls-skype/10972/,General
2012,14-11-2012,"Sync Folders On Mac or Windows PC With A Folder On Your Android Over Wi-Fi Network",745,https://www.ampercent.com/auto-sync-files-folders-mac-pc-android/10991/,General
2012,15-11-2012,"Move Photos From Google Plus Albums To Your Facebook Album",458,https://www.ampercent.com/move-google-plus-photos-facebook/11002/,General
2012,21-11-2012,"The Best Desktop Widgets and Gadgets for Windows",666,https://www.ampercent.com/best-windows-desktop-widgets-gadgets/10967/,General
2012,28-11-2012,"Quickly Toggle Wifi And Mobile Data Connection In Android",560,https://www.ampercent.com/toggle-wifi-mobile-data-android/11061/,General
2012,29-11-2012,"Yesware Tells You Who Opened Your Email and Clicked On Links",658,https://www.ampercent.com/track-sent-mail-gmail/11064/,General
2012,30-11-2012,"Use Google Drive To Host Simple Static Websites For Free",1156,https://www.ampercent.com/host-static-websites-google-driv/11070/,General
2012,12-12-2012,"Quickly Save Web Content To Your Google Drive Account  [Chrome Extension]",619,https://www.ampercent.com/save-files-images-google-drive/11109/,General
2012,25-12-2012,"How to Check For Driver Updates In Windows",837,https://www.ampercent.com/check-windows-driver-updates/10970/,General
2013,02-01-2013,"How to Verify Your Website on Pinterest",829,https://www.ampercent.com/how-to-verify-your-website-on-pinterest/11141/,General
2013,07-01-2013,"Create Your Own Wi-Fi Hotspot and Share Your Wi-Fi Connection",652,https://www.ampercent.com/create-wifi-hotspot-share-internet-multiple-devices/11196/,General
2013,08-01-2013,"Share Internet Wired or Wirelessly on Mac OS X",583,https://www.ampercent.com/share-internet-wired-wirelessly-on-mac-os-x/11179/,General
2013,12-01-2013,"Kuvva automatically rotates high definition wallpaper in your Mac&#8217;s desktop",566,https://www.ampercent.com/rotate-mac-wallpapers-automatically/11250/,General
2013,14-01-2013,"Any.Do: The Best To-Do App For Android",737,https://www.ampercent.com/best-to-do-app-android/11137/,General
2013,14-01-2013,"How to Track and Recover Your Lost or Stolen Android",790,https://www.ampercent.com/track-recover-lost-stolen-android/11181/,General
2013,15-01-2013,"Manage Hundreds of Browser Tabs easily with Tabs Outliner for Google Chrome",939,https://www.ampercent.com/manage-hundreds-of-browser-tabs-easily-with-tabs-outliner-for-google-chrome/11176/,General
2013,16-01-2013,"What To Do When Number Of Indexed Pages Goes Down?",1162,https://www.ampercent.com/indexing-website-google-seo/11275/,General
2013,16-01-2013,"Download And Backup Instagram Pictures on Dropbox or Local Storage",502,https://www.ampercent.com/download-backup-instagram-pictures/11192/,General
2013,17-01-2013,"How to Find Big Email Messages in Gmail",656,https://www.ampercent.com/how-to-find-big-email-messages-in-gmail/11172/,General
2013,18-01-2013,"Flipboard for iOS and Android &#8211; The Best News Magazine App",660,https://www.ampercent.com/best-news-magazine-app-flipboard-ios-android/11223/,General
2013,18-01-2013,"Use Google Chrome like a Ninja! Tips and Tricks For Begineers",743,https://www.ampercent.com/google-chrome-tips-tricks/11222/,General
2013,19-01-2013,"How to Disable Facebook Notifications on Android",692,https://www.ampercent.com/disable-facebook-notifications-android/11323/,General
2013,19-01-2013,"How to Backup and Restore Windows 8 Apps Data",708,https://www.ampercent.com/backup-restore-windows8-app-data/11314/,General
2013,20-01-2013,"How to Merge Multiple PDF Files Into One",533,https://www.ampercent.com/how-to-merge-multiple-pdf-files-into-one/10969/,General
2013,23-01-2013,"WinX DVD Ripper: A Complete DVD Ripping Solution",609,https://www.ampercent.com/rip-dvd-ipad-iphone-android-ipod-winx-dvd-ripper-platinum/11364/,General
2013,26-01-2013,"How To Import LinkedIn Contacts To Gmail",739,https://www.ampercent.com/import-linkedin-contacts-gmail/11383/,General
2013,26-01-2013,"Get Rid of Your Parent&#8217;s Computing Woes Remotely Through Chrome Remote Desktop",575,https://www.ampercent.com/remote-desktop-google-chrome/11376/,General
2013,28-01-2013,"CleverConnectivity For Android Toggles Data Network At Regular Intervals, Helps You Save Battery Drain",450,https://www.ampercent.com/auto-turn-off-data-network-android-save-battery/11408/,General
2013,28-01-2013,"Pocket &#8211; Save Webpages Offline In Your Browser Or Smartphone",605,https://www.ampercent.com/save-webpages-offline-browser-android-iphone/11261/,General
2013,02-02-2013,"Get Meaningful Keyword Suggestions With HitTail SEO Keyword Tool",1464,https://www.ampercent.com/long-tail-seo-keyword-tool/11441/,General
2013,03-02-2013,"Use Terminal Hacks On your Mac OS X For Cool tricks",709,https://www.ampercent.com/macosx-terminal-hacks-tricks/11429/,General
2013,03-02-2013,"How to Add Windows 8 Search to Context Menu as a Shortcut",657,https://www.ampercent.com/add-windows-8-search-right-click-context-menu/11087/,General
2013,04-02-2013,"Some Windows 8 Annoyances and Their Fixes",1033,https://www.ampercent.com/windows8-annoyances/11095/,General
2013,04-02-2013,"Browse Smarter in Google Chrome With These 5 Useful Extensions",571,https://www.ampercent.com/browse-smarter-in-google-chrome-useful-extensions/11186/,General
2013,05-02-2013,"What is Restricted List On Facebook and How To Add Facebook Friends To Restricted list?",631,https://www.ampercent.com/facebook-restricted-list/11454/,General
2013,06-02-2013,"Carbon For Twitter Released On Play Store; Is It Worth The Wait?",808,https://www.ampercent.com/carbon-for-twitter-review-android/11447/,General
2013,07-02-2013,"Control your Android from your Web Browser through AirDroid",733,https://www.ampercent.com/control-android-device-web-browser/11413/,General
2013,10-02-2013,"Chime For Chrome &#8211; All your Social Notifications In One Place",525,https://www.ampercent.com/aggregate-social-notifications/11476/,General
2013,13-02-2013,"Open Signal for Android &#8211; Find the Best Network Reception in Your Area",560,https://www.ampercent.com/open-signal-for-android-find-the-best-network-reception-in-your-area/11486/,General
2013,14-02-2013,"Custom ROM &#8211; Do I Need it for My Android?",1022,https://www.ampercent.com/custom-rom-do-i-need-it-for-my-android/11487/,General
2013,14-02-2013,"Five Gmail Labs Experiments that You Must Have in your Gmail (Updated)",597,https://www.ampercent.com/useful-gmail-labs-experiments/11465/,General
2013,19-02-2013,"Video Players for Android Review &#8211; VLC, MX Player, Archos Video Player",866,https://www.ampercent.com/video-players-for-android-review-vlc-mx-player-archos-video-player/11535/,General
2013,21-02-2013,"Silence for Android &#8211; Automatically put your Android into Discrete Mode",535,https://www.ampercent.com/silence-for-android-automatically-put-your-android-into-discrete-mode/11509/,General
2013,21-02-2013,"How to Forward Facebook Messages To Gmail Or Other Email Accounts",514,https://www.ampercent.com/forward-facebook-messages-gmail/11565/,General
2013,23-02-2013,"Swiftkey 4 for Android &#8211; Gesture Typing, Better Word Prediction, Faster Correction and more",560,https://www.ampercent.com/swiftkey-4-for-android-gesture-typing-better-word-prediction-faster-correction-and-more/11562/,General
2013,23-02-2013,"Set up a Wi-Fi Hotspot on your Windows 8 machine &#8211; Command prompt and App Method",555,https://www.ampercent.com/setup-wi-fi-hotspot-windows8-command-prompt/11510/,General
2013,27-02-2013,"Recycle Bin For Chrome Remembers Closed Tabs, Let&#8217;s You Search And Restore Them",587,https://www.ampercent.com/search-restore-closed-tabs-google-chrome/11598/,General
2013,10-03-2013,"Talk.to &#8211; Seamless chatting across Facebook and Google and Send free SMS!",548,https://www.ampercent.com/tal-to-facebook-friends-google-contacts/11622/,General
2013,10-03-2013,"Battery Widget Reborn &#8211; Checking on your Android Battery has Never been this Elegant",692,https://www.ampercent.com/best-android-battery-widget-app/11602/,General
2013,13-03-2013,"Be Safe Online with eScan Internet Security Suite with Cloud Security",543,https://www.ampercent.com/safe-online-browsing-escan-internet-security-suite/11663/,General
2013,14-03-2013,"Multi-task in Android with Simple Gestures &#8211; Sidebar and Swipe App Screen",584,https://www.ampercent.com/multi-task-in-android-with-simple-gestures-sidebar-and-swipe-app-screen/11634/,General
2013,16-03-2013,"Samsung Galaxy S4 &#8211; Everything You Need To Know!",886,https://www.ampercent.com/samsung-galaxy-s4-features-specs/11498/,General
2013,17-03-2013,"Padlet &#8211; Create Walls to Share Any Content on The Web",605,https://www.ampercent.com/padlet-create-walls-to-share-any-content-on-the-web/11658/,General
2013,17-03-2013,"Strikingly &#8211; Create Beautiful Sites Optimized for Mobile in less than 30 minutes!",697,https://www.ampercent.com/strikingly-create-beautiful-sites-optimized-for-mobile-in-less-than-30-minutes/11662/,General
2013,20-03-2013,"How To SetUp A Private Online Journal",2121,https://www.ampercent.com/setup-private-online-journal/11717/,General
2013,21-03-2013,"Draft &#8211; Web Documenting Tool with Advanced Versioning Features",513,https://www.ampercent.com/draft-web-documenting-tool-with-advanced-versioning-features/11702/,General
2013,21-03-2013,"Automatically Save Screenshots In Your Dropbox Public Folder For Quick Sharing [Mac]",492,https://www.ampercent.com/autosave-screenshots-in-dropbox-public-folder-quick-sharing-mac/11738/,General
2013,22-03-2013,"Google Keep &#8211; The Latest Note Taking Service From The Google Stable",480,https://www.ampercent.com/google-keep/11726/,General
2013,26-03-2013,"Jolidrive &#8211; One stop for all Your Cloud Services",555,https://www.ampercent.com/jolidrive-one-stop-for-all-your-cloud-services/11693/,General
2013,26-03-2013,"Remotely Control Media Player Apps on MAC OSX From Android",643,https://www.ampercent.com/remote-control-media-apps-mac-android/11766/,General
2013,26-03-2013,"Clean up Your Cluttered Gmail Inbox: Forward and Archive Emails To Your Evernote Account",606,https://www.ampercent.com/clean-up-your-cluttered-gmail-inbox-forward-and-archive-emails-to-your-evernote-account/11767/,General
2013,04-04-2013,"Annotary &#8211; Mark any Web Page, Save for Research Later, Share Your Markups",511,https://www.ampercent.com/mark-webpages-save-research-later-share-your-markups/11780/,General
2013,04-04-2013,"Couch Player for iPad &#8211; Use Gestures for Enhanced Control on your Music Lists",486,https://www.ampercent.com/use-gestures-to-control-music-lists-ipad/11754/,General
2013,09-04-2013,"Why Google Rankings of New pages Drop After Sometime?",815,https://www.ampercent.com/drop-google-rankings-new-pages/11796/,General
2013,10-04-2013,"Reduce The Loading Time Of YouTube Video Player: Load YouTube Videos Onclick",504,https://www.ampercent.com/load-youtube-videos-onclick/11803/,General
2013,12-04-2013,"Tab Management Made Easy with Tab Juggler for Chrome",523,https://www.ampercent.com/tab-juggler-chrome/11790/,General
2013,27-04-2013,"25 Best Portfolio Themes For Tumblr",2028,https://www.ampercent.com/portfolio-themes-tumblr/11633/,General
2013,29-04-2013,"Measure User Experience With Pingdom&#8217;s Real User Monitoring Tool &#8211; A Personal Experience",1018,https://www.ampercent.com/real-user-monitoring-tool/11816/,General
2013,30-04-2013,"Transfer Facebook Photos To Google Drive Or Dropbox account",451,https://www.ampercent.com/transfer-facebook-photos-albums-google-drive-dropbox/11829/,General
2013,02-05-2013,"Remotely Access Files On Your MAC From Anywhere With Spotdox and Dropbox",707,https://www.ampercent.com/remote-access-mac-files-folders/11832/,General
2013,03-05-2013,"Facebook Trusted Contacts Helps You Recover Your Account When Its Hacked",476,https://www.ampercent.com/facebook-trusted-contacts/11834/,General
2013,13-05-2013,"Check Multiple Gmail Accounts In Chrome With Google Mail Multi Account Checker Extension",631,https://www.ampercent.com/check-multiple-gmail-accounts-in-chrome-with-google-mail-multi-account-checker-extension/11854/,General
2013,18-05-2013,"Google I/O 2013 &#8211; What&#8217;s in it for You",1075,https://www.ampercent.com/google-io-2013-whats-in-it-for-you/11860/,General
2013,18-05-2013,"Proofread Your Writing, Posts and Articles with the Free Tool &#8211; Slick Write",519,https://www.ampercent.com/proofreading-tool-statistical-feedback/11847/,General
2013,20-05-2013,"Make Your Own Windows 8 Installation Disk or bootable USB drive!",543,https://www.ampercent.com/make-your-own-installation-disk-or-usb-drive-for-windows-8/11837/,General
2013,22-05-2013,"Lock And Password Protect Applications and SMS Messages In Your Android Device",513,https://www.ampercent.com/lock-apps-sms-android/11899/,General
2013,22-05-2013,"Search Better with these Tips And Tricks for Google Search",586,https://www.ampercent.com/effective-google-search/11878/,General
2013,23-05-2013,"Twitter Introduces SMS Based Two Factor Authentication, Get a Login Verification Code Delivered To Your Phone",522,https://www.ampercent.com/twitter-login-verification/11900/,General
2013,03-06-2013,"Install Apps on Your Android &#8211; 5 Ways There is.",786,https://www.ampercent.com/install-apps-on-your-android-5-ways-there-is/11819/,General
2013,04-06-2013,"Get Dashboard OS X Widgets on Your OS X Desktop through WidgetRunner",579,https://www.ampercent.com/osx-desktop-dashboard-widgets/11907/,General
2013,05-06-2013,"Curata is A Web based RSS Reader With Keyword Filters",490,https://www.ampercent.com/rss-reader-keyword-filters/11913/,General
2013,06-06-2013,"Dropbox Introduces A Screenshot Uploader, Lets You Move Files To Dropbox From Right Click Context Menu",519,https://www.ampercent.com/dropbox-screenshot-uploader/11915/,General
2013,11-06-2013,"Print Your LinkedIn Profile As A One Page Resume",653,https://www.ampercent.com/print-linkedin-profile-one-page-resume/11920/,General
2013,23-06-2013,"3 Free and Beautiful Alternatives for WordPress Default Comment Platform",576,https://www.ampercent.com/wordpress-comments-alternatives/11936/,General
2013,26-06-2013,"Skimr is a Lightweight Google Reader Alternative for RSS Feeds",663,https://www.ampercent.com/lightweight-google-reader-alternative/11942/,General
2013,27-06-2013,"7 Ways To Make Your Old Android Phone Useful Again",567,https://www.ampercent.com/use-old-android-phone/11450/,General
2013,28-06-2013,"Delete All Spam Pingbacks And Trackbacks From WordPress Database &#8211; The Hard Way",974,https://www.ampercent.com/delete-spam-trackbacks-pingbacks-wordpress-database/11950/,General
2013,02-07-2013,"Create OS X 10.8 Mountain Lion Recovery Disk on DVD or USB Drive",780,https://www.ampercent.com/dvd-usb-drive-os-x/11969/,General
2013,05-07-2013,"Privacy Matters in Twitter and Facebook Accounts and How You Can Control It",664,https://www.ampercent.com/twitter-facebook-opt-outs/11985/,General
2013,09-07-2013,"How to Add A Subdomain In GoDaddy And Forward It To Tumblr",500,https://www.ampercent.com/add-subdomain-godaddy-redirect-tumblr-blog/11995/,General
2013,23-07-2013,"Smartwatches: What (and When) to Expect",878,https://www.ampercent.com/smartwatches-what-and-when-to-expect/11998/,General
2013,23-07-2013,"Use Groopic To Merge Photographer&#8217;s Image In A Group Photo [iOS]",470,https://www.ampercent.com/merge-photographers-image-group-photo/12006/,General
2013,12-08-2013,"Google Cloud Print &#8211; Google&#8217;s Service to Print Files Remotely",487,https://www.ampercent.com/google-cloud-print/12016/,General
2013,13-08-2013,"Dealing With Bad Links Pointing To Your Website &#8211; Tips From Matt Cutts",743,https://www.ampercent.com/bad-links-google-webmaster-disavow-tool/12027/,General
2013,02-09-2013,"Getting Too Many Emails? Here is How I Clean My Inbox Every Morning",722,https://www.ampercent.com/clean-email-inbox-every-morning/12044/,General
2013,04-09-2013,"Design Social Media Sharing Buttons With Just CSS (And Nothing Else)",1068,https://www.ampercent.com/social-sharing-buttons-css-faster-loading/12045/,General
2013,11-09-2013,"Control uTorrent Downloads From Another Computer",754,https://www.ampercent.com/control-utorrent-downloads-another-computer/12046/,General
2013,11-10-2013,"Fix CD or DVD Drive Problems In No Time!",1073,https://www.ampercent.com/fix-cd-or-dvd-drive-problems-windows/12070/,General
2013,12-10-2013,"Meet The World&#8217;s First Curved Display Smartphone &#8211; Samsung Galaxy Round",489,https://www.ampercent.com/samsung-galaxy-round-curved-display-smartphone/11735/,General
2013,25-10-2013,"Three Web Browser Tricks You Are Probably Unfamiliar With",607,https://www.ampercent.com/web-browser-tricks/12097/,General
2013,05-11-2013,"Share Passwords With A LastPass Account",567,https://www.ampercent.com/share-username-passwords-lastpass/12125/,General
2013,05-11-2013,"Fighting Blogging Procrastination &#8211; Some Tips that work",1055,https://www.ampercent.com/fighting-blogging-procrastination-tips-work/12128/,General
2013,07-11-2013,"Check pc compatibility for games, within a minute!",653,https://www.ampercent.com/check-pc-compatibility-for-games/12122/,General
2013,07-12-2013,"Forgot Your Windows Password? Recover It In Ten Simple Steps!",881,https://www.ampercent.com/forgot-windows-password/12163/,General
2013,18-12-2013,"Unable To Uninstall A Program In Windows? Uninstall It In One Go!",490,https://www.ampercent.com/unable-to-uninstall-a-program-in-windows/12189/,General
2014,01-01-2014,"Top Three All In One Chat Messenger For PC",536,https://www.ampercent.com/three-all-in-one-chat-messenger-for-pc/12214/,General
2014,17-01-2014,"Create Ebooks From Wikipedia Articles In Eight Easy Steps",564,https://www.ampercent.com/easily-create-ebooks-from-wikipedia-articles/12234/,General
2014,16-02-2014,"Access Android Media And Playlists On Your Windows Or Mac Computer",611,https://www.ampercent.com/access-android-media-playlists-windows-mac-computer/12282/,General
2014,27-02-2014,"Monitor Deleted Files in Windows With Deletion Extension Monitor",690,https://www.ampercent.com/monitor-deleted-files-in-windows-with-deletion-extension-monitor/12411/,General
2014,19-03-2014,"Feedly Adds OneNote Integration for Pro Users",588,https://www.ampercent.com/feedly-adds-onenote-integration/12300/,General
2014,20-03-2014,"Wearable Android? Google Just Announces to make It a Reality Soon",616,https://www.ampercent.com/wearable-android-devices/12303/,General
2014,22-03-2014,"OneNote for Mac and Windows",637,https://www.ampercent.com/onenote-for-mac-windows/12309/,General
2014,26-03-2014,"Tumbler Announces Two Factor Authentication",645,https://www.ampercent.com/two-factor-authentication-tumbler/12314/,General
2014,29-03-2014,"Add ons for Google Docs and Sheets Add Extra Functionality to Drive",683,https://www.ampercent.com/add-ons-for-google-docs-and-sheets/12323/,General
2014,03-04-2014,"Create Quick Self Destructing Presentations, Landing Pages In Minutes",527,https://www.ampercent.com/create-self-destructing-presentations/12335/,General
2014,04-04-2014,"Create portable version of apps in windows 8",607,https://www.ampercent.com/create-portable-version-of-apps-in-windows-8/12334/,General
2014,07-04-2014,"How to Increase Free Disc Space in Windows with DupScout",720,https://www.ampercent.com/increase-free-disc-space-in-windows-dupscout/12343/,General
2014,08-04-2014,"How to Share Gmail Themes- Custom themes",651,https://www.ampercent.com/share-gmail-themes/12414/,General
2014,09-04-2014,"How to Add Hangout Video Call on Google Calendar",755,https://www.ampercent.com/add-hangout-video-call-on-google-calendar/12418/,General
2014,10-04-2014,"Usb Antivirus Protection- Some Handy freewares",690,https://www.ampercent.com/usb-antivirus-protection-2/284/,General
2014,10-04-2014,"Download Torrents Directly with ByteBX",701,https://www.ampercent.com/download-torrents-directly-bytebx/12419/,General
2014,10-04-2014,"Onenote for Mac is Now a Reality",819,https://www.ampercent.com/onenote-for-mac/12420/,General
2014,10-04-2014,"Open Links in Background on Android with Link Bubble",662,https://www.ampercent.com/open-links-in-background-on-android-link-bubble-2/12421/,General
2014,10-04-2014,"Google Search Handwriting Recognition Lets you Handwrite The Search Query",703,https://www.ampercent.com/google-search-handwriting-recognition/12422/,General
2014,11-04-2014,"Heartbleed: It&#8217;s time to change your passwords",952,https://www.ampercent.com/heartbleed-time-change-passwords/12353/,General
2014,11-04-2014,"Recover Data with Wondershare Within A Few Simple Steps",775,https://www.ampercent.com/recover-data-wondershare-data-recovery-software/12429/,General
2014,14-04-2014,"How to Sign out Remotely from Gmail and All Google Accounts",630,https://www.ampercent.com/sign-out-remotely-from-gmail-google-account/227/,General
2014,18-04-2014,"Bing Search for Windows 8.1- It&#8217;s Smart and Picturesque",894,https://www.ampercent.com/bing-search-for-windows-8/326/,General
2014,24-04-2014,"With Google Authorship Verification Rank Higher &#8211; A Complete Guide for WordPress",911,https://www.ampercent.com/authorship-verification-by-google/12430/,General
2014,02-05-2014,"Do Not Install. Run a Portable Version of Windows 8 from a USB/External Drive",685,https://www.ampercent.com/portable-version-of-windows-8-usb-drive/12431/,General
2014,10-05-2014,"Run Google Drive from USB- Portability Solution",842,https://www.ampercent.com/run-google-drive-from-usb-portability-solution/12432/,General
2014,12-05-2014,"Canva &#8211; Simple Designing Tool for Non Designers",585,https://www.ampercent.com/canva-simple-designing-tool-non-designers/12367/,General
2014,15-05-2014,"protect browser saved passwords in Chrome, Mozilla Firefox and Internet Explorer",1211,https://www.ampercent.com/protect-browser-saved-passwords/593/,General
2014,19-05-2014,"Running out of Space? Change Onedrive Folder Location in Windows 8.1",733,https://www.ampercent.com/change-onedrive-folder-location/636/,General
2014,21-05-2014,"Listen to YouTube on Android as mp3",662,https://www.ampercent.com/listen-to-youtube-on-android-as-mp3/12427/,General
2014,26-05-2014,"A Bangalore Based Startup Packs Social Good with A Profitable Business Model",458,https://www.ampercent.com/bangalore-based-startup-packs-social-good-profitable-business-model/12378/,General
2014,28-05-2014,"Best Photo Editing Apps for Android- Capture, Edit, Store and Share",683,https://www.ampercent.com/photo-editing-apps-for-android/12360/,General
2014,01-06-2014,"How to Sync files With OneDrive on Windows 8.1- SyncToy",725,https://www.ampercent.com/sync-files-with-onedrive-windows8-synctoy/12433/,General
2014,17-06-2014,"Encrypt Cloud Storage Data with nCrypted Cloud",713,https://www.ampercent.com/encrypt-cloud-storage-data-ncripted-cloud/12434/,General
2014,18-06-2014,"Keep Websites Alive When Server Goes Down with Cloudfare",650,https://www.ampercent.com/keep-websites-alive-when-server-goes-down/12392/,General
2014,22-06-2014,"Popular Desktop Tools to find Broken Links of Any Type of Website",759,https://www.ampercent.com/desktop-tools-to-find-broken-links/12393/,General
2014,28-06-2014,"Start.me converts your Browser&#8217;s Home Tab into an All in One Search Window",678,https://www.ampercent.com/start-me-coverts-your-browsers-home-tab-into-an-all-in-one-search-window/12440/,General
2014,30-06-2014,"Generate Leads with Twitter Cards for Your Business",547,https://www.ampercent.com/generate-leads-with-twitter-cards-blogs/12425/,General
2014,07-07-2014,"The all new Android L is here: See what’s in it",710,https://www.ampercent.com/android-l-features/12463/,General
2014,11-07-2014,"Control Android Devices Through Voice Commands: Android Applications",627,https://www.ampercent.com/control-android-devices-through-voice-commands/12472/,General
2014,14-07-2014,"Convert and Share Files automatically using Dropbox",803,https://www.ampercent.com/convert-share-files-automatically-using-dropbox/12395/,General
2014,18-07-2014,"Images can carry your data too. Here&#8217;s how",623,https://www.ampercent.com/hide-data-images/12495/,General
2014,21-07-2014,"Rooting android is not your best bet",1337,https://www.ampercent.com/rooting-android-not-best/12499/,General
2014,21-07-2014,"Add Custom Maps to Apps and Websites using Mapbox",652,https://www.ampercent.com/add-custom-maps-to-apps-websites-mapbox/12485/,General
2014,22-07-2014,"How To: Remotely erase data From your device online",889,https://www.ampercent.com/remotely-erase-data-device-online/12505/,General
2014,24-07-2014,"How to Send Text messages without Any Service Network",606,https://www.ampercent.com/send-text-messages-without-any-service-network/12506/,General
2014,25-07-2014,"Run C/C++ on Windows 7 and Windows 8 without VMWare",644,https://www.ampercent.com/run-c-windows-8/12524/,General
2014,29-07-2014,"Print Electronic Circuit Boards with A Solder Free Assembling Technique in minutes",613,https://www.ampercent.com/print-electronic-circuit-boards-in-minutes-squink/12521/,General
2014,30-07-2014,"Liber.io Will Let You Create and Publish ebooks From Google Drive",688,https://www.ampercent.com/create-publish-ebooks-from-google-drive-liberio/12536/,General
2014,05-08-2014,"Install, Access WordPress Sites through Command Line with These Tools",671,https://www.ampercent.com/install-access-wordpress-sites-through-command-line-interface/12535/,General
2014,06-08-2014,"Your phone was never more friendly,thanks to Cortana",838,https://www.ampercent.com/cortana-features-uses/12546/,General
2014,08-08-2014,"POWELIKS is malware that can infect your computer without installation",481,https://www.ampercent.com/poweliks-malware-infect-computer/12558/,General
2014,13-08-2014,"Is password your Password? You need to read this now",1013,https://www.ampercent.com/password-management-choice/12563/,General
2014,28-08-2014,"Plex: Manage all your media in one place",678,https://www.ampercent.com/plex-media-managment/12586/,General
2014,30-08-2014,"Unlock your phone to open up the closed barriers of international calling",1520,https://www.ampercent.com/unlock-phone/12595/,General
2014,30-08-2014,"With 192 cores, NVIDIA Tegra K1 makes a horribly good mobile processor",1136,https://www.ampercent.com/nvidia-tegra-processor/12598/,General
2014,31-08-2014,"Best Games ever made for all devices",1355,https://www.ampercent.com/best-games-ever/12603/,General
2014,04-09-2014,"Add a Second Monitor to Laptop: Packed Pixels slide in Your Backpack",598,https://www.ampercent.com/add-a-second-monitor-to-laptop-monitors-from-packed-pixels-slides-in-your-backpack/12590/,General
2014,04-09-2014,"Ask Anything and Its has the Information You Need",491,https://www.ampercent.com/ask-anything-right-answer/12585/,General
2014,07-09-2014,"Why Accessibility Settings In Android Are Really Important?",1058,https://www.ampercent.com/accessibility-settings-android/12627/,General
2014,07-09-2014,"Deadly Linux Commands That You Should Never Use",1198,https://www.ampercent.com/linux-deadly-commands/12639/,General
2014,08-09-2014,"Secure Your Apple ID With 2-Step Verification",750,https://www.ampercent.com/2-step-verification-apple-id/12642/,General
2014,10-09-2014,"Save And Restore Your Work In Virtual Box Using Snapshots",776,https://www.ampercent.com/virtual-box-snapshots/12648/,General
2014,15-09-2014,"Should You Upgrade To A Professional Edition Of Windows 8.1?",1279,https://www.ampercent.com/windows-8-1-upgrade/12662/,General
2014,15-09-2014,"For Beginner Bloggers: Things to Know Before You Start",1182,https://www.ampercent.com/beginner-bloggers-things-know-start/12671/,General
2014,16-09-2014,"Use a Custom Wooden Cable Slot To Hide Cables and Wires",463,https://www.ampercent.com/use-custom-wooden-cable-slot-hide-cables-wires/12673/,General
2014,18-09-2014,"Create Shortcut To Easily Run Programs As Administrator",742,https://www.ampercent.com/administrator-run-programs-shortcut/12676/,General
2014,19-09-2014,"Turn Your Smartphone into a Remote control for 800,000+ devices with AnyMote",655,https://www.ampercent.com/turn-your-smartphone-into-a-remote-control-anymote/12660/,General
2014,19-09-2014,"Password Protect a Folder in Windows Without Third Party Software",624,https://www.ampercent.com/password-protect-folder/12685/,General
2014,20-09-2014,"VLC Player Is a Lot Easier To Use With These Keyboard Shortcuts",761,https://www.ampercent.com/vlc-player-shortcuts/12705/,General
2014,21-09-2014,"Privacy Eraser – All in One Privacy Eraser for Windows",465,https://www.ampercent.com/privacy-eraser-one-privacy-eraser-windows/12700/,General
2014,21-09-2014,"Make Calls From Your iPad and Mac with Handoff",1030,https://www.ampercent.com/make-calls-from-ipad-mac-handoff/12715/,General
2014,21-09-2014,"What Is A Smartwatch And Do You Really Need One?",680,https://www.ampercent.com/smartwatch-need/12728/,General
2014,22-09-2014,"Metal in iPhone Will Speed Up Your Games",934,https://www.ampercent.com/metal-speed-games-iphone/12737/,General
2014,22-09-2014,"Top 5 Third Party Android Keyboard Apps",629,https://www.ampercent.com/top-5-third-party-android-keyboard-apps/12741/,General
2014,24-09-2014,"How to Set Delay to Start Any Program at System Startup",472,https://www.ampercent.com/startup-delayer-set-delay-at-startup-programs/12752/,General
2014,24-09-2014,"Custom Keyboards In iOS: Everything You Need To Know",924,https://www.ampercent.com/custom-keyboards-ios/12760/,General
2014,24-09-2014,"How to Get iOS 7 Like Control Center on Mac",524,https://www.ampercent.com/ios-7-like-control-center-on-mac/12769/,General
2014,25-09-2014,"What Improved In AirDrop And Instant Hotspot For iOS 8?",1113,https://www.ampercent.com/airdrop-instant-hotspot-ios-8/12775/,General
2014,26-09-2014,"Shellshock Bash Vulnerability Is The Greatest Internet Threat Ever",826,https://www.ampercent.com/shellshock-bash-vulnerability/12780/,General
2014,26-09-2014,"System Mechanic – All in One System Optimizer for Windows",619,https://www.ampercent.com/system-mechanic-one-system-optimizer-windows/12783/,General
2014,26-09-2014,"HomeKit in iOS 8 Will Give You The House Of Your Dreams",1142,https://www.ampercent.com/homekit-ios-8/12789/,General
2014,27-09-2014,"TestFlight Will Make iOS Development A Lot Easier",1121,https://www.ampercent.com/testflight/12795/,General
2014,28-09-2014,"Top Five Free Online Code Editors",803,https://www.ampercent.com/top-five-free-online-code-editors/12819/,General
2014,30-09-2014,"How to Add More Folders in This PC in Windows 8 and 8.1",516,https://www.ampercent.com/add-folders-in-this-pc-in-windows-8-and-8-1/12830/,General
2014,30-09-2014,"Where to Get Royalty Free Images for Your Next Project?",674,https://www.ampercent.com/royalty-free-image-resources/12837/,General
2014,01-10-2014,"What is New in Windows 10?",661,https://www.ampercent.com/new-windows-10/12841/,General
2014,04-10-2014,"Top 3 Third Party Keyboard for iOS 8",525,https://www.ampercent.com/top-3-third-party-keyboard-ios-8/12859/,General
2014,06-10-2014,"Top 3 Password Manager Apps for Android",652,https://www.ampercent.com/top-3-password-manager-apps-android/12872/,General
2014,07-10-2014,"WordPress Rivaled? New Blogging Platforms Get Their Chief, The Ghost",555,https://www.ampercent.com/new-blogging-platforms-get-their-chief-ghost/12714/,General
2014,07-10-2014,"Capture Unlimited Photo on Your Android using Shutter",475,https://www.ampercent.com/shutter-for-android/12883/,General
2014,08-10-2014,"Two Ways to Invite Your Friends on Ello",497,https://www.ampercent.com/generate-ello-invitaion/12892/,General
2014,09-10-2014,"Snowball Combines All Messaging Services into One on Android",485,https://www.ampercent.com/snowball-combines-messages-android/12906/,General
2014,10-10-2014,"HTC Launches HTC RE Camera",480,https://www.ampercent.com/htc-launches-htc-re-camera/12918/,General
2014,12-10-2014,"Some Cool Tricks of Windows 10 Start Menu what You Do not Know",640,https://www.ampercent.com/cool-tricks-of-windows-10-start-menu/12925/,General
2014,13-10-2014,"Ready Contact List – One of the Best Dialer Apps for Android",569,https://www.ampercent.com/ready-contact-list-android-dialer-app/12933/,General
2014,13-10-2014,"Microsoft Launches Analog Keyboard for Android Wear Smartwatch",478,https://www.ampercent.com/microsoft-analog-keyboard-for-android-wear/12940/,General
2014,14-10-2014,"Mailbox is Now Available for Mac",655,https://www.ampercent.com/mailbox-for-mac/12945/,General
2014,14-10-2014,"What to Expect from Apple’s October 16 Event",498,https://www.ampercent.com/expected-announcements-october-16-apple-event/12955/,General
2014,15-10-2014,"BaniyaDeals.com: A One-Stop Website for Best Shopping Deals in India",615,https://www.ampercent.com/baniyadeals-com-one-stop-website-best-shopping-deals-india/12972/,General
2014,16-10-2014,"Full Specifications of Nexus 9 with Android Lollipop",641,https://www.ampercent.com/full-specifications-nexus-9-android-lollipop/12981/,General
2014,16-10-2014,"Everything You Need to Know about Nexus Player",556,https://www.ampercent.com/nexus-player/12985/,General
2014,16-10-2014,"Full Specifications of Apple iPad Air 2",463,https://www.ampercent.com/ipad-air-2-specifications/12990/,General
2014,17-10-2014,"Top 3 Announcements at Apple’s iPad and Mac Event",567,https://www.ampercent.com/top-3-announcements-at-apple-ipad-and-mac-event/12992/,General
2014,17-10-2014,"Top 5 New Features and Improvements in OS X Yosemite",689,https://www.ampercent.com/new-features-improvements-os-x-yosemite/12996/,General
2014,17-10-2014,"Most Important Reasons to Buy Nexus 6 Instead of iPhone 6 Plus",682,https://www.ampercent.com/iphone-6-plus-vs-nexus-6/13019/,General
2014,17-10-2014,"Google Announces their Latest Android OS 5.0, the Lollipop",669,https://www.ampercent.com/latest-android-os-5-0-the-lollipop/12979/,General
2014,18-10-2014,"How Deaf People can Make Calls on any Smartphone with RogerVoice",610,https://www.ampercent.com/how-deaf-people-can-make-calls-with-rojervoice/12882/,General
2014,18-10-2014,"3 Things That New Retina Display iMac will Change Radically",521,https://www.ampercent.com/facts-about-imac-retina-5k-display/13032/,General
2014,19-10-2014,"Technology has Replaced Our Wallet – here’s how",644,https://www.ampercent.com/get-rid-of-wallet/13046/,General
2014,20-10-2014,"Workaround to Fix Two Errors in WAMP",560,https://www.ampercent.com/workaround-fix-two-errors-wamp/13061/,General
2014,21-10-2014,"Top 3 Free Fitness Apps for iOS 8",497,https://www.ampercent.com/top-3-free-fitness-apps-ios-8/13071/,General
2014,21-10-2014,"Official Guide to Switch from iOS to Android",516,https://www.ampercent.com/official-guide-switch-ios-android/13077/,General
2014,21-10-2014,"Complete List of Banks and Cards Available for Apple Pay",495,https://www.ampercent.com/complete-list-banks-cards-available-apple-pay/13090/,General
2014,22-10-2014,"Build your Own Computer and with a Kano Kit @ $149",538,https://www.ampercent.com/build-your-own-computer-with-kano-kit/13035/,General
2014,22-10-2014,"Develop iOS Apps without Having Expert Knowledge",538,https://www.ampercent.com/native-ios-app-development-kit/13101/,General
2014,22-10-2014,"Top 5 Missing Features of Windows 10",604,https://www.ampercent.com/missing-features-of-windows-10/13105/,General
2014,22-10-2014,"HERE Maps is Now Available as Open Beta",524,https://www.ampercent.com/download-here-maps/13109/,General
2014,23-10-2014,"Google Launches Mailbox Competitor Called Inbox for Android and iOS",504,https://www.ampercent.com/google-launches-inbox/13118/,General
2014,23-10-2014,"Microsoft to Launch Next Lock Screen for Busy Professionals",517,https://www.ampercent.com/microsoft-launches-next-lock-screen/13122/,General
2014,24-10-2014,"Olark – The Easiest Option to Integrate Live Chat into Any Website",636,https://www.ampercent.com/olark-live-chat-support/13138/,General
2014,24-10-2014,"Two Ways to Change Default Android Font [Root Required]",509,https://www.ampercent.com/change-default-android-font/13146/,General
2014,25-10-2014,"Top 5 Apps Updated for OS X Yosemite to Get More Features",561,https://www.ampercent.com/apps-for-os-x-yosemite/13151/,General
2014,26-10-2014,"FireTube – Android App to be a YouTube Power User",531,https://www.ampercent.com/firetube-android-app-for-youtube/13161/,General
2014,26-10-2014,"how to Track your Child anywhere- $5 Smart Wristbands for your Youngsters",585,https://www.ampercent.com/track-your-child-smart-wristbands-from-lineable/13096/,General
2014,27-10-2014,"Top 6 Apps Optimized for iPhone 6 and iPhone 6 Plus",618,https://www.ampercent.com/top-6-apps-optimized-iphone-6-iphone-6-plus/13181/,General
2014,27-10-2014,"Nope will keep your Webcam Secure from Online Hackers",505,https://www.ampercent.com/nope-will-keep-your-webcam-secure-online-hackers/13177/,General
2014,28-10-2014,"Live Streaming Access to Your Computer Data and Media from Anywhere with Tonido",596,https://www.ampercent.com/live-streaming-access-computer-data-media-anywhere-tonido/13156/,General
2014,28-10-2014,"Nextbit to Synchronize Data without Cloud Storage and API",507,https://www.ampercent.com/nextbit-os-level-synchronization/13196/,General
2014,29-10-2014,"Five Tips and Tricks You Should Know about Inbox by Gmail",565,https://www.ampercent.com/tips-and-tricks-about-inbox-by-gmail/13210/,General
2014,30-10-2014,"Portable Battery Charger for Smartphones: a Solar Nanocase",486,https://www.ampercent.com/portable-battery-charger-smartphones-solar-nano-awesome/13190/,General
2014,30-10-2014,"Calltag helps to Send Message to Contact before Calling",574,https://www.ampercent.com/calltag-sends-sms-contacts-before-calling/13226/,General
2014,30-10-2014,"How to Use Inbox by Gmail without Invitation",527,https://www.ampercent.com/use-inbox-by-gmail-without-invitation/13233/,General
2014,30-10-2014,"Google has Launched New Bookmark Manager for Chrome",473,https://www.ampercent.com/google-launches-bookmark-manager/13239/,General
2014,31-10-2014,"How to Autostart Programs after System Boots Up in Windows 10",464,https://www.ampercent.com/autostart-programs-after-system-boots-up-in-windows-10/13255/,General
2014,01-11-2014,"Get Free Gmail Sms Alert for New Email in Your Mobile Inbox",668,https://www.ampercent.com/new-gmail-sms-alert-mobile/13248/,General
2014,02-11-2014,"How to Add &#8216;Stop Download Video&#8217; Option to YouTube Videos [Two Ways]",493,https://www.ampercent.com/add-stop-download-video-youtube/13272/,General
2014,03-11-2014,"How to Open Multiple Apps with One Click in Windows",561,https://www.ampercent.com/open-multiple-apps-with-one-click-in-windows/13279/,General
2014,04-11-2014,"How to Build your Own Crowdfunding site with WordPress",546,https://www.ampercent.com/build-your-own-crowdfunding-site-with-wordpress/13186/,General
2014,04-11-2014,"Two new Features of Gmail 5.0 you do not know about",501,https://www.ampercent.com/two-new-features-of-gmail-5-0/13294/,General
2014,04-11-2014,"How to Remove Unwanted Skype Processes from Windows Task Manager",596,https://www.ampercent.com/remove-unwanted-skype-processes-windows-task-manager/13041/,General
2014,04-11-2014,"Ways to Download OS X 10.10 Yosemite on your Mac",685,https://www.ampercent.com/ways-download-os-x-10-10-yosemite-mac/13082/,General
2014,05-11-2014,"How to Turn Any Android Phone into an Android Lollipop Phone",763,https://www.ampercent.com/best-android-lollipop-launcher/13299/,General
2014,06-11-2014,"Boot Android Device into Safe Mode to Disable Apps and Troubleshoot Problems",528,https://www.ampercent.com/boot-android-device-safe-mode/13309/,General
2014,06-11-2014,"Why is Your Android Phone Running Slow?",653,https://www.ampercent.com/speed-up-android-phone/13311/,General
2014,07-11-2014,"The Secret List of Must have Apps for Writers [#3 is the Best]",805,https://www.ampercent.com/best-apps-for-writers/13315/,General
2014,08-11-2014,"Microsoft Stopped Selling Windows 7 – Here’s How to get it Legally",509,https://www.ampercent.com/get-windows-7-after-october-31/13344/,General
2014,10-11-2014,"AMPY Charges Your Mobile with Body Motion Power",471,https://www.ampercent.com/ampy-charges-your-mobile-with-body-motion-power/13353/,General
2014,12-11-2014,"How to Find Email with No Response in Gmail",622,https://www.ampercent.com/find-email-with-no-response-in-gmail/13383/,General
2014,12-11-2014,"How to Digitally Sign Documents using SignEasy App on Phones or Tablets?",711,https://www.ampercent.com/how-to-digitally-sign-documents-using-signeasy-app-on-phones-or-tablets/13323/,General
2014,13-11-2014,"Do you Think that iOS has Everything? Do check this Missing Features",609,https://www.ampercent.com/awesome-android-features-missing-on-ios/13396/,General
2014,14-11-2014,"5 Reasons to switch to Google’s New Messenger",570,https://www.ampercent.com/5-reasons-to-switch-to-googles-new-messenger/13412/,General
2014,16-11-2014,"Microsoft Visual Studio 2013 and .NET Core Stack goes Free",540,https://www.ampercent.com/visual-studio-2013-and-net-core-stack-goes-free/13431/,General
2014,16-11-2014,"Daminion – All in One File Manager for Windows",1162,https://www.ampercent.com/daminion-one-file-manager-windows/13437/,General
2014,19-11-2014,"How to Create RSS Feed for any Gmail Label",614,https://www.ampercent.com/create-rss-feed-for-any-gmail-label/13459/,General
2014,19-11-2014,"Facebook Launches Groups App to Manage Your Groups",578,https://www.ampercent.com/facebook-groups-app-review/13467/,General
2014,19-11-2014,"Send Secure Encrypted Email for Free &#8211; Gmail",508,https://www.ampercent.com/send-encrypted-gmail-free/13420/,General
2014,21-11-2014,"Bitdefender Total Security 2015 Review – Why is this the best?",952,https://www.ampercent.com/bitdefender-total-security-2015-review/13494/,General
2014,23-11-2014,"Process Explorer – Best Free Alternative to Windows Task Manager",555,https://www.ampercent.com/process-explorer-alternative-to-windows-task-manager/13501/,General
2014,23-11-2014,"Practical Tips to get a better Battery Life of  Windows Laptop",663,https://www.ampercent.com/extend-windows-laptop-battery-life/13506/,General
2014,24-11-2014,"How to Get a Healthy Hard Drive using Ashampoo HDD Control",824,https://www.ampercent.com/ashampoo-hdd-control-3-review/13527/,General
2014,24-11-2014,"5 Best Apps To Chat With Strangers",805,https://www.ampercent.com/5-best-apps-chat-strangers/13430/,General
2014,24-11-2014,"Protect Your Computer Against Malware Through Sandboxie",1210,https://www.ampercent.com/protect-computer-malware-sandboxie/13450/,General
2014,24-11-2014,"Vintager – The Simplest Form of Image Editor",701,https://www.ampercent.com/vintager-simplest-form-image-editor/13534/,General
2014,25-11-2014,"Write! – A Peaceful Writing Tool for Any Kind of Writer",604,https://www.ampercent.com/write-free-writing-tool-for-windows/13542/,General
2014,26-11-2014,"KuaiBoard – Best Text Expansion Keyboard for iOS",589,https://www.ampercent.com/kuaiboard-best-text-expansion-keyboard-ios/13548/,General
2014,26-11-2014,"How to Enable Photo Stream and Let Others Upload Photos",544,https://www.ampercent.com/enable-photo-stream-and-let-others-upload-photos/13555/,General
2014,26-11-2014,"Top Two Most Innovative Keyboard Apps for iOS",580,https://www.ampercent.com/top-two-innovative-keyboard-apps-ios/13570/,General
2014,27-11-2014,"Unread RSS Reader is Now Available for Free for iOS [Review]",717,https://www.ampercent.com/unread-best-free-rss-feed-reader-iphone-ipad/13576/,General
2014,27-11-2014,"What is Twitter App Graph and How to Disable it?",571,https://www.ampercent.com/twitter-app-graph-and-how-to-disable-it/13581/,General
2014,27-11-2014,"Five Reasons why Sunrise Calendar is the best Calendar app",635,https://www.ampercent.com/sunrise-calendar-app-review/13586/,General
2014,28-11-2014,"How to Lock Google Chrome without Third Party Software",594,https://www.ampercent.com/lock-google-chrome-without-third-party-software/13607/,General
2014,28-11-2014,"How to Lock and Unlock Your PC With USB Raptor",849,https://www.ampercent.com/lock-unlock-pc-usb-raptor/13513/,General
2014,30-11-2014,"How to Replace Bing Search with Google in MS Word 2013",589,https://www.ampercent.com/replace-bing-search-with-google-in-ms-word-2013/13634/,General
2014,30-11-2014,"Two Most Popular Free Reddit Apps for iOS – Never miss a thread",562,https://www.ampercent.com/two-most-popular-free-reddit-apps-for-ios/13640/,General
2014,01-12-2014,"Steps to Enable TRIM in Windows 7 and Above for SSD",494,https://www.ampercent.com/steps-enable-trim-windows-7-ssd/13647/,General
2014,02-12-2014,"How to Save Battery Life for Moto 360 Smartwatch?",642,https://www.ampercent.com/save-battery-life-moto-360-smartwatch/13476/,General
2014,02-12-2014,"Getting more Likes for your Posts through Social Networking App Plague",605,https://www.ampercent.com/getting-more-likes-for-your-posts-through-social-networking-app-plague/13655/,General
2014,02-12-2014,"ANVISOFT PC Plus – Most light weight System Tweaker for Windows",688,https://www.ampercent.com/anvisoft-pc-plus-review/13663/,General
2014,02-12-2014,"Why Productivity Apps do not Increase Productivity",810,https://www.ampercent.com/why-productivity-apps-do-not-increase-productivity/13671/,General
2014,03-12-2014,"One – Read All Social Bookmarking sites on Android",535,https://www.ampercent.com/one-read-social-bookmarking-sites-android/13674/,General
2014,04-12-2014,"How to Get Windows 10 like Aero Snap in Windows 7, 8 and 8.1",630,https://www.ampercent.com/get-windows-10-like-aero-snap-in-windows-7-8-and-8-1/13678/,General
2014,04-12-2014,"Top 4 New Features of AirDroid, the Missing Android Feature",553,https://www.ampercent.com/new-features-of-airdroid/13683/,General
2014,05-12-2014,"One Hour Guide to Make Your Internet Life More Secure",1111,https://www.ampercent.com/encrypt-online-account/13690/,General
2014,05-12-2014,"How to Pin Posts On Google+ Profile or Google+ Page?",652,https://www.ampercent.com/how-to-pin-posts-on-google-profile-or-google-page/13697/,General
2014,06-12-2014,"How to Unlock Mac using Touch ID",607,https://www.ampercent.com/unlock-mac-using-touch-id/13719/,General
2014,06-12-2014,"How To Manage Your Hard Drive With Diskboss",731,https://www.ampercent.com/manage-hard-drive-diskboss/13618/,General
2014,06-12-2014,"Three Reasons Why is Apple Still Lagging behind Android in India",537,https://www.ampercent.com/why-is-apple-still-lagging-behind-android-in-india/13727/,General
2014,07-12-2014,"DU Speed Booster &#8211; Boost Performance Of Android Phone",895,https://www.ampercent.com/du-speed-booster-boost-performance-android-phone/13738/,General
2014,07-12-2014,"Best Online Tools To Create Images With Perfect Size For Social Media Sites",744,https://www.ampercent.com/best-online-tools-create-images-perfect-size-social-media-sites/13732/,General
2014,07-12-2014,"5 Steps To Remove KMPlayer Advertisements",489,https://www.ampercent.com/remove-kmplayer-advertisements/13707/,General
2014,07-12-2014,"Flow – Control Gadgets using Gestures",664,https://www.ampercent.com/flow-control-gadgets-using-gestures/13750/,General
2014,08-12-2014,"Top 7 Most Innovative Gadgets of 2014 [#4 is the Best]",881,https://www.ampercent.com/top-7-most-innovative-gadgets-of-2014/13765/,General
2014,08-12-2014,"How to Setup and Use AirDroid 3 on Windows and Android",539,https://www.ampercent.com/setup-and-use-airdroid-3/13773/,General
2014,08-12-2014,"AutoMath – Solve Math Problems on Android Camera",461,https://www.ampercent.com/automath-solve-math-problems-android-camera/13780/,General
2014,08-12-2014,"2 Ways To Make Facebook App Open Links Externally",556,https://www.ampercent.com/facebook-app-open-links/13756/,General
2014,09-12-2014,"How To Trace Your Lost Windows Mobile",628,https://www.ampercent.com/trace-lost-windows-mobile/13799/,General
2014,09-12-2014,"Bluesmart – The carry on Suitcase with Location Tracking",632,https://www.ampercent.com/bluesmart-digital-suitcase/13803/,General
2014,09-12-2014,"Make Unlimited Free Landline Calls and Mobile Calls using Call+ Application",606,https://www.ampercent.com/make-unlimited-free-landline-calls-mobile-calls-using-call-application/13809/,General
2014,09-12-2014,"KeeWiFi Router – One Tap Setup with Maximum Security",654,https://www.ampercent.com/keewifi-router/13819/,General
2014,09-12-2014,"Cortana is Coming Soon to Windows 10 [Video]",498,https://www.ampercent.com/cortana-in-windows-10/13826/,General
2014,09-12-2014,"Google Device Assist App for Fixing Smartphone Issues and Offering Lollipop Tips",472,https://www.ampercent.com/google-device-assist-app-fixing-smartphone-issues-offering-lollipop-tips/13817/,General
2014,10-12-2014,"Why To Choose Javelin Browser Than Chrome In Android?",787,https://www.ampercent.com/choose-javelin-browser-chrome-android/13833/,General
2014,10-12-2014,"Top 5 Most Popular and Less Known Android Apps by Microsoft",717,https://www.ampercent.com/android-apps-by-microsoft/13841/,General
2014,10-12-2014,"Release of Opera 26 final version with shared bookmarks and built-in print preview",706,https://www.ampercent.com/release-opera-26-final-version-shared-bookmarks-built-print-preview/13846/,General
2014,10-12-2014,"Official DevianArt App is Now Available for Android and iOS",621,https://www.ampercent.com/devianart-app-for-android-ios/13857/,General
2014,11-12-2014,"Best Back To School Android Apps",506,https://www.ampercent.com/best-back-school-android-apps/13867/,General
2014,11-12-2014,"How to Turn Anything into PDF on iPad",533,https://www.ampercent.com/pdf-office-turn-anything-into-pdf-on-ipad/13871/,General
2014,11-12-2014,"Google Launches App List and SDK for Google Cardboard VR",606,https://www.ampercent.com/google-cardboard-app-list-sdk/13876/,General
2014,11-12-2014,"How to Edit PDF File using Word Online",570,https://www.ampercent.com/edit-pdf-file-using-word-online/13882/,General
2014,11-12-2014,"How to Download and Watch YouTube Videos Offline on Android [Official Method]",509,https://www.ampercent.com/download-and-watch-youtube-videos-offline-on-android/13889/,General
2014,12-12-2014,"How to Setup Chromecast Guest Mode",526,https://www.ampercent.com/setup-chromecast-guest-mode/13908/,General
2014,12-12-2014,"Real-time News Feed for Web-based Yahoo Mail",503,https://www.ampercent.com/real-time-news-feed-web-based-yahoo-mail/13913/,General
2014,13-12-2014,"How to Convert After Effects Project to .mp4",533,https://www.ampercent.com/convert-after-effects-project-to-mp4/13924/,General
2014,14-12-2014,"Oppo R5 Smart Phone To Be Launched In India Soon",600,https://www.ampercent.com/oppo-r5-smart-phone-launched-india-soon/13956/,General
2014,14-12-2014,"Dual Booting OS X Yosemite and Windows 8",583,https://www.ampercent.com/dual-booting-os-x-yosemite-windows-8/13962/,General
2014,15-12-2014,"How to Disable Password Requirement when Waking Up from Sleep [Windows 10]",604,https://www.ampercent.com/disable-password-requirement-when-waking-up-from-sleep/13975/,General
2014,15-12-2014,"How to Remove Apps from Sharing List in Windows 10",462,https://www.ampercent.com/remove-apps-from-sharing-list-in-windows-10/13982/,General
2014,15-12-2014,"Last Seen Timestamp and Smart Location Sharing Features on Google Hangouts",509,https://www.ampercent.com/last-seen-timestamp-smart-location-sharing-features-google-hangouts/13986/,General
2014,16-12-2014,"How to Embed YouTube Video in PowerPoint 2013",451,https://www.ampercent.com/embed-youtube-video-in-powerpoint-2013/13993/,General
2014,16-12-2014,"How to Create GIF Image from YouTube video [Official Way with Limitations]",510,https://www.ampercent.com/create-gif-image-from-youtube-video/13997/,General
2014,16-12-2014,"Using Skype Translator Preview for English and Spanish Translation Services",511,https://www.ampercent.com/using-skype-translator-preview-english-spanish-translation-services/14001/,General
2014,18-12-2014,"How to Capture and Share Photo Privately on Android and iOS",607,https://www.ampercent.com/capture-and-share-photo-privately-on-android-and-ios/14015/,General
2014,18-12-2014,"Inserting or Adding Inline Images in the Body of Yahoo Email",483,https://www.ampercent.com/inserting-adding-inline-images-body-yahoo-email/14020/,General
2014,18-12-2014,"Google Contributor Program for Ad-free Internet Browsing",687,https://www.ampercent.com/google-contributor-program-ad-free-internet-browsing/14026/,General
2014,18-12-2014,"24me &#8211; Best Calendar and To-Do List Manager for Android and iOS",712,https://www.ampercent.com/24me-for-ios-android/14031/,General
2014,19-12-2014,"Editing Microsoft Office Files on Dropbox through MS Office Mobile App",518,https://www.ampercent.com/editing-microsoft-office-files-dropbox-ms-office-mobile-app/14042/,General
2014,19-12-2014,"Few Best Price Comparing Apps",376,https://www.ampercent.com/best-price-comparing-apps/14055/,General
2014,20-12-2014,"4 Awesome Google Apps You Should Know About",731,https://www.ampercent.com/awesome-google-apps/13789/,General
2014,20-12-2014,"9 Best Chrome Extensions You Must Have",626,https://www.ampercent.com/best-chrome-extensions/13941/,General
2014,20-12-2014,"How to Rearrange or Remove Effect of Instagram App [Android &amp; iOS]",477,https://www.ampercent.com/rearrange-or-remove-effect-of-instagram-app/14061/,General
2014,20-12-2014,"Stickered for Messenger Helps You to Add Stickers on Photos",471,https://www.ampercent.com/stickered-for-messenger/14060/,General
2014,21-12-2014,"How To Read and Reply To WhatsApp Messages Without Going Online",832,https://www.ampercent.com/reply-whatsapp-messages-lock-screen/14088/,General
2014,21-12-2014,"Best Travel Apps For iPad",467,https://www.ampercent.com/best-travel-apps-ipad/14104/,General
2014,22-12-2014,"PathTalk: Make Dinner Reservations or Book Spa Appointments by Messaging Businesses",648,https://www.ampercent.com/pathtalk-make-dinner-reservations-book-spa-appointments-messaging-businesses/14109/,General
2014,22-12-2014,"Automatically Change Multiple Passwords using Dashlane&#8217;s Password Changer Tool",561,https://www.ampercent.com/automatically-change-multiple-passwords-using-dashlanes-password-changer-tool/14114/,General
2014,22-12-2014,"Top 5 Adventure Games for Android of 2014",777,https://www.ampercent.com/top-5-adventure-games-android/14121/,General
2014,23-12-2014,"Top 5 Action Games for Android of 2014 [Free &amp; Paid]",761,https://www.ampercent.com/top-5-action-games-for-android-of-2014/14130/,General
2014,23-12-2014,"Getting Parental Control using Android Lollipop&#8217;s Restricted User Profile or Guest Profile",836,https://www.ampercent.com/getting-parental-control-using-android-lollipops-restricted-user-profile-guest-profile/14132/,General
2014,24-12-2014,"How to Scan Document on Android and Convert to PDF",487,https://www.ampercent.com/scan-document-on-android-and-convert-to-pdf/14148/,General
2014,24-12-2014,"Probable Features of Windows 10 Consumer Preview",501,https://www.ampercent.com/probably-features-windows-10-consumer-preview/14147/,General
2014,24-12-2014,"Unified Remote – Best App to Control PC using Android",687,https://www.ampercent.com/unified-remote-best-app-control-pc-using-android/14158/,General
2014,25-12-2014,"Best Shopping Apps For This Holiday Season",470,https://www.ampercent.com/best-shopping-apps-holiday-season/14170/,General
2014,26-12-2014,"KineMaster – Best Free Video Editor for Android",530,https://www.ampercent.com/kinemaster-best-free-video-editor-android/14175/,General
2014,26-12-2014,"Agent – Perfect Automation App for Android",601,https://www.ampercent.com/agent-perfect-automation-app-android/14179/,General
2014,26-12-2014,"Clearing Google Play Store Apps and Search History for Android",497,https://www.ampercent.com/clearing-google-play-store-apps-search-history-android/14184/,General
2014,27-12-2014,"Top 50 Android Apps by Google",2151,https://www.ampercent.com/top-50-android-apps-google/14198/,General
2014,27-12-2014,"How to Schedule SMS on Android and iOS",539,https://www.ampercent.com/schedule-sms-on-android-and-ios/14201/,General
2014,27-12-2014,"5 Best Android Apps To Speed Up The Internet",521,https://www.ampercent.com/5-best-android-apps-speed-internet/14211/,General
2014,29-12-2014,"Top and Best Note Taking Apps For iPhone and iPad",567,https://www.ampercent.com/top-best-note-taking-apps-iphone-ipad/14219/,General
2014,30-12-2014,"5 Best Action Games For iPad",528,https://www.ampercent.com/5-best-action-games-ipad/14226/,General
2014,31-12-2014,"Why You Should Upgrade To Internet Explorer 11",532,https://www.ampercent.com/upgrade-to-internet-explorer-11/14126/,General
2014,31-12-2014,"How to Use OK GOOGLE from Anywhere on Android",553,https://www.ampercent.com/use-ok-google-from-anywhere-on-android/14242/,General
2014,31-12-2014,"Word Lens Translator &#8211; Translate Language Using Camera [Android &amp; iOS]",473,https://www.ampercent.com/word-lens-translator-translate-language-using-camera-android-ios/14251/,General
2015,01-01-2015,"How to Synchronize Folders with Multiple Cloud Storage [Android]",512,https://www.ampercent.com/synchronize-folders-with-multiple-cloud-storage/14257/,General
2015,01-01-2015,"Manage Your All Movies and TV Shows using Mizuu",478,https://www.ampercent.com/manage-movies-using-mizuu/14261/,General
2015,01-01-2015,"Minuum Keyboard – The Least form of Android Keyboard",504,https://www.ampercent.com/minuum-keyboard/14266/,General
2015,01-01-2015,"How to Disable Word Suggestion on Android and iOS",531,https://www.ampercent.com/disable-word-suggestion-on-android-and-ios/14271/,General
2015,01-01-2015,"Three Tricks to Save Bandwidth on Mobile Tethering",659,https://www.ampercent.com/save-bandwidth-on-mobile-tethering/14280/,General
2015,02-01-2015,"How to Enable MAC Filtering in Any WiFi Router",560,https://www.ampercent.com/enable-mac-filtering-in-any-wifi-router/14291/,General
2015,02-01-2015,"Tips to use Clean Master Mobile Speed Booster Application or Smartphone Optimizer Tool",527,https://www.ampercent.com/tips-use-clean-master-mobile-speed-booster-application-smartphone-optimizer-tool/14299/,General
2015,02-01-2015,"Camera Zoom FX – Best Camera App for Android",593,https://www.ampercent.com/camera-zoom-fx/14305/,General
2015,02-01-2015,"SpyBot – Simple yet Effective Malware Detector for Windows",684,https://www.ampercent.com/spybot-malware-protection/14314/,General
2015,03-01-2015,"How to Invite Friends to an Event via Google Calendar",488,https://www.ampercent.com/invite-friends-to-event-via-google-calendar/14332/,General
2015,03-01-2015,"Top Three Free Firewall Protection for Windows",595,https://www.ampercent.com/free-firewall-protection-for-windows/14337/,General
2015,03-01-2015,"How to Open .dmg File on Windows",577,https://www.ampercent.com/open-dmg-file-on-windows/14341/,General
2015,03-01-2015,"Free Up Space On Your Smartphone With Memory Map App",566,https://www.ampercent.com/memory-map-app/14322/,General
2015,04-01-2015,"UpTo – Best Custom Public Calendar Maker to Organize Event",684,https://www.ampercent.com/upto-calendar/14351/,General
2015,04-01-2015,"Ultimate Guide to Transfer Files from PC to Mobile",601,https://www.ampercent.com/transfer-files-from-pc-to-mobile/14358/,General
2015,04-01-2015,"Replay – Edit Any Video within 5 Minutes on iOS",497,https://www.ampercent.com/replay-video-editor/14366/,General
2015,04-01-2015,"Three Apps to Create Time Lapse Video on iPhone",630,https://www.ampercent.com/create-time-lapse-video-on-iphone/14377/,General
2015,04-01-2015,"Swipe Keyboard Apps For Android You Should Try",586,https://www.ampercent.com/swipe-keyboard-apps/14350/,General
2015,05-01-2015,"Best Apps to Create Time Lapse Video on Android",584,https://www.ampercent.com/create-time-lapse-video-on-android/14381/,General
2015,05-01-2015,"How to Change Status Bar and Navigation Bar Color of Android [Root Required]",642,https://www.ampercent.com/change-status-bar-and-navigation-bar-color-of-android/14400/,General
2015,05-01-2015,"Ultimate List of Apps for Rooted Android Device",673,https://www.ampercent.com/apps-for-rooted-android-device/14410/,General
2015,05-01-2015,"Best Multiplayer Games For Android",520,https://www.ampercent.com/best-multiplayer-games-android/14416/,General
2015,05-01-2015,"5 Cydia Apps You Need After Jailbreaking your iPhone",708,https://www.ampercent.com/best-cydia-apps-for-iphone/14411/,General
2015,06-01-2015,"Control Smartphone Addiction With This App Called Instant",562,https://www.ampercent.com/control-smartphone-addiction/14429/,General
2015,06-01-2015,"Two Ways to Delete Cydia Apps from iPhone",534,https://www.ampercent.com/delete-cydia-apps/14435/,General
2015,06-01-2015,"How to Customize Icons of Control Center in iOS 7+",524,https://www.ampercent.com/customize-icons-of-control-center/14440/,General
2015,06-01-2015,"How to Send Image from iPhone for Entering Wrong Passcode using iCaughtU",524,https://www.ampercent.com/send-image-from-iphone-for-entering-wrong-passcode/14444/,General
2015,06-01-2015,"How to Enable Parental Control in iOS Device",588,https://www.ampercent.com/enable-parental-control-in-ios-device/14456/,General
2015,07-01-2015,"How To Screen Capture Images And Videos With Jing &#8211; [Windows and Mac]",581,https://www.ampercent.com/how-to-screen-capture/14466/,General
2015,07-01-2015,"How to Copy Files by Extension in Bulk",617,https://www.ampercent.com/copy-files-by-extension-in-bulk/14477/,General
2015,07-01-2015,"How to Open Multiple Apps in Bulk on Windows",615,https://www.ampercent.com/open-multiple-apps-in-bulk-on-windows/14490/,General
2015,07-01-2015,"Ring – A Next Generation Doorbell",576,https://www.ampercent.com/ring-next-generation-doorbell/14500/,General
2015,07-01-2015,"Nanu &#8211; The Best Android App to Make Free Phone Calls",568,https://www.ampercent.com/nanu-make-free-phone-calls/14428/,General
2015,08-01-2015,"August – A Smart Lock For Your Home",579,https://www.ampercent.com/august-smart-lock-home/14515/,General
2015,08-01-2015,"What to Do Before Selling Your Mobile?",549,https://www.ampercent.com/selling-mobile/14525/,General
2015,08-01-2015,"How to Save Images automatically from iMessage",526,https://www.ampercent.com/save-images-automatically-imessage/14533/,General
2015,08-01-2015,"Things You Won&#8217;t Believe Smart Light Bulbs Will Do Soon",490,https://www.ampercent.com/smart-light-bulb/14513/,General
2015,09-01-2015,"How To Disable Automatic App Updates In Windows 8 And Above",550,https://www.ampercent.com/disable-automatic-app-updates/14550/,General
2015,09-01-2015,"Top 3 Xposed Modules to Upgrade Your Mobile Experience",555,https://www.ampercent.com/best-xposed-modules/14558/,General
2015,09-01-2015,"Best QR Code Scanner for Android",590,https://www.ampercent.com/best-qr-code-scanner-android/14563/,General
2015,09-01-2015,"Five Signs That Indicate Malware in Your Android Mobile",584,https://www.ampercent.com/malware-infection-symptoms/14570/,General
2015,09-01-2015,"How to Transfer Large Files from PC to Mobile or vice versa",586,https://www.ampercent.com/transfer-large-files-using-shareit/14576/,General
2015,10-01-2015,"How To Download Any Map On Google Maps As Image",566,https://www.ampercent.com/download-google-maps-as-image/14592/,General
2015,10-01-2015,"How To Customize Google Now Notifications Of Live Scores",401,https://www.ampercent.com/customize-google-now-notifications-live-scores/14602/,General
2015,11-01-2015,"How to Add Android L Like Softkey in iOS",522,https://www.ampercent.com/add-android-l-like-softkey-in-ios/14611/,General
2015,11-01-2015,"How to Customize Lock Screen of iOS 7+",503,https://www.ampercent.com/customize-lock-screen-of-ios-7/14625/,General
2015,11-01-2015,"ScreenToGIF – Fastest Way to Create GIF File in Windows",567,https://www.ampercent.com/screentogif-create-gif-file-in-windows/14629/,General
2015,11-01-2015,"How to Customize [Almost] Anything of Windows",638,https://www.ampercent.com/customize-windows-customizergod/14636/,General
2015,12-01-2015,"Tips to Optimize Firefox Portable and Chrome Portable Browsers using SpeedyFox Portable",557,https://www.ampercent.com/tips-optimize-firefox-portable-chrome-portable-browsers-using-speedyfox-portable/14663/,General
2015,12-01-2015,"Shouter &#8211; Android App To Read Out Notifications Loud",615,https://www.ampercent.com/shouter-android-app-read-notifications-loud/14670/,General
2015,13-01-2015,"Smartphone Security Risks You Are Not Aware About",678,https://www.ampercent.com/smartphone-security-risks/14664/,General
2015,13-01-2015,"Manage Multiple Cloud Storage Accounts on Android",622,https://www.ampercent.com/manage-multiple-cloud-storage-accounts-on-android/14681/,General
2015,13-01-2015,"How to Convert Burst Photo into Video or GIF in iOS",531,https://www.ampercent.com/convert-burst-photo-into-video-or-gif-in-ios/14686/,General
2015,13-01-2015,"Two Apps to Remove App Cache from iOS Device",661,https://www.ampercent.com/remove-app-cache-from-ios-device/14690/,General
2015,13-01-2015,"How to Use Siri from Spotlight on iOS 8+",500,https://www.ampercent.com/use-siri-from-spotlight-on-ios-8/14695/,General
2015,13-01-2015,"How to Use WhatsApp Anonymously Without Using Original Contact Details",351,https://www.ampercent.com/use-whatsapp-anonymously/14700/,General
2015,13-01-2015,"SunDo &#8211; Review Of A Beautiful Productivity App",498,https://www.ampercent.com/beautiful-productivity-app/14701/,General
2015,13-01-2015,"5 Best Calendar Apps For Mac OS",731,https://www.ampercent.com/5-best-calendar-apps-mac-os/14713/,General
2015,14-01-2015,"How to Automatically Save Instagram Video to Any Cloud Storage",506,https://www.ampercent.com/save-instagram-video-to-any-cloud-storage/14721/,General
2015,14-01-2015,"How to Customize Folders in iOS",519,https://www.ampercent.com/customize-folders-in-ios/14733/,General
2015,14-01-2015,"How to Get More Features for Timer in iOS Camera",523,https://www.ampercent.com/get-more-features-for-timer-in-ios-camera/14742/,General
2015,14-01-2015,"Best Home Innovation Gadgets We Saw At CES 2015",727,https://www.ampercent.com/home-innovation-gadgets/14740/,General
2015,15-01-2015,"How to Hide New User Menu in Chrome 39",528,https://www.ampercent.com/hide-new-user-menu-in-chrome-39/14755/,General
2015,15-01-2015,"PhoneSwappr – Transfer Contacts between Multiple Platforms",577,https://www.ampercent.com/phoneswappr-transfer-contacts/14760/,General
2015,15-01-2015,"How to Get 5TB Free Cloud Storage for One Year",536,https://www.ampercent.com/bigstash/14764/,General
2015,15-01-2015,"Facebook at Work Pilot Marks Facebook&#8217;s Entry into Business Social Networking Space",778,https://www.ampercent.com/facebook-work-pilot-marks-facebooks-entry-business-social-networking-space/14698/,General
2015,15-01-2015,"10 Tips And Features Of Android Lollipop",1107,https://www.ampercent.com/10-tips-features-android-lollipop/14789/,General
2015,15-01-2015,"How To Send Large Files On Whatsapp Upto 2GB On Android [Rooted Phones]",498,https://www.ampercent.com/large-files-on-whatsapp/14800/,General
2015,16-01-2015,"Google Launches Classroom App for Android and iOS",550,https://www.ampercent.com/google-classroom-android-ios/14811/,General
2015,16-01-2015,"Best Alternatives to Stock Apps for iOS",876,https://www.ampercent.com/best-alternatives-stock-apps-ios/14815/,General
2015,17-01-2015,"Adobe Launches Adobe Lightroom for Android",626,https://www.ampercent.com/adobe-lightroom-for-android/14834/,General
2015,17-01-2015,"How to Set GIF Image in Background in iOS",520,https://www.ampercent.com/set-gif-image-in-background-in-ios/14841/,General
2015,17-01-2015,"Top Three Apps to Customize Jailbroken iOS Device [App Roundup]",515,https://www.ampercent.com/three-apps-to-customize-jailbroken-ios/14847/,General
2015,17-01-2015,"How to Open ASPX File and Convert ASPX to PDF",463,https://www.ampercent.com/open-aspx-and-convert-to-pdf/14823/,General
2015,17-01-2015,"TextBlade &#8211; Professional Grade Touch and Type Tiny Keyboard For Your Smartphone",495,https://www.ampercent.com/textblade-tiny-keyboard-for-smartphone/14867/,General
2015,18-01-2015,"5 Best Photo Editing Apps For iOS 8",710,https://www.ampercent.com/5-best-photo-editing-apps-ios-8/14872/,General
2015,18-01-2015,"How to Install and Run Android Apps On Any PC With Chrome",480,https://www.ampercent.com/install-run-android-apps-on-pc-with-chrome/14871/,General
2015,18-01-2015,"7 Apps To Improve Your Work Life",772,https://www.ampercent.com/improve-your-work-life/14868/,General
2015,19-01-2015,"Three Tips to Capture Better Photo using Mobile [For Beginners]",658,https://www.ampercent.com/capture-better-photo-mobile/14891/,General
2015,19-01-2015,"5 Android Browsers To Speed Up Internet Surfing",575,https://www.ampercent.com/speed-up-internet-surfing/14897/,General
2015,20-01-2015,"How to get Apple Watch UI on iPhone",540,https://www.ampercent.com/get-apple-watch-ui-on-iphone/14909/,General
2015,20-01-2015,"How to Insert SD Card in iPhone without any Card Slot",563,https://www.ampercent.com/insert-sd-card-in-iphone/14913/,General
2015,20-01-2015,"How to Create Portable Version of Any Windows App",563,https://www.ampercent.com/create-portable-version-of-any-windows-app/14921/,General
2015,20-01-2015,"How to Install and Run Software from Cloud",554,https://www.ampercent.com/install-and-run-software-from-cloud/14928/,General
2015,20-01-2015,"How to Uninstall AVG PC TuneUp Trial Version?",466,https://www.ampercent.com/uninstall-avg-pc-tuneup-trial-version/14935/,General
2015,21-01-2015,"How to Manually Update Moto G 2nd Generation to Android Lollipop",573,https://www.ampercent.com/manually-update-moto-g-2nd-generation-to-android-lollipop/14954/,General
2015,21-01-2015,"How to Use Google Chrome as Music Player of YouTube",539,https://www.ampercent.com/use-google-chrome-as-music-player-of-youtube/14964/,General
2015,21-01-2015,"Keeping Track of your Android Smartphone Usage with QualityTime Productivity App",599,https://www.ampercent.com/keeping-track-android-smartphone-usage-qualitytime-productivity-app/14974/,General
2015,21-01-2015,"Writeily Pro – Neat and Clean Note Taking App for Android",536,https://www.ampercent.com/writeily-pro-note-taking-app-for-android/14981/,General
2015,21-01-2015,"6 Ways to Reduce Spam Comments on WordPress Blog",733,https://www.ampercent.com/6-ways-reduce-spam-comments-wordpress-blog/14989/,General
2015,22-01-2015,"WhatsApp for Web is Now Available for Chrome",658,https://www.ampercent.com/whatsapp-for-web/15000/,General
2015,22-01-2015,"Camu – fastest Way to Share Photo and Video with Friends",477,https://www.ampercent.com/camu-best-social-camera/14991/,General
2015,22-01-2015,"Top 5 Hidden Facebook Features You don&#8217;t Know About",627,https://www.ampercent.com/top-5-hidden-facebook-features/14990/,General
2015,22-01-2015,"How to Fit More Songs on iPhone by Converting Higher Bit Rate Songs?",652,https://www.ampercent.com/fit-songs-iphone-converting-higher-bit-rate-songs/15024/,General
2015,22-01-2015,"3 Ways To Find Your Windows Product Key",573,https://www.ampercent.com/find-your-windows-product-key/15030/,General
2015,23-01-2015,"How to Convert Different File Formats in Bulk",639,https://www.ampercent.com/convert-different-formats-in-bulk/15050/,General
2015,23-01-2015,"Official Dropbox App is Now Available For Windows Phones and Tablets",631,https://www.ampercent.com/official-dropbox-app-windows-phone-tablate/15049/,General
2015,23-01-2015,"How to Bypass Online Paywalls with Incognito Mode or Private Browsing?",526,https://www.ampercent.com/bypass-online-paywalls-incognito-mode-private-browsing/15063/,General
2015,23-01-2015,"Top 5 Missing Features of Android",610,https://www.ampercent.com/missing-features-of-android/15072/,General
2015,23-01-2015,"Top 3 Reminder Apps for Your Smartphone",629,https://www.ampercent.com/top-3-reminder-apps-smartphone/15070/,General
2015,23-01-2015,"Things to Know Before You Buy A Smartphone",543,https://www.ampercent.com/things-to-know-before-buy-smartphone/15071/,General
2015,24-01-2015,"What is New in Windows 10 January Build?",796,https://www.ampercent.com/new-windows-10-january-build/15087/,General
2015,24-01-2015,"How to Setup Auto Responder in Mad Mimi [Bloggers Guide]",509,https://www.ampercent.com/setup-auto-responder-mad-mimi-bloggers-guide/15092/,General
2015,24-01-2015,"How To Receive Your Android Notifications On PC Instantly",850,https://www.ampercent.com/android-notifications-on-pc/15077/,General
2015,24-01-2015,"10 Best Google Chrome Tips and Tricks",795,https://www.ampercent.com/10-best-google-chrome-tips-tricks/15110/,General
2015,24-01-2015,"5 Best Weight Loss Apps You Need To Install",972,https://www.ampercent.com/5-best-weight-loss-apps-need-install/15119/,General
2015,25-01-2015,"Top 3 More Secure Communication Apps than WhatsApp",763,https://www.ampercent.com/more-secure-communication-apps-than-whatsapp/15127/,General
2015,25-01-2015,"Automatically Shut down Windows 7 and Windows 8",578,https://www.ampercent.com/automatically-shut-windows-7-windows-8/15132/,General
2015,26-01-2015,"How to Select the Best Laptop, Mobile, MP3 Player, Pen Drive and SSD",539,https://www.ampercent.com/select-the-best-laptop-mobile-product-chart/15142/,General
2015,26-01-2015,"Outlook.com Allows to Save Email Attachments to OneDrive",542,https://www.ampercent.com/outlook-com-allows-save-email-attachments-onedrive/15152/,General
2015,27-01-2015,"Facebook Launches Facebook Lite &#8211; Fast Loading Facebook client",621,https://www.ampercent.com/facebook-launches-facebook-lite/15166/,General
2015,27-01-2015,"Setting File Explorer in Windows 10 Build 9926 to Open This PC View instead of Quick Access View",556,https://www.ampercent.com/setting-file-explorer-windows-10-build-9926-open-pc-view-instead-quick-access-view/15176/,General
2015,27-01-2015,"Tips to Enable Spartan Edge Rendering Engine within IE11 for Windows 10 build 9926",593,https://www.ampercent.com/tips-enable-spartan-edge-rendering-engine-within-ie11-windows-10-build-9926/15181/,General
2015,27-01-2015,"Group Direct Messages On Twitter Along With Video Sharing",611,https://www.ampercent.com/group-direct-messages-twitter-along-video-sharing/15191/,General
2015,28-01-2015,"How to Add or Remove Programs from Win+X Menu in Windows 10",605,https://www.ampercent.com/customize-winx-menu-windows-10/15195/,General
2015,28-01-2015,"Use Your Smartphone As A Keyboard, Touchpad or Joystick For PC",558,https://www.ampercent.com/smartphone-as-a-keyboard/15185/,General
2015,28-01-2015,"Top Laptop Insurance Providers in UK Offering Best Insurance Cover for Laptops",726,https://www.ampercent.com/top-laptop-insurance-providers-uk-offering-best-insurance-cover-laptops/15210/,General
2015,29-01-2015,"How to Manage All Browsers from One Place on Windows",561,https://www.ampercent.com/manage-all-browsers-from-one-place-on-windows/15224/,General
2015,29-01-2015,"How To Use Your Smartphone Without Even Touching The Screen",682,https://www.ampercent.com/use-smartphone-without-even-touching-screen/15219/,General
2015,29-01-2015,"Sync Windows Phone Calendar with World Cup 2015 Schedule",548,https://www.ampercent.com/sync-windows-phone-calendar-world-cup-2015-schedule/15235/,General
2015,30-01-2015,"Best Google Chrome Extension to take Screenshots",487,https://www.ampercent.com/best-google-chrome-extension-take-screenshots/15248/,General
2015,31-01-2015,"Fhotoroom: Sharing and Photo Editing App for Windows Phone",546,https://www.ampercent.com/fhotoroom-sharing-photo-editing-app-windows-phone/15256/,General
2015,31-01-2015,"How To Convert Music And Video Files With VLC",525,https://www.ampercent.com/convert-music-video-files-vlc/15262/,General
2015,31-01-2015,"Sign in To User Accounts Automatically At Windows 10 Startup",565,https://www.ampercent.com/sign-in-user-accounts-automatically-windows-10/15272/,General
2015,01-02-2015,"How to Fix – Unknown Error Code during Application Install 24",715,https://www.ampercent.com/fix-unknown-error-code-during-application-install-24/15280/,General
2015,01-02-2015,"5 Best Games to Play in Google Chrome Browser",755,https://www.ampercent.com/5-best-games-play-google-chrome-browser/15286/,General
2015,02-02-2015,"Review of Official ICC Cricket World Cup 2015 App for Smartphones",744,https://www.ampercent.com/review-official-icc-cricket-world-cup-2015-app-smartphones/15296/,General
2015,04-02-2015,"How to Send Encrypted Email from Android and iOS",625,https://www.ampercent.com/send-encrypted-email/15320/,General
2015,04-02-2015,"How to Make Windows 10 Start Menu Transparent using Glass2K?",657,https://www.ampercent.com/make-windows-10-start-menu-transparent-using-glass2k/15332/,General
2015,05-02-2015,"How to Backup Social Media Data to Windows PC?",714,https://www.ampercent.com/backup-social-media-data-windows-pc/15347/,General
2015,05-02-2015,"7 Most Innovative Android Apps of 2014",744,https://www.ampercent.com/most-innovative-android-apps-of-2014/15331/,General
2015,05-02-2015,"Use Google Chrome to Test Your Website in Various Devices",573,https://www.ampercent.com/use-google-chrome-test-website-various-devices/15365/,General
2015,05-02-2015,"How to Change &#8216;Update&#8217; Setting in Windows 10 Tech Preview",711,https://www.ampercent.com/change-update-setting-windows-10-technical-preview/15333/,General
2015,06-02-2015,"Magisto Video Editor is Now Available for Windows",637,https://www.ampercent.com/magisto-for-windows/15371/,General
2015,06-02-2015,"Two Ways To Disable Command Prompt in Windows 8",524,https://www.ampercent.com/disable-command-prompt-in-windows-8/15383/,General
2015,07-02-2015,"Best Features of Vivaldi Web Browser",556,https://www.ampercent.com/best-features-vivaldi-web-browser/15393/,General
2015,08-02-2015,"How To Use Windows Calculator For Number System Conversions",469,https://www.ampercent.com/use-windows-calculator-number-system-conversions/15401/,General
2015,09-02-2015,"9 Apps To Help Beat Stress And Improve Performance",882,https://www.ampercent.com/apps-to-help-beat-stress/15409/,General
2015,09-02-2015,"How to Hide Caller ID when Making Call from iOS",691,https://www.ampercent.com/hide-caller-id-when-making-call-from-ios/15422/,General
2015,09-02-2015,"How to Block Particular IP Range using Windows Firewall",624,https://www.ampercent.com/block-particular-ip-range-using-windows-firewall/15428/,General
2015,09-02-2015,"Downloading Universal Office Apps Word, Excel and Powerpoint to Windows 10",663,https://www.ampercent.com/downloading-universal-office-apps-word-excel-powerpoint-windows-10/15435/,General
2015,10-02-2015,"How to Enable Windows 10 Type Taskbar Search Box in Windows 7 or 8 or 8.1?",760,https://www.ampercent.com/enable-windows-10-type-taskbar-search-box-windows-7-8-8-1/15442/,General
2015,10-02-2015,"Review of Star India&#8217;s Hotstar App for Live TV, Sports and Video On Demand",653,https://www.ampercent.com/review-star-indias-hotstar-app-live-tv-sports-video-demand/15448/,General
2015,10-02-2015,"How to Add AdBlock Extension in Vivaldi Web Browser",201,https://www.ampercent.com/add-adblock-in-vivaldi/15392/,General
2015,10-02-2015,"How to disable Facebook Email Id?",536,https://www.ampercent.com/disable-facebook-email-id/15458/,General
2015,11-02-2015,"How to Get Free 100 GB One Drive Storage for 2 Years",496,https://www.ampercent.com/get-free-100-gb-one-drive-storage-for-2-years/15468/,General
2015,11-02-2015,"3 Ways To Hide A Drive In Windows 8 Or 8.1",723,https://www.ampercent.com/hide-a-drive-in-windows-8/15474/,General
2015,11-02-2015,"How to Manage All User Accounts from One Place on Windows",505,https://www.ampercent.com/manage-all-user-accounts-from-one-place-on-windows/15487/,General
2015,12-02-2015,"How to Turn Windows 10 PC into a Wi-Fi Hotspot without Software",549,https://www.ampercent.com/turn-windows-10-pc-into-a-wi-fi-hotspot/15499/,General
2015,12-02-2015,"How to Disable Spotlight Suggestions in Safari for Yosemite",486,https://www.ampercent.com/disable-spotlight-suggestions-in-safari-for-yosemite/15504/,General
2015,12-02-2015,"How to Create Sweepstakes Contest Online with your own Amazon Giveaway Tool?",674,https://www.ampercent.com/create-sweepstakes-contest-online-amazon-giveaway-tool/15508/,General
2015,13-02-2015,"Using Line@ App to Broadcast Communication Messages to Clients",498,https://www.ampercent.com/using-line-app-broadcast-communication-messages-clients/15529/,General
2015,13-02-2015,"Legacy Contact in Facebook allows you to manage Account of a death person",544,https://www.ampercent.com/legacy-contact-facebook-allows-manage-account-death-person/15535/,General
2015,15-02-2015,"3 Best Online Email Address Generators",527,https://www.ampercent.com/3-best-online-email-address-generators/15558/,General
2015,16-02-2015,"Know Contact Names of Calls from Unknown Sources using Truedialer App",533,https://www.ampercent.com/know-contact-names-calls-unknown-sources-using-truedialer-app/15563/,General
2015,16-02-2015,"How to Launch Apps from Lock Screen on iOS",504,https://www.ampercent.com/launch-apps-from-lock-screen-on-ios/15571/,General
2015,16-02-2015,"How To Delete Your Facebook Search History And Save Privacy",481,https://www.ampercent.com/how-to-delete-your-facebook-search-history/15579/,General
2015,19-02-2015,"CrashPlan – Cheap and Best Backup Service for PC",686,https://www.ampercent.com/crashplan-cheap-best-backup-service-pc/15598/,General
2015,19-02-2015,"How to Copy Text Between Windows PC and Android Smartphone using Alt-C App?",600,https://www.ampercent.com/copy-text-windows-pc-android-smartphone-using-alt-c-app/15602/,General
2015,19-02-2015,"Top Cricket World Cup 2015 Apps for Live Score Updates or Live Streaming Online",1056,https://www.ampercent.com/top-cricket-world-cup-2015-apps-live-score-updates-live-streaming-online/15608/,General
2015,19-02-2015,"Firefox Hello : Start the Video Call from your Mozilla Browser",497,https://www.ampercent.com/firefox-hello-start-video-call-mozilla-browser/15613/,General
2015,20-02-2015,"Using Popular Railway Android Apps for Indian Rail Information",892,https://www.ampercent.com/using-popular-railway-android-apps-indian-rail-information/15621/,General
2015,22-02-2015,"Search Bookmarks and History items from Chrome Address Bar",677,https://www.ampercent.com/search-bookmarks-history-items-chrome-address-bar/15629/,General
2015,23-02-2015,"How To Delete Google Search History",829,https://www.ampercent.com/delete-google-search-history/15642/,General
2015,24-02-2015,"How to Legally Download Paid Android Apps for Free",605,https://www.ampercent.com/legally-download-paid-android-apps-for-free/15656/,General
2015,24-02-2015,"Tips to Apply for Google Apps Referral Program in India",716,https://www.ampercent.com/tips-apply-google-apps-referral-program-india/15661/,General
2015,24-02-2015,"How can Publishers Earn Money by Joining Google Consumer Surveys?",876,https://www.ampercent.com/can-publishers-earn-money-joining-google-consumer-surveys/15668/,General
2015,24-02-2015,"How to Identify SuperFish Adware and Remove it from Lenovo Laptops?",726,https://www.ampercent.com/identify-superfish-adware-remove-lenovo-laptops/15673/,General
2015,25-02-2015,"How to Create Multiple Firefox Profiles for better Privacy",567,https://www.ampercent.com/how-to-create-multiple-firefox-profiles/15680/,General
2015,25-02-2015,"How to Create Facebook Store to Sell Products Online through Facebook Page?",1132,https://www.ampercent.com/create-facebook-store-sell-products-online-facebook-page/15678/,General
2015,26-02-2015,"How to Check Tab Memory Usage by Firefox or Chrome Browser?",637,https://www.ampercent.com/check-tab-memory-usage-firefox-chrome-browser/15694/,General
2015,27-02-2015,"How to transfer ownership of shared folder in Dropbox?",558,https://www.ampercent.com/transfer-ownership-shared-folder-dropbox/15707/,General
2015,27-02-2015,"100% Charged in 5 mins: Portable Smartphone Charger",683,https://www.ampercent.com/supercapacitor-portable-smartphone-charger-full-charge-5-mins/13369/,General
2015,28-02-2015,"How to Save Tweets in Google Spreadsheet for Any Hashtag",603,https://www.ampercent.com/save-tweets-google-spreadsheet-any-hashtag/15715/,General
2015,28-02-2015,"All You Need to Know About WhatsApp Privacy and Security",789,https://www.ampercent.com/whatsapp-privacy-security/15723/,General
2015,28-02-2015,"How To Delete Or Restore Recovery Partition In Windows 8",515,https://www.ampercent.com/delete-restore-recovery-partition-windows-8/15729/,General
2015,01-03-2015,"Gmail Tip: Automatically Delete Incoming Unwanted Mails",494,https://www.ampercent.com/gmail-tip-automatically-delete-incoming-unwanted-mails/15735/,General
2015,03-03-2015,"Use Google Chrome to Remove Password from PDF Files",521,https://www.ampercent.com/use-google-chrome-remove-password-pdf-files/15743/,General
2015,03-03-2015,"How to Highlight and Share Text Screenshots on Twitter?",478,https://www.ampercent.com/highlight-share-text-screenshots-twitter-using-oneshot-ios-app/15748/,General
2015,04-03-2015,"How to Use Stock Market Trading App Edelweiss Mobile Trader?",700,https://www.ampercent.com/use-stock-market-trading-app-edelweiss-mobile-trader/15755/,General
2015,04-03-2015,"How to Check Username Availability on all Social Networking Sites at once",506,https://www.ampercent.com/check-username-availability-on-all-social-networking-sites/15772/,General
2015,05-03-2015,"How to Enable Night Mode on Windows and Mac without Any Software",753,https://www.ampercent.com/enable-night-mode-windows-mac/15774/,General
2015,05-03-2015,"How to Open Links in Background on Android with Flynx",557,https://www.ampercent.com/open-links-background-android-flynx/15781/,General
2015,07-03-2015,"Share Files from Desktop using Drag &amp; Drop",752,https://www.ampercent.com/share-files-desktop-drag-drop/15796/,General
2015,09-03-2015,"How to Remove System Apps from Android [Root Required]",711,https://www.ampercent.com/remove-system-apps-from-android/15806/,General
2015,09-03-2015,"Use These 3 Tools to Write Better Emails",650,https://www.ampercent.com/use-these-3-tools-to-write-better-emails/15810/,General
2015,13-03-2015,"How to Improve Virtual Machine Performance",629,https://www.ampercent.com/improve-virtual-machine-performance/15817/,General
2015,13-03-2015,"WinLaunch: Mac OS X like Launcher for Windows",527,https://www.ampercent.com/winlaunch-mac-os-x-like-launcher-for-windows/15821/,General
2015,13-03-2015,"How to share Facebook Posts to Specific people only?",629,https://www.ampercent.com/how-to-share-facebook-posts-to-specific-people-only/15827/,General
2015,16-03-2015,"6 Most Common Android Problems and Solutions",707,https://www.ampercent.com/most-common-android-problems-and-solutions/15834/,General
2015,20-03-2015,"FreeCommander – Free and Better File Manager for Windows",672,https://www.ampercent.com/freecommander-file-manager-windows/15843/,General
2015,20-03-2015,"3 Ways To Restrict Access To Windows Administrative Tools",561,https://www.ampercent.com/restrict-access-to-windows-administrative-tools/15858/,General
2015,03-04-2015,"Ultimate Tips and Tricks for New YouTube Channel Owner",1530,https://www.ampercent.com/ultimate-tips-and-tricks-new-youtube-channel-owner/15870/,General
2015,04-04-2015,"How to Use Wolfram Alpha to Solve English Word Puzzles?",618,https://www.ampercent.com/how-to-use-wolfram-alpha-to-solve-english-word-puzzles/15876/,General
2015,05-04-2015,"Make the Best Use of Google Quick Answer Box",1318,https://www.ampercent.com/make-the-best-use-of-google-quick-answer-box/15889/,General
2015,08-04-2015,"Top 15 Tricks to use Spotlight Search on Yosemite like Never Before",1143,https://www.ampercent.com/spotlight-search-tips-and-tricks/15935/,General
2015,09-04-2015,"30 Best Paid Android Games Of All Time",2637,https://www.ampercent.com/30-best-paid-android-games-of-all-time/15866/,General
2015,16-04-2015,"30 Unknown Free Android Apps You Should Know About",2696,https://www.ampercent.com/unknown-free-android-apps/15954/,General
2015,16-04-2015,"Top 11 Most Useful Hidden Features and Tweaks of Windows 10",1473,https://www.ampercent.com/hidden-features-tweaks-windows-10/15975/,General
2015,19-04-2015,"Best Android Apps And Tricks To Manage Your Contacts",1328,https://www.ampercent.com/android-apps-tricks-manage-your-contacts/16016/,General
2015,21-04-2015,"25 Most Useless Apps Ever Made",2093,https://www.ampercent.com/25-most-useless-apps-ever-made/16015/,General
2015,23-04-2015,"Top 8 Job Search Mobile Applications for Job Seekers",1921,https://www.ampercent.com/top-8-job-search-mobile-applications-for-job-seekers/16060/,General
2015,24-04-2015,"Tools And Software Every Freelancer Should Use To Be More Productive",2082,https://www.ampercent.com/tools-software-increase-freelancer-productivity/16058/,General
2015,24-04-2015,"How to Use Mac Time Machine for Backing up and Restoring Data",1381,https://www.ampercent.com/use-mac-time-machine-backing-up-restoring-data/16083/,General
2015,26-04-2015,"20 Best Apps and Tools to Improve English Grammar",2020,https://www.ampercent.com/tools-to-improve-english-grammar/16071/,General
2015,27-04-2015,"How to Create Android and iOS Apps for a Blog or Website Without Any Coding?",2235,https://www.ampercent.com/how-to-create-android-and-ios-apps-for-a-blog-or-website-without-any-coding/16093/,General
2015,28-04-2015,"Top 5 Tools to Remove Windows Programs in Bulk",1287,https://www.ampercent.com/remove-windows-programs-bulk/16081/,General
2015,29-04-2015,"10 Best Websites to Write And Publish Your Ebook On the Web",1850,https://www.ampercent.com/write-and-publish-your-ebook/16063/,General
2015,29-04-2015,"Top 10 Android Apps for Web Designers and Developers",1418,https://www.ampercent.com/top-10-android-apps-web-designers-developers/16132/,General
2015,02-05-2015,"DuckDuckGo vs Google: When to Use DuckDuckGo Compared to Google?",1832,https://www.ampercent.com/duckduckgo-vs-google-when-to-use-duckduckgo-compared-to-google/16153/,General
2015,02-05-2015,"How to Check and Get Google Adsense Matched Content Approval for Website or Blog?",1205,https://www.ampercent.com/how-to-check-and-get-google-adsense-matched-content-approval-for-website-or-blog/16151/,General
2015,03-05-2015,"Best Freelance Job Sites to Find Small, Micro Gigs",1351,https://www.ampercent.com/best-freelance-job-sites-find-small-micro-gigs/16194/,General
2015,05-05-2015,"Best Screen Recording Apps For Android",1191,https://www.ampercent.com/best-screen-recording-apps-android/16209/,General
2015,07-05-2015,"Learn and Practice Yoga With These 10 Tools And Apps",1887,https://www.ampercent.com/learn-and-practice-yoga-with-these-10-tools-and-apps/16143/,General
2015,09-05-2015,"Prevent Phishing Attack Using Google’s Password Alert Tool",976,https://www.ampercent.com/prevent-phishing-attack-using-googles-password-alert-tool/16215/,General
2015,13-05-2015,"Best Apps to Monitor Mobile Data Usage",1524,https://www.ampercent.com/best-apps-monitor-mobile-data-usage/16232/,General
2015,16-05-2015,"Scan and Save Old Printed Photos Into Your Smartphone",1048,https://www.ampercent.com/scan-and-save-old-printed-photos-into-your-smartphone/16258/,General
2015,25-05-2015,"How to Use Android Device Manager to Find Your Lost Android Mobile",914,https://www.ampercent.com/use-android-device-manager-find-your-lost-android-mobile/16272/,General
2015,28-05-2015,"Everything You Need to Know About Android Clarity Keyboard",968,https://www.ampercent.com/android-clarity-keyboard/16281/,General
2015,31-05-2015,"How To Completely Backup WhatsApp Chats, Contacts And Restore Them Later?",1675,https://www.ampercent.com/how-to-completely-backup-whatsapp-chats-contacts-and-restore-them-later/16095/,General
2015,03-06-2015,"A Complete Solution to Find and Update Outdated Windows Device Drivers",866,https://www.ampercent.com/complete-solution-to-find-update-windows-drivers/16309/,General
2015,04-06-2015,"Best Tools To Create Your Online Portfolio",1238,https://www.ampercent.com/best-tools-create-your-online-portfolio/16307/,General
2015,05-06-2015,"Top 31 Resources for Graphic Designers",1664,https://www.ampercent.com/top-31-resources-graphic-designers/16339/,General
2015,14-06-2015,"How To Downgrade Windows Phone 10 Preview to 8.1",1022,https://www.ampercent.com/downgrade-windows-phone-10-preview-to-8-1/16354/,General
2015,19-06-2015,"Everything You Need to Know Before Upgrading to Windows 10 ",1110,https://www.ampercent.com/windows-10-faq/16364/,General
2015,20-06-2015,"The Best 5 Cashback Sites On the Web",2208,https://www.ampercent.com/the-best-5-cashback-sites-on-the-web/16094/,General
2015,23-06-2015,"Top 7 Free Android Math Apps for Students",1715,https://www.ampercent.com/top-7-free-android-math-apps-for-students/16384/,General
2015,25-06-2015,"Top 10 Reasons To Upgrade Your PC To Windows 10",1218,https://www.ampercent.com/top-10-reasons-to-upgrade-your-pc-to-windows-10/16393/,General
2015,26-06-2015,"8 Best Android Apps For Comic Book Lovers",1168,https://www.ampercent.com/8-best-android-apps-for-comic-book-lovers/16349/,General
2015,27-06-2015,"Top 6 image Editing Apps for Windows Phone 10",909,https://www.ampercent.com/image-editing-apps-for-windows-phone-10/16401/,General
2015,27-06-2015,"How to Prepare an Udemy Online Course and Earn Money?",1852,https://www.ampercent.com/how-to-prepare-an-udemy-online-course-and-earn-money/16391/,General
2015,30-06-2015,"Top 7 Xposed Modules To Customize Android Appearance",988,https://www.ampercent.com/top-7-xposed-modules-to-customize-android-appearance/16421/,General
2015,30-06-2015,"Everything You Need to Know About New Google Account Management Panel",905,https://www.ampercent.com/new-google-account-management-panel/16426/,General
2015,01-07-2015,"How to Reserve and Cancel Free Copy of Windows 10",951,https://www.ampercent.com/reserve-cancel-free-copy-of-windows-10/16383/,General
2015,08-07-2015,"Best 5 Mobile Wallets for Online Payments in India",2224,https://www.ampercent.com/best-5-mobile-wallets-for-online-payments-in-india/16425/,General
2015,08-07-2015,"Best Alternatives to Windows Media Center for Windows 10",953,https://www.ampercent.com/best-alternatives-to-windows-media-center-for-windows-10/16461/,General
2015,10-07-2015,"Fix : Windows 10 Reserve Button not Showing on Taskbar",652,https://www.ampercent.com/windows-10-reserve-button-not-showing-on-taskbar/16471/,General
2015,10-07-2015,"What is New in Android M Developer Preview Update 2",619,https://www.ampercent.com/what-is-new-in-android-m-developer-preview-update-2/16477/,General
2015,14-07-2015,"How to Sideload Apps on Windows 10 and Windows Phone 10",748,https://www.ampercent.com/sideload-apps-on-windows-10-and-windows-phone-10/16480/,General
2015,18-07-2015,"How to Downgrade from iOS 9 Public Beta to iOS 8",491,https://www.ampercent.com/downgrade-from-ios-9-public-beta-to-ios-8/16495/,General
2015,21-07-2015,"How to Download Map on Windows 10 and Windows Phone 10",522,https://www.ampercent.com/how-to-download-map-on-windows-10-and-windows-phone-10/16498/,General
2015,23-07-2015,"Send: A Brand New Email App for iOS by Microsoft",584,https://www.ampercent.com/send-email-app-ios-microsoft/16506/,General
2015,23-07-2015,"How to Change Default Search Engine of Microsoft Edge",467,https://www.ampercent.com/change-default-search-engine-of-microsoft-edge/16510/,General
2015,25-07-2015,"How to Stream Xbox One Game to Windows 10 PC",594,https://www.ampercent.com/stream-xbox-one-game-to-windows-10-pc/16517/,General
2015,27-07-2015,"How to Add Custom Name for Places in Google Maps",484,https://www.ampercent.com/how-to-add-custom-name-for-places-in-google-maps/16521/,General
2015,29-07-2015,"How to Download Official Windows 10 ISO for Free",543,https://www.ampercent.com/how-to-download-official-windows-10-iso-for-free/16534/,General
2015,01-08-2015,"How to Capture Screenshot and Record Screen using Xbox for Windows 10",580,https://www.ampercent.com/how-to-capture-screenshot-and-record-screen-using-xbox-for-windows-10/16545/,General
2015,03-08-2015,"6 Reasons Why You Should Buy Samsung Galaxy A8",790,https://www.ampercent.com/samsung-galaxy-a8-full-phone-specification-and-price/16560/,General
2015,05-08-2015,"Gionee Launched Marathon M4 with 5000mAh Battery",612,https://www.ampercent.com/full-phone-specification-of-gionee-marathon-m4/16564/,General
2015,06-08-2015,"How to Manage Windows 10 Privacy Settings using DoNotSpy",545,https://www.ampercent.com/manage-windows-10-privacy-using-donotspy/16584/,General
2015,09-08-2015,"How to Use WhatsApp for Web in Microsoft Edge and Internet Explorer",472,https://www.ampercent.com/use-whatsapp-for-web-in-microsoft-edge-and-internet-explorer/16589/,General
2015,10-08-2015,"How to Install Android Apps on Windows Phone 10",588,https://www.ampercent.com/install-android-apps-on-windows-phone-10/16595/,General
2015,11-08-2015,"Top 6 Online Grocery Shopping Apps in India",1926,https://www.ampercent.com/top-6-online-grocery-shopping-apps-in-india/16588/,General
2015,12-08-2015,"Microsoft Remote Desktop Preview App is Available for Mac",494,https://www.ampercent.com/microsoft-remote-desktop-preview-app-is-available-for-mac/16607/,General
2015,12-08-2015,"What is New in Windows 10 Mobile Build 10512",536,https://www.ampercent.com/what-is-new-in-windows-10-mobile-build-10512/16610/,General
2015,14-08-2015,"How to Get Windows 7 Like Start Menu in Windows 10",626,https://www.ampercent.com/how-to-get-windows-7-like-start-menu-in-windows-10/16625/,General
2015,14-08-2015,"How to Set Up Automatic Reply in Windows 10 Mail App",472,https://www.ampercent.com/how-to-set-up-automatic-reply-in-windows-10-mail-app/16635/,General
2015,17-08-2015,"Ways to boost internet traffic to your website",948,https://www.ampercent.com/boost-internet-traffic-to-your-website/16640/,General
2015,18-08-2015,"What To Expect From Android 6.0 Marshmallow",681,https://www.ampercent.com/what-to-expect-from-android-6-0-marshmallow/16645/,General
2015,18-08-2015,"How to Set Any Song as Alarm Tone in iOS",467,https://www.ampercent.com/set-any-song-as-alarm-tone-in-ios/16647/,General
2015,21-08-2015,"How to Create Vocabulary List from Any Document",708,https://www.ampercent.com/how-to-create-vocabulary-list-from-any-document/16651/,General
2015,21-08-2015,"How to Set Custom Ringtone for Skype Contacts on Android",606,https://www.ampercent.com/how-to-set-custom-ringtone-for-skype-contacts-on-android/16658/,General
2015,23-08-2015,"Prevent Driver or Windows Update from Reinstalling in Windows 10",566,https://www.ampercent.com/prevent-driver-or-windows-update-from-reinstalling-in-windows-10/16664/,General
2015,27-08-2015,"Everything You Need to Know About Facebook M",705,https://www.ampercent.com/everything-you-need-to-know-about-facebook-m/16673/,General
2015,27-08-2015,"Best 6 Free Music Streaming Apps For Smartphone Users In India",2198,https://www.ampercent.com/best-6-free-music-streaming-apps-for-smartphone-users-in-india/16671/,General
2015,27-08-2015,"9 Secret Things You Can Do Using Cortana on Windows 10",962,https://www.ampercent.com/9-secret-things-you-can-do-using-cortana-on-windows-10/16680/,General
2015,28-08-2015,"3 Ways To Reduce Memory Usage by Google Chrome",719,https://www.ampercent.com/3-ways-to-reduce-memory-usage-by-google-chrome/16690/,General
2015,29-08-2015,"Top 5 Websites To Watch Movies Online",848,https://www.ampercent.com/top-5-websites-to-watch-movies-online/16693/,General
2015,31-08-2015,"How to Boot Windows 10 in Safe Mode",610,https://www.ampercent.com/how-to-boot-windows-10-in-safe-mode/16701/,General
2015,31-08-2015,"How to Capture Lock Screen of Windows 10",563,https://www.ampercent.com/how-to-capture-lock-screen-of-windows-10/16706/,General
2015,31-08-2015,"Byju&#8217;s Learning App &#8211; A Top eLearning Smartphone App",1400,https://www.ampercent.com/byjus-learning-app-a-top-elearning-smartphone-app/16712/,General
2015,01-09-2015,"Possible Solutions to Troubleshoot Lock Screen Error",591,https://www.ampercent.com/possible-solutions-to-troubleshoot-lock-screen-error/16722/,General
2015,02-09-2015,"How to Setup Zoho Mail in Mail for Windows 10",628,https://www.ampercent.com/setup-zoho-mail-in-mail-for-windows-10/16724/,General
2015,05-09-2015,"How to Automatically Share Instagram Photos on Twitter",720,https://www.ampercent.com/how-to-automatically-share-instagram-photos-on-twitter/16734/,General
2015,06-09-2015,"Top 5 Math Apps for Linux",694,https://www.ampercent.com/top-5-math-apps-for-linux/16738/,General
2015,06-09-2015,"How to Remove Action Center from Windows 10",766,https://www.ampercent.com/how-to-remove-action-center-from-windows-10/16742/,General
2015,06-09-2015,"Top 4 Software to Clone Hard Drive",810,https://www.ampercent.com/top-4-software-to-clone-hard-drive/16749/,General
2015,07-09-2015,"Top 7 Firefox Add-ons for Web Developers",790,https://www.ampercent.com/firefox-add-ons-for-web-developers/16753/,General
2015,07-09-2015,"Top 5 Online Font Converters to Generate @font-face",738,https://www.ampercent.com/online-font-converters-to-generate-font-face/16760/,General
2015,07-09-2015,"Everything You Need to Know About WiFi Sense in Windows 10",758,https://www.ampercent.com/everything-you-need-to-know-about-wifi-sense-in-windows-10/16769/,General
2015,09-09-2015,"How to Enable Metered WiFi Connection in Windows 10",487,https://www.ampercent.com/how-to-enable-metered-wifi-connection-in-windows-10/16775/,General
2015,09-09-2015,"How to Change Default Folder Icon in Windows 10 [Without Any Software]",632,https://www.ampercent.com/how-to-change-default-folder-icon-in-windows-10-without-any-software/16780/,General
2015,09-09-2015,"Top 5 Greasemonkey Scripts for YouTube",931,https://www.ampercent.com/top-5-greasemonkey-scripts-for-youtube/16788/,General
2015,10-09-2015,"Everything You Need to Know About Slack – Best Private Messaging Service",818,https://www.ampercent.com/everything-you-need-to-know-about-slack-best-private-messaging-service/16797/,General
2015,10-09-2015,"Everything You Need to Know About iPad Pro",707,https://www.ampercent.com/everything-you-need-to-know-about-ipad-pro/16802/,General
2015,10-09-2015,"Apple iPhone 6S vs 6S Plus – Which is Better and Why?",812,https://www.ampercent.com/apple-iphone-6s-vs-6s-plus-which-is-better-and-why/16806/,General
2015,11-09-2015,"Apple iPhone 6S vs 6 Detailed Comparison with Price",731,https://www.ampercent.com/apple-iphone-6s-vs-6-detailed-comparison-with-price/16811/,General
2015,12-09-2015,"Top 5 New Features and Improvements of iOS 9",739,https://www.ampercent.com/top-5-new-features-and-improvements-of-ios-9/16813/,General
2015,12-09-2015,"Top 5 OS for Raspberry Pi 2",657,https://www.ampercent.com/top-5-os-for-raspberry-pi-2/16820/,General
2015,17-09-2015,"How to Install Windows Media Center in Windows 10",646,https://www.ampercent.com/how-to-install-windows-media-center-in-windows-10/16825/,General
2015,18-09-2015,"How to Preview HTML in Notepad++",587,https://www.ampercent.com/how-to-preview-html-in-notepad/16844/,General
2015,19-09-2015,"Top 5 Sports News Apps for Android",841,https://www.ampercent.com/top-5-sports-news-apps-for-android/16849/,General
2015,19-09-2015,"5 Things That Can Increase Your iOS 9 Battery Backup",685,https://www.ampercent.com/5-things-that-can-increase-your-ios-9-battery-backup/16855/,General
2015,19-09-2015,"Top 5 Hidden Features of iOS 9",624,https://www.ampercent.com/top-5-hidden-features-of-ios-9/16858/,General
2015,21-09-2015,"How to Get More Battery Backup in Galaxy Note 5",592,https://www.ampercent.com/how-to-get-more-battery-backup-in-galaxy-note-5/16862/,General
2015,21-09-2015,"How to Setup Better Privacy in Windows 10",784,https://www.ampercent.com/how-to-setup-better-privacy-in-windows-10/16864/,General
2015,22-09-2015,"How to Stream Music from Android to PC",574,https://www.ampercent.com/stream-music-android-pc/16867/,General
2015,22-09-2015,"How to Restrict Internet Access to a Particular App on Android",624,https://www.ampercent.com/restrict-internet-access-a-particular-app-android/16871/,General
2015,22-09-2015,"How to Capture iPhone Screen from Mac",584,https://www.ampercent.com/capture-iphone-screen-from-mac/16877/,General
2015,22-09-2015,"How to Cancel Apple Music 1 Month Free Trial Subscription",677,https://www.ampercent.com/cancel-apple-music-1-month-free-trial-subscription/16882/,General
2015,23-09-2015,"How to Extract Page From PDF in Mac",573,https://www.ampercent.com/extract-page-from-pdf-in-mac/16889/,General
2015,23-09-2015,"How to Remove OneDrive Icon from Windows 10 Sidebar",503,https://www.ampercent.com/how-to-remove-onedrive-icon-from-windows-10-sidebar/16893/,General
2015,24-09-2015,"How to Install watchOS 2",600,https://www.ampercent.com/install-watchos-2/16899/,General
2015,24-09-2015,"How to Un-jailbreak iPhone Without Upgrading iOS",612,https://www.ampercent.com/un-jailbreak-iphone-without-upgrading-ios/16904/,General
2015,25-09-2015,"How to Get Aero Snap in Any iPhone",633,https://www.ampercent.com/get-aero-snap-in-any-iphone/16908/,General
2015,25-09-2015,"How to Get 3D Touch in iOS 8",565,https://www.ampercent.com/get-3d-touch-in-ios-8/16911/,General
2015,26-09-2015,"How to Show App List in Control Center for iOS",696,https://www.ampercent.com/show-app-list-in-control-center-for-ios/16914/,General
2015,26-09-2015,"2 Ways To Solve 3D Touch Problem in iPhone 6S and 6S Plus",572,https://www.ampercent.com/2-ways-to-solve-3d-touch-problem-in-iphone-6s-and-6s-plus/16918/,General
2015,26-09-2015,"How to Get QuickType in iOS 8 and iPhone",702,https://www.ampercent.com/get-quicktype-in-ios-8-and-iphone/16921/,General
2015,29-09-2015,"How to Send Self Destructing Email Through Gmail",631,https://www.ampercent.com/how-to-send-self-destructing-email-through-gmail/16926/,General
2015,01-10-2015,"Nexus 6P vs. 6 &#8211; Detailed Comparison",900,https://www.ampercent.com/motorola-nexus-6-vs-huawei-nexus-6p/16930/,General
2015,01-10-2015,"Nexus 6P vs Nexus 5X: Which is better and why?",930,https://www.ampercent.com/nexus-6p-vs-nexus-5x/16933/,General
2015,02-10-2015,"Google Pixel C vs Apple iPad Pro: Which is better?",922,https://www.ampercent.com/google-pixel-c-vs-apple-ipad-pro/16937/,General
2015,02-10-2015,"3 Ways To Reduce Cellular Data Usage in iOS 9",685,https://www.ampercent.com/reduce-cellular-data-usage-in-ios-9/16941/,General
2015,04-10-2015,"Troubleshoot “The Last Backup Could Not Be Completed” in iOS 9",719,https://www.ampercent.com/troubleshoot-the-last-backup-could-not-be-completed-in-ios-9/16945/,General
2015,04-10-2015,"How to Hide Instagram Ads in iOS",483,https://www.ampercent.com/hide-instagram-ads-in-ios/16947/,General
2015,05-10-2015,"A detailed comparison between iPhone 6s+ and Samsung Note 5",845,https://www.ampercent.com/iphone-6s-vs-samsung-note-5/16951/,General
2015,06-10-2015,"Top 5 new Features of El Capitan That Make It Even Better",688,https://www.ampercent.com/new-features-el-capitan/16955/,General
2015,06-10-2015,"3 Things To Do Before Installing El Capitan",661,https://www.ampercent.com/3-things-to-do-before-installing-el-capitan/16960/,General
2015,07-10-2015,"Renee Becca – Best System and File Backup Software For Windows",846,https://www.ampercent.com/renee-becca-best-system-and-file-backup-software-for-windows/16968/,General
2015,07-10-2015,"Specifications and first impressions of Microsoft Surface Pro 4",699,https://www.ampercent.com/full-specifications-of-surface-pro-4/16975/,General
2015,07-10-2015,"ConfigFox: Make Firefox More Secure",652,https://www.ampercent.com/configfox-make-firefox-more-secure/16978/,General
2015,07-10-2015,"Everything you need to know about the brand new Surface Book by Microsoft",562,https://www.ampercent.com/specifications-of-surface-book-by-microsoft/16982/,General
2015,08-10-2015,"Microsoft Lumia 950 and 950 XL : Features, specifications and comparison",1051,https://www.ampercent.com/microsoft-lumia-950-vs-950-xl/16987/,General
2015,08-10-2015,"List Of Mobiles Those Will Get Android Marshmallow Soon",820,https://www.ampercent.com/android-marshmallow-supported-devices/16992/,General
2015,08-10-2015,"Apple iPad Pro vs Microsoft Surface Pro 4 : Which is Better?",1253,https://www.ampercent.com/ipad-pro-vs-surface-pro-4/16994/,General
2015,10-10-2015,"How to Set Facebook Profile Video and Picture Temporarily",506,https://www.ampercent.com/set-facebook-profile-video-and-picture-temporarily/17014/,General
2015,10-10-2015,"How to Clone App Settings in Windows 10",681,https://www.ampercent.com/clone-any-app-settings-in-windows-10/17017/,General
2015,10-10-2015,"UpNext : A Portable Music Player Extension for Chrome",570,https://www.ampercent.com/upnext-music-extension-for-chrome/17020/,General
2015,12-10-2015,"How to Sort Emails into Organized Lists in Gmail",613,https://www.ampercent.com/sort-emails-into-organized-lists-in-gmail/17029/,General
2015,12-10-2015,"Top 5 Wi-Fi Signal Strength Analyzer for Android",681,https://www.ampercent.com/wi-fi-signal-strength-analyzer-for-android/17035/,General
2015,12-10-2015,"How to Watch YouTube Video While Doing Other Tasks in Chrome",469,https://www.ampercent.com/watch-youtube-video-while-doing-other-tasks-in-chrome/17041/,General
2015,15-10-2015,"Xiaomi Mi5 vs Mi5 Plus: Detailed Comparison",1030,https://www.ampercent.com/xiaomi-mi5-vs-mi5-plus-detailed-comparison/17058/,General
2015,15-10-2015,"How to Run A Program With Difference Configuration At Once",558,https://www.ampercent.com/run-a-program-with-difference-configuration-at-once/17060/,General
2015,15-10-2015,"How to Get Notification for Everything on Android",542,https://www.ampercent.com/get-notification-for-everything-on-android/17062/,General
2015,16-10-2015,"How to Convert Live Photos Into GIF",558,https://www.ampercent.com/convert-live-photos-into-gif/17070/,General
2015,16-10-2015,"BlackBerry Priv: Full Phone Specifications, Release Date and Price",682,https://www.ampercent.com/blackberry-priv-full-phone-specifications-release-date-and-price/17073/,General
2015,16-10-2015,"Samsung Z3 : Specifications and Features At A Glance",854,https://www.ampercent.com/samsung-z3-specifications-and-features/17075/,General
2015,17-10-2015,"List of Sony Mobile Those Will Get Android Marshmallow Update",808,https://www.ampercent.com/list-of-sony-mobile-those-will-get-android-marshmallow-update/17086/,General
2015,18-10-2015,"Chromecast 2015 : A Device That Makes Your TV Smarter",625,https://www.ampercent.com/chromecast-2015-review/17088/,General
2015,18-10-2015,"Chromecast Audio : What is it and Is It Worth A Buy?",632,https://www.ampercent.com/chromecast-audio-is-it-worth-a-buy/17091/,General
2015,18-10-2015,"How to Enable Live Photos in Any iOS 9 Device",496,https://www.ampercent.com/how-to-enable-live-photos-in-any-ios-9-device/17094/,General
2015,18-10-2015,"How to Get Apple News in Any Country",525,https://www.ampercent.com/how-to-get-apple-news-in-any-country/17095/,General
2015,19-10-2015,"How to Share Trending Topics On Facebook",504,https://www.ampercent.com/share-trending-topics-on-facebook/17103/,General
2015,19-10-2015,"LIVE GIF- An App That Converts Live Photos Into GIF",629,https://www.ampercent.com/live-gif-converts-live-photos-into-gif/17109/,General
2015,20-10-2015,"How to Create Images Suitable For All Your Social Accounts",634,https://www.ampercent.com/create-an-image-suitable-for-all-social-accounts/17113/,General
2015,20-10-2015,"Tips to Manage Your Google History Like A Pro",744,https://www.ampercent.com/tips-to-manage-your-google-history-like-a-pro/17116/,General
2015,20-10-2015,"LG G Vista 2: Full Phone Specifications, Price and Availability",549,https://www.ampercent.com/lg-g-vista-2-full-phone-specifications-price-and-availability/17130/,General
2015,21-10-2015,"How to Back Up WhatsApp Chat to PC",637,https://www.ampercent.com/how-to-back-up-whatsapp-chat-to-pc/17132/,General
2015,21-10-2015,"2 Ways to Remove Ads from Android Browser",505,https://www.ampercent.com/2-ways-to-remove-ads-from-android-browser/17138/,General
2015,21-10-2015,"What is New in Windows 10 Mobile Insider Preview Build 10572",596,https://www.ampercent.com/what-is-new-in-windows-10-mobile-insider-preview-build-10572/17140/,General
2015,21-10-2015,"HTC One A9:  Specifications and Features At A Glance",574,https://www.ampercent.com/htc-one-a9-specifications-and-features/17153/,General
2015,22-10-2015,"How to Disable Notification Badge in Samsung Mobiles",520,https://www.ampercent.com/how-to-disable-notification-badge-in-samsung-mobiles/17156/,General
2015,22-10-2015,"How to Get Android Marshmallow like Battery Percentage in Older Android",634,https://www.ampercent.com/how-to-get-android-marshmallow-like-battery-percentage-in-older-android/17159/,General
2015,22-10-2015,"Robin By Nextbit: The Cloud-First Android Smartphone",849,https://www.ampercent.com/robin-by-nextbit-the-cloud-first-android-smartphone/17165/,General
2015,23-10-2015,"How to Hide Your Posts from New Facebook Search",463,https://www.ampercent.com/how-to-hide-your-posts-from-new-facebook-search/17169/,General
2015,24-10-2015,"Sony Xperia Z5 VS Samsung Galaxy S6: Detailed Comparison",1026,https://www.ampercent.com/sony-xperia-z5-vs-samsung-galaxy-s6-detailed-comparison/17174/,General
2015,24-10-2015,"How to Manage App Permission of Installed Apps in Android 6.0",520,https://www.ampercent.com/how-to-manage-app-permission-of-installed-apps-in-android-6-0/17177/,General
2015,24-10-2015,"How to get in-built File Manager in Android Marshmallow",472,https://www.ampercent.com/how-to-get-in-built-file-manager-in-android-marshmallow/17181/,General
2015,25-10-2015,"Samsung Galaxy On5 VS On7: Detailed Comparison",844,https://www.ampercent.com/samsung-galaxy-on5-vs-on7-detailed-comparison/17187/,General
2015,25-10-2015,"How to Launch Apps using Gestures on iOS",520,https://www.ampercent.com/launch-apps-using-gestures-on-ios/17189/,General
2015,26-10-2015,"How To Manage Your YouTube Subscriptions In A Better Way",501,https://www.ampercent.com/manage-your-youtube-subscriptions-in-a-better-way/17193/,General
2015,26-10-2015,"Moto X Style: Features, Specifications and Price",664,https://www.ampercent.com/moto-x-style-review/17195/,General
2015,26-10-2015,"How To Use Saved Lists Effectively On Facebook",564,https://www.ampercent.com/how-to-use-saved-lists-effectively-on-facebook/17198/,General
2015,26-10-2015,"Google Nexus 5x Vs Moto X Style: Comparison of Specs and Featuers",869,https://www.ampercent.com/google-nexus-5x-vs-moto-x-style-comparison/17205/,General
2015,26-10-2015,"How to Enable Transparent Mode On Google Hangouts On Chrome",322,https://www.ampercent.com/enable-transparent-mode-on-google-hangouts-on-chrome/17214/,General
2015,26-10-2015,"Motorola Droid Turbo 2: Full Phone Specification, Price and Availability",551,https://www.ampercent.com/motorola-droid-turbo-2-full-phone-specification-price-and-availability/17218/,General
2015,26-10-2015,"Motorola Droid Maxx 2: Full Phone Specifications and Availability",506,https://www.ampercent.com/motorola-droid-maxx-2-full-phone-specifications-and-availability/17221/,General
2015,26-10-2015,"Oppo to Announce Neo 7",717,https://www.ampercent.com/full-phone-specifications-of-oppo-neo-7/17223/,General
2015,27-10-2015,"How to Transfer Data from BB10 to BlackBerry Priv",475,https://www.ampercent.com/transfer-data-from-bb10-to-blackberry-priv/17235/,General
2015,28-10-2015,"Black 1X : A Budget Friendly Smart Phone From XOLO",497,https://www.ampercent.com/xolo-black-1x-hands-on/17241/,General
2015,28-10-2015,"Download Stock BlackBerry Priv Android Apps from Google Play",712,https://www.ampercent.com/download-stock-blackberry-priv-android-apps-from-google-play/17208/,General
2015,28-10-2015,"Xiaomi Redmi 2 Pro to Get FCC Approval",525,https://www.ampercent.com/full-phone-specifications-of-xiaomi-redmi-2-pro/17239/,General
2015,29-10-2015,"Moto G3 vs Xiaomi Mi 4i : Comparison of Specs and Features",808,https://www.ampercent.com/moto-g3-vs-xiaomi-mi-4i-comparison-of-specs-and-features/17260/,General
2015,29-10-2015,"OnePlus X: Full Phone Specifications, Price and Availability",719,https://www.ampercent.com/oneplus-x-full-phone-specifications-price-and-availability/17266/,General
2015,29-10-2015,"Galaxy J5 And Galaxy J7 By Samsung: A Detailed Comparison",659,https://www.ampercent.com/samsung-galaxy-j5-and-galaxy-j7-comparison/17270/,General
2015,30-10-2015,"Moto X Force : A Glance At Features And Specifications",755,https://www.ampercent.com/moto-x-force-first-look/17279/,General
2015,30-10-2015,"How to Uninstall Built-in Apps of Windows 10",618,https://www.ampercent.com/how-to-uninstall-built-in-apps-of-windows-10/17282/,General
2015,30-10-2015,"Huawei Honor 7 VS Xiaomi Mi 4i: Detailed Comparison",682,https://www.ampercent.com/huawei-honor-7-vs-xiaomi-mi-4i-detailed-comparison/17284/,General
2015,30-10-2015,"Everything You Need to Know About Windows 10 Insider Preview Build 10576",499,https://www.ampercent.com/windows-10-insider-preview-build-10576/17289/,General
2015,31-10-2015,"How to Enable Windows Spotlight in Windows 10",471,https://www.ampercent.com/enable-windows-spotlight-in-windows-10/17292/,General
2015,31-10-2015,"OnePlus X VS Xiaomi Mi 4: Which is Better and Why?",855,https://www.ampercent.com/oneplus-x-vs-xiaomi-mi-4/17293/,General
2015,03-11-2015,"M535 By Infocus : A Phone With Metallic Body Under 10K",627,https://www.ampercent.com/infocus-m535/17296/,General
2015,03-11-2015,"Change Default Search Engine of Microsoft Edge in Windows 10 Mobile",566,https://www.ampercent.com/change-default-search-engine-of-microsoft-edge-in-windows-10-mobile/17299/,General
2015,03-11-2015,"How to Disable Wi-Fi Assist on iOS 9",550,https://www.ampercent.com/how-to-disable-wi-fi-assist-on-ios-9/17303/,General
2015,04-11-2015,"How to Turn Off iPhone Calls on iOS and Mac",519,https://www.ampercent.com/how-to-turn-off-iphone-calls-on-ios-and-mac/17306/,General
2015,04-11-2015,"How to Export and Import Health Data in iOS 9",558,https://www.ampercent.com/how-to-export-and-import-health-data-in-ios-9/17310/,General
2015,05-11-2015,"OxygenOS By OnePlus:New Features You Should Know About",830,https://www.ampercent.com/oneplus-oxygenos-features/17318/,General
2015,06-11-2015,"Share PowerPoint Presentation on Social Network Directly",592,https://www.ampercent.com/share-powerpoint-presentation-on-social-network-directly/17327/,General
2015,06-11-2015,"Top 4 Android Wear Smartwatch in 2015",593,https://www.ampercent.com/top-4-android-wear-smartwatch-in-2015/17331/,General
2015,06-11-2015,"Wix &#8211; A Stunning Website Builder For Noobs",1889,https://www.ampercent.com/wix-review-a-stunning-website-builder/17145/,General
2015,07-11-2015,"BlackBerry Priv Goes On Sale Today &#8211; Should You Buy One?",1348,https://www.ampercent.com/blackberry-priv-a-deeper-look/17337/,General
2015,07-11-2015,"Block Particular App from Showing Heads Up Notification in Android Marshmallow",472,https://www.ampercent.com/block-particular-app-from-showing-heads-up-notification-in-android-marshmallow/17344/,General
2015,07-11-2015,"How to Get More Battery Backup from Samsung Galaxy Note 5",701,https://www.ampercent.com/get-more-battery-backup-from-samsung-galaxy-note-5/17347/,General
2015,08-11-2015,"Liquid Z530 and Z630S : It&#8217;s Acer&#8217;s Turn Now",694,https://www.ampercent.com/liquid-z530-and-z630s-by-acer/17350/,General
2015,09-11-2015,"How to Rename Windows on Boot Screen",462,https://www.ampercent.com/rename-windows-on-boot-screen/17357/,General
2015,09-11-2015,"HTC Desire 728G Dual SIM Launched at Rs. 17,990",829,https://www.ampercent.com/htc-desire-728g-dual-sim-launched-at-rs-17990/17366/,General
2015,10-11-2015,"How to Allow Particular App to Show Notifications on Do not Disturb",496,https://www.ampercent.com/how-to-allow-particular-app-to-show-notifications-on-do-not-disturb/17371/,General
2015,10-11-2015,"Fix: Installed apps are missing from All apps on Windows 10",464,https://www.ampercent.com/fix-installed-apps-are-missing-from-all-apps-on-windows-10/17374/,General
2015,11-11-2015,"Specs and Impressions of Meizu M2",629,https://www.ampercent.com/meizu-m2/17379/,General
2015,11-11-2015,"Everything You Need to Know About Apple Music for Android",657,https://www.ampercent.com/apple-music-for-android/17385/,General
2015,11-11-2015,"Download Free Bitdefender Anti-Ransomware",501,https://www.ampercent.com/download-free-bitdefender-anti-ransomware/17389/,General
2015,12-11-2015,"Everything You Should Know About Firefox OS 2.5 Dev Preview",771,https://www.ampercent.com/firefox-os-2-5-dev-preview/17393/,General
2015,13-11-2015,"Samsung Note 5 Vs BlackBerry Priv : A Detailed Comparison",906,https://www.ampercent.com/samsung-note-5-vs-blackberry-priv/17400/,General
2015,13-11-2015,"What is New in Windows 10 November Update",679,https://www.ampercent.com/windows-10-november-update/17404/,General
2015,14-11-2015,"Three New Features And Changes To Twitter You Should Know",618,https://www.ampercent.com/three-new-added-features-to-twitter/17411/,General
2015,14-11-2015,"YouTube Music Lets You Listen Music From Youtube",711,https://www.ampercent.com/youtube-music-lets-you-listen-music-from-youtube/17414/,General
2015,14-11-2015,"How to Set up Yahoo Mail in Windows Phone [When You have 2 step Verification]",548,https://www.ampercent.com/set-up-yahoo-mail-in-windows-phone/17418/,General
2015,14-11-2015,"ezGIF &#8211; Best Place to edit GIF Images Online",631,https://www.ampercent.com/ezgif-edit-gif-online/17427/,General
2015,15-11-2015,"CoolPad Note 3 : An Under 9K Phone With Fingerprint Sensor And 3GB RAM",786,https://www.ampercent.com/coolpad-note-3/17430/,General
2015,15-11-2015,"3 Ways to Disable Office 2016 Automatic Update",636,https://www.ampercent.com/disable-office-2016-automatic-update/17436/,General
2015,15-11-2015,"How to Create Custom Launcher and Widget in Android",607,https://www.ampercent.com/how-to-create-custom-launcher-and-widget-in-android/17441/,General
2015,16-11-2015,"Gionee Elife E8: A Costly Device In The Competition",969,https://www.ampercent.com/gionee-elife-e8/17449/,General
2015,16-11-2015,"How to Fix Error 920 in Google Play for Android",600,https://www.ampercent.com/how-to-fix-error-920-in-google-play-for-android/17455/,General
2015,16-11-2015,"Microsoft Lumia 550: Full Phone Specifications, Price and Availability",803,https://www.ampercent.com/microsoft-lumia-550-full-phone-specifications-price-and-availability/17458/,General
2015,16-11-2015,"How to Disable Force Touch in OS X El Capitan",476,https://www.ampercent.com/how-to-disable-force-touch-in-os-x-el-capitan/17461/,General
2015,17-11-2015,"Whats New In SwiftKey Keyboard 6.0",581,https://www.ampercent.com/swift-key-keyboard-6-0/17464/,General
2015,17-11-2015,"How to Launch Android Apps from Lock Screen",569,https://www.ampercent.com/how-to-launch-android-apps-from-lock-screen/17469/,General
2015,18-11-2015,"Top 5 Apps Those Support Android Marshmallow",652,https://www.ampercent.com/top-5-apps-those-support-android-marshmallow/17477/,General
2015,18-11-2015,"Gionee Elife S6: Full Phone Specifications, Price and Availability",731,https://www.ampercent.com/gionee-elife-s6-full-phone-specifications-price-and-availability/17481/,General
2015,18-11-2015,"Lenovo Vibe X3: Full Phone Specifications, Price and Availability",801,https://www.ampercent.com/lenovo-vibe-x3-full-phone-specifications-price-and-availability/17483/,General
2015,18-11-2015,"HTC One M9s: Full Phone Specifications and Price",1034,https://www.ampercent.com/htc-one-m9s-full-phone-specifications-and-price/17486/,General
2015,19-11-2015,"How to Fix Broken Icons in Firefox",504,https://www.ampercent.com/how-to-fix-broken-icons-in-firefox/17490/,General
2015,19-11-2015,"HTC to Launch Desire 828 on November 25",870,https://www.ampercent.com/htc-desire-828-full-phone-specifications/17492/,General
2015,19-11-2015,"Meitu V4: A Dream Come True For Selfie Lovers",751,https://www.ampercent.com/meitu-v4-and-v4s/17495/,General
2015,20-11-2015,"Everything You Need to Know About Asus Chromebit",650,https://www.ampercent.com/asus-chromebit/17499/,General
2015,20-11-2015,"Meizu MX5: Specifications, Features and Price",652,https://www.ampercent.com/meizu-mx5/17503/,General
2015,20-11-2015,"What&#8217;s New In The Re-designed Google+",787,https://www.ampercent.com/google-plus-redesigned/17507/,General
2015,20-11-2015,"Pepsi P1: Specifications, Features, Price and Release Date",690,https://www.ampercent.com/pepsi-p1-specifications-features-price-and-release-date/17516/,General
2015,20-11-2015,"Pepsi P1s: Specifications, Features, Price and Release Date",681,https://www.ampercent.com/pepsi-p1s-specifications-features-price-and-release-date/17519/,General
2015,20-11-2015,"Marathon M5 From Gionee: Your Answer for Less Battery Backup",687,https://www.ampercent.com/gionee-marathon-m5/17522/,General
2015,21-11-2015,"Lenovo Vibe S1: First Smart Phone with Dual Front Cameras",753,https://www.ampercent.com/lenovo-vibe-s1/17525/,General
2015,21-11-2015,"Micromax Canvas Amaze: An Under 8k Phone with 2GB RAM",637,https://www.ampercent.com/micromax-canvas-amaze/17530/,General
2015,21-11-2015,"OnePlus to Launch 4.6-inch OnePlus 2 Mini",799,https://www.ampercent.com/oneplus-2-mini-specifications-and-features/17515/,General
2015,21-11-2015,"LG Launched LG Ray X190 in Russia",792,https://www.ampercent.com/lg-launched-lg-ray-x190-in-russia/17535/,General
2015,21-11-2015,"W2016: A Flip Phone Running Android From Samsung",732,https://www.ampercent.com/samsung-w2016/17538/,General
2015,22-11-2015,"Samsung Galaxy J3: A Glance At Specifications",632,https://www.ampercent.com/samsung-galaxy-j3/17541/,General
2015,22-11-2015,"Meizu MX5 vs OnePlus X Features Comparison",821,https://www.ampercent.com/meizu-mx5-vs-oneplus-x-features-comparison/17544/,General
2015,23-11-2015,"Lava Pixel V2: A Glance At Specs and Featrures",662,https://www.ampercent.com/lava-pixel-v2/17548/,General
2015,24-11-2015,"All You Need to Know about Samsung Galaxy S7",535,https://www.ampercent.com/all-you-need-to-know-about-samsung-galaxy-s7/17551/,General
2015,24-11-2015,"Full Phone Specifications and Features of Oppo A33",730,https://www.ampercent.com/full-phone-specifications-and-features-of-oppo-a33/17553/,General
2015,24-11-2015,"The Redmi Note 3: First Phone With Fingerprint Scanner From Xiaomi",679,https://www.ampercent.com/xiaomi-redmi-note-3/17556/,General
2015,24-11-2015,"Sony Xperia Z5 Premium &#8211; Do You Really Need A 4K Display In Your Phone?",1018,https://www.ampercent.com/sony-xperia-z5-premium/17561/,General
2015,25-11-2015,"How To Tweet A Link With Preview Image On Twitter",741,https://www.ampercent.com/tweet-a-link-with-preview-image-on-twitter/17565/,General
2015,25-11-2015,"Xiaomi Mi Pad 2: A Glance at Specifications",710,https://www.ampercent.com/xiaomi-mi-pad-2/17571/,General
2015,25-11-2015,"Full Phone Specifications of Samsung Galaxy A7 (2016)",798,https://www.ampercent.com/full-phone-specifications-of-samsung-galaxy-a7-2016/17576/,General
2015,25-11-2015,"InFocus M808 is Launched in India for Rs. 12,999",714,https://www.ampercent.com/infocus-m808-is-launched-in-india-for-rs-12999/17578/,General
2015,25-11-2015,"How to Fix Screen Blinking in Windows 10",538,https://www.ampercent.com/how-to-fix-screen-blinking-in-windows-10/17582/,General
2015,26-11-2015,"Samsung Galaxy Note 5 Vs Sony Xperia Z5 Premium: A Comparison",1040,https://www.ampercent.com/samsung-galaxy-note-5-vs-sony-xperia-z5-premium/17584/,General
2015,26-11-2015,"Everything You Need to Know About Li-Fi",597,https://www.ampercent.com/everything-you-need-to-know-about-li-fi/17587/,General
2015,26-11-2015,"Samsung May Launch Galaxy A9 on December 1",571,https://www.ampercent.com/samsung-may-launch-galaxy-a9-on-december-1/17589/,General
2015,26-11-2015,"Huawei Announced Mate 8 In China With 6-inch Display",751,https://www.ampercent.com/huawei-mate-8-announced/17591/,General
2015,26-11-2015,"Two Ways to Change Default PDF Reader in Windows 10",581,https://www.ampercent.com/two-ways-to-change-default-pdf-reader-in-windows-10/17595/,General
2015,26-11-2015,"Everything You Need to Know about iPhone 7",765,https://www.ampercent.com/everything-you-need-to-know-about-iphone-7/17602/,General
2015,26-11-2015,"Specifications And Features of SF1 By Obi Worldphone",724,https://www.ampercent.com/obi-worldphone-sf1/17606/,General
2015,26-11-2015,"Obi Worldphone SJ1.5 &#8211; A Glance At Specificaitons",691,https://www.ampercent.com/obi-worldphone-sj1-5/17610/,General
2015,27-11-2015,"Things You Can Do With Circles In Redesigned Google+",651,https://www.ampercent.com/things-you-can-do-with-circles-in-redesigned-google/17613/,General
2015,27-11-2015,"Nokia 230 and 230dual : Latest Feature Phones From Microsoft Go Offical",717,https://www.ampercent.com/nokia-230-230-dual-by-microsoft/17618/,General
2015,27-11-2015,"Unknown Huawei Smartphone is enlisted on GFXBench (Here’s Specification)",552,https://www.ampercent.com/unknown-huawei-smartphone-is-enlisted-on-gfxbench-heres-specification/17622/,General
2015,27-11-2015,"QiKU Q Terra :A 20K Smartphone With 6 inch Display And Dual Cameras",651,https://www.ampercent.com/qiku-q-terra/17625/,General
2015,27-11-2015,"Full Phone Specifications and Features of Micromax Canvas Pace",687,https://www.ampercent.com/full-phone-specifications-and-features-of-micromax-canvas-pace/17545/,General
2015,28-11-2015,"Sony Xperia C5 Ultra Launched in the US for $329",870,https://www.ampercent.com/sony-xperia-c5-ultra-launched-in-the-us-for-329/17633/,General
2015,03-12-2015,"Huawei Enjoy 5S Launched in China",650,https://www.ampercent.com/huawei-enjoy-5s-specifications-features-and-price/17628/,General
2015,04-12-2015,"Samsung Galaxy A5 (2016) Features and Specifications",727,https://www.ampercent.com/samsung-galaxy-a5-2016-features-specifications/17641/,General
2015,04-12-2015,"Expected Features of Samsung Galaxy Tab E 8.0",608,https://www.ampercent.com/expected-features-samsung-galaxy-tab-e-8-0/17644/,General
2015,04-12-2015,"ZTE Launched ZTE Blade A1 in China",715,https://www.ampercent.com/zte-blade-a1-specifications-features-and-comparison/17646/,General
2015,05-12-2015,"How to Disable Particular App Notification in iOS 9",471,https://www.ampercent.com/disable-particular-app-notification-ios-9/17649/,General
2015,05-12-2015,"Customize Taskbar, Start Menu, Action Center and Title Bar Color in Windows 10",539,https://www.ampercent.com/customize-taskbar-start-menu-action-center-title-bar-color-windows-10/17654/,General
2015,06-12-2015,"How to Disable Ads in Windows 10 Start Menu",476,https://www.ampercent.com/disable-ads-windows-10-start-menu/17658/,General
2015,06-12-2015,"OnePlus X vs Nexus 5X : Quick Specs Comparison",910,https://www.ampercent.com/oneplus-x-vs-nexus-5x-quick-specs-comparison/17662/,General
2015,06-12-2015,"How to Show Error Message in Excel 2016",522,https://www.ampercent.com/show-error-message-excel-2016/17666/,General
2015,07-12-2015,"Huawei Nexus 6P vs Samsung Galaxy S6 : Quick Specs Comparison",916,https://www.ampercent.com/huawei-nexus-6p-vs-samsung-galaxy-s6/17675/,General
2015,07-12-2015,"Microsoft Launched Microsoft Lumia 550",728,https://www.ampercent.com/microsoft-launched-microsoft-lumia-550/17674/,General
2015,08-12-2015,"How to Enable Find My Device in Windows 10",507,https://www.ampercent.com/enable-find-device-windows-10/17690/,General
2015,08-12-2015,"Meet Tribe &#8211; An App That Lets You Chat With One Hand",700,https://www.ampercent.com/tribe-messaging-app/17697/,General
2015,08-12-2015,"How To Limit Audience To Your Status On Google+",627,https://www.ampercent.com/limit-audience-google-plus-status/17701/,General
2015,09-12-2015,"Lenovo A7010: Specifications, Features and Comparison",607,https://www.ampercent.com/lenovo-a7010-specifications-features-comparison/17686/,General
2015,09-12-2015,"How to Disable First sign in Animation (Windows 10)",474,https://www.ampercent.com/disable-first-sign-animation-windows-10/17709/,General
2015,10-12-2015,"Google Calendar Now Lets You Create To-Do Lists Using Reminders",624,https://www.ampercent.com/google-calendar-app-to-do-reminders-update/17712/,General
2015,10-12-2015,"How to Set Private Network in Windows 10",729,https://www.ampercent.com/set-private-network-windows-10/17716/,General
2015,10-12-2015,"SpyDetect: Free Tool to Detect Spyware in Windows",492,https://www.ampercent.com/spydetect-free-tool-detect-spyware-windows/17722/,General
2015,10-12-2015,"How to Add Empty Folder Option in Context Menu",489,https://www.ampercent.com/add-empty-folder-option-context-menu/17728/,General
2015,10-12-2015,"Motorola Launches Moto G Turbo Edition In India For Rs.14,499/-",1051,https://www.ampercent.com/moto-g-turbo-edition/17727/,General
2015,10-12-2015,"Google Adds More Options To File Search In Drive To Give You Better results",1060,https://www.ampercent.com/google-drive-search-update/17735/,General
2015,11-12-2015,"How to Record Windows Phone Screen",511,https://www.ampercent.com/record-windows-phone-screen/17739/,General
2015,11-12-2015,"How to Get Spotlight Image in Windows 10",505,https://www.ampercent.com/get-spotlight-image-windows-10/17742/,General
2015,12-12-2015,"Yahoo Mail Multiple Mailbox Now Supports Gmail and Google Apps Accounts",780,https://www.ampercent.com/yahoo-multiple-mailbox-update-gmail/17747/,General
2015,12-12-2015,"Gionee Marathon M5 Lite Launched in China",637,https://www.ampercent.com/gionee-marathon-m5-lite/17700/,General
2015,12-12-2015,"Philips to Launch Xenium V377 with 5000 mAh Battery",624,https://www.ampercent.com/philips-launch-xenium-v377-5000-mah-battery/17744/,General
2015,12-12-2015,"LG G5: Possible Features and Release Date",714,https://www.ampercent.com/lg-g5-possible-features-and-release-date/17745/,General
2015,13-12-2015,"How to Record Desktop using VLC Media Player",481,https://www.ampercent.com/record-desktop-using-vlc-media-player/17760/,General
2015,14-12-2015,"Facebook, Twitter and YouTube Will Tell You What Exactly Happened In 2015",1127,https://www.ampercent.com/2015-year-review-facebook-twitter-youtube/17768/,General
2015,14-12-2015,"InFocus M680 Launched in India for Rs. 10,999",685,https://www.ampercent.com/infocus-m680/17773/,General
2015,15-12-2015,"Asus ZenPad C 7.0 Launched in India for Rs. 7,999",848,https://www.ampercent.com/asus-zenpad-c-7-0-full-specifications-and-features/17776/,General
2015,15-12-2015,"Possible Ways to Speed Up Samsung Galaxy On5 and On7",561,https://www.ampercent.com/possible-ways-speed-samsung-galaxy-on5-on7/17780/,General
2015,15-12-2015,"Microsoft Changes Storage Plans for OneDrive Users. Here is What You Should Do",825,https://www.ampercent.com/onedrive-storage-changes/17786/,General
2015,15-12-2015,"[Star Wars] Google And Facebook Help You To Choose Your Side",637,https://www.ampercent.com/star-wars-google-facebook/17788/,General
2015,16-12-2015,"Micromax Canvas Pulse 4G: Full Phone Specifications and Features",876,https://www.ampercent.com/micromax-canvas-pulse-4g/17783/,General
2015,16-12-2015,"Kult 10 Launched with 3GB RAM, 13MP Camera for Rs. 7,999",727,https://www.ampercent.com/kult-10-launched-3gb-ram-13mp-camera-rs-7999/17784/,General
2015,18-12-2015,"Meet Oukitel K10000 &#8211; A Smart Phone with World&#8217;s Largest Battery",1246,https://www.ampercent.com/oukitel-k10000-impressions/17796/,General
2015,18-12-2015,"Yu Yutopia Specifications, Price &amp; Features",1059,https://www.ampercent.com/yu-yutopia-specifications-price-features/17800/,General
2015,18-12-2015,"Intex Aqua GenX Specifications, Price and Features",705,https://www.ampercent.com/intex-aqua-genx-specifications-price-and-features/17785/,General
2015,18-12-2015,"Asus ZenFone Zoom with 13MP Camera &amp; 4GB RAM has Launched in China",892,https://www.ampercent.com/asus-zenfone-zoom-specifications-price-and-features/17801/,General
2015,18-12-2015,"Tech In 2015, Part 1 &#8211; Analyzing Smart Phone Market In India",1059,https://www.ampercent.com/tech-2015-part-1-analyzing-smart-phone-market-india/17813/,General
2015,19-12-2015,"StrokesPlus lets you create mouse gestures to perform tasks",554,https://www.ampercent.com/strokesplus-lets-create-mouse-gestures-perform-tasks/17819/,General
2015,20-12-2015,"Friends Feed Lets You See Direct Content From Friends and Pages You Like, Hides Annoying Promotions",568,https://www.ampercent.com/friends-feed-facebook-news-feed/17827/,General
2015,21-12-2015,"Here Is a Summary Of What We&#8217;ve Searched On Google In 2015",682,https://www.ampercent.com/year-in-search-google-2015/17832/,General
2015,22-12-2015,"5  Google Chrome News Reader Extensions That Make Your Life Easier",1133,https://www.ampercent.com/5-chrome-news-reader-extensions/17834/,General
2015,22-12-2015,"Gionee Launched Marathon M5 Enjoy Edition at $308",747,https://www.ampercent.com/gionee-marathon-m5-enjoy-edition-specifications-and-features/17825/,General
2015,22-12-2015,"Gionee Launched Marathon M5 Plus with Fingerprint Sensor in China",665,https://www.ampercent.com/gionee-marathon-m5-plus-specifications-and-features/17807/,General
2015,22-12-2015,"YU Yutopia vs Asus ZenFone Zoom: Detailed Comparison",807,https://www.ampercent.com/yu-yutopia-vs-asus-zenfone-zoom-detailed-comparison/17844/,General
2015,22-12-2015,"LG introduces G Pad II 8.3 LTE with a built-in stylus in Korea",783,https://www.ampercent.com/lg-g-pad-ii-8-3-lte-specifications-and-features/17826/,General
2015,22-12-2015,"Lenovo K4 Note with 3GB of RAM to launch in January",493,https://www.ampercent.com/lenovo-k4-note-3gb-ram-launch-january/17846/,General
2015,22-12-2015,"Apps That Help You  Engage With Your Twitter Followers",898,https://www.ampercent.com/apps-help-engage-twitter-followers/17851/,General
2015,24-12-2015,"5 Apps And Services That Make Your Mac Display Flamboyant",594,https://www.ampercent.com/5-apps-and-services-mac-wallpaper/17857/,General
2015,24-12-2015,"Official: Samsung Launched Galaxy A9 in China",781,https://www.ampercent.com/samsung-galaxy-a9-full-phone-specifications-price-and-features/17849/,General
2015,24-12-2015,"5 Best Download Managers for Linux",617,https://www.ampercent.com/best-download-managers-for-linux/20681/,General
2015,24-12-2015,"Google Confirms Password Free Sign In",512,https://www.ampercent.com/google-confirms-password-free-sign/17864/,General
2015,26-12-2015,"Tech In 2015, Part 2 &#8211;  Top Android Flagship Smart Phones",1572,https://www.ampercent.com/tech-2015-part-2-top-android-flagship-smart-phones/17874/,General
2015,26-12-2015,"Samsung may Launch Galaxy S6 Mini",697,https://www.ampercent.com/full-phone-specifications-of-samsung-galaxy-s6-mini/17880/,General
2015,26-12-2015,"Remove Scan with Windows Defender from Context Menu in Windows 10",613,https://www.ampercent.com/remove-scan-windows-defender-context-menu-windows-10/17882/,General
2015,27-12-2015,"5 Things You Can Do With Shared Albums on Google Photos",980,https://www.ampercent.com/google-photos-shared-albums/17885/,General
2015,27-12-2015,"LeTV to Launch Le Max in India Next Month",653,https://www.ampercent.com/full-phone-specifications-of-le-max/17894/,General
2015,28-12-2015,"Xolo to Launch Xolo One HD in India for Rs. 4777",656,https://www.ampercent.com/full-phone-specifications-of-xolo-one-hd/17870/,General
2015,29-12-2015,"If It Were My Home Let&#8217;s You See Your Life In A Different Country By Comparing Living Conditions",686,https://www.ampercent.com/if-it-were-my-home-comparing-living-conditions/17905/,General
2015,30-12-2015,"Tech In 2015, Part -3 : Tablets (Replacing Laptops? )",1470,https://www.ampercent.com/tech-2015-part-3-tablets-replacing-laptops/17910/,General
2015,31-12-2015,"5 Services That Help You Find Email Addresses Related To A Domain",1000,https://www.ampercent.com/how-to-find-email-address-related-to-domain/17914/,General
2016,01-01-2016,"These Are The Most Searched Smart Phones In 2015",960,https://www.ampercent.com/top-5-smart-phones-2015/17921/,General
2016,03-01-2016,"How To Create A Personal Web Page Showcasing Your Work",830,https://www.ampercent.com/create-personal-work-page-using-branded-me/17929/,General
2016,03-01-2016,"5 Chrome Extensions That Help You Manage Your Money Matters",703,https://www.ampercent.com/5-chrome-extensions-help-manage-money-matters/17932/,General
2016,04-01-2016,"How To Use Google Plus Collections As Your Personal Diary",731,https://www.ampercent.com/use-google-plus-collections-as-your-personal-diary/17945/,General
2016,04-01-2016,"Top 5 Most Popular Mobiles Launched in 2015",936,https://www.ampercent.com/top-5-most-popular-mobiles-launched-in-2015/17903/,General
2016,05-01-2016,"Lenovo Announced Vibe S1 Lite With 8MP Front Camera",631,https://www.ampercent.com/lenovo-vibe-s1-lite/17952/,General
2016,05-01-2016,"Acer Windows Flagship Liquid Jade Primo All Set To Hit The Market Starting Feb",701,https://www.ampercent.com/acer-liquid-jade-primo/17955/,General
2016,05-01-2016,"LG Announced K10 at CES 2016",694,https://www.ampercent.com/full-phone-specifications-of-lg-k10/16206/,General
2016,05-01-2016,"LG Launched K7 and K7 LTE",829,https://www.ampercent.com/full-phone-specifications-features-and-review-of-lg-k7-lte/17961/,General
2016,06-01-2016,"Asus To Release Zenfone Zoom With 4GB RAM And 3X Optical Zoom In India",828,https://www.ampercent.com/asus-zenfone-zoom-zx551ml/17964/,General
2016,06-01-2016,"Samsung Launches Galaxy TabPro S : A Windows Tablet",738,https://www.ampercent.com/samsung-launches-galaxy-tabpro-s-windows-tablet/17970/,General
2016,06-01-2016,"Samsung Launches Notebook 9 at CES 2016",678,https://www.ampercent.com/samsung-notebook-9-specifications-features-review/17943/,General
2016,06-01-2016,"Huawei To Launch Honor 5X In India This Month",700,https://www.ampercent.com/huawei-honor-5x/17980/,General
2016,07-01-2016,"Asus Launched Zenfone Max With 5000 mAh Battery At ₹9,999",852,https://www.ampercent.com/asus-zenfone-max/17958/,General
2016,07-01-2016,"Samsung Launches Chromebook 3 at CES 2016",566,https://www.ampercent.com/samsung-launches-chromebook-3-ces-2016/17988/,General
2016,07-01-2016,"Alcatel to Launch 5 New Android and Windows Smartphone",830,https://www.ampercent.com/alcatel-launch-5-new-android-windows-smartphone/17991/,General
2016,07-01-2016,"Aipoly uses Artificial Intelligence To Help Visually Impaired",637,https://www.ampercent.com/aipoly-artificial-intelligence-to-help-blind/17993/,General
2016,08-01-2016,"Rumor: Microsoft Is Expected To Release Lumia 650 Soon",645,https://www.ampercent.com/lumia-650-expected-specs/17997/,General
2016,08-01-2016,"Specifications And First Impressions Of Blue Vivo 5",757,https://www.ampercent.com/blu-vivo-5-specs/18001/,General
2016,08-01-2016,"Blu Vivo XL : First Impressions and Quick Comparison with Vivo 5",1007,https://www.ampercent.com/blu-vivo-xl-spec-comparison-with-vivo-5/18005/,General
2016,08-01-2016,"Polaroid Announced Two New Smartphones At CES 2016",751,https://www.ampercent.com/polaroid-power-snap-announced/18013/,General
2016,09-01-2016,"Alcatel OneTouch Fierce XL &#8211; Yet Another Windows Phone Launched At CES16",773,https://www.ampercent.com/alcatel-onetouch-fierce-xl-windows/18022/,General
2016,09-01-2016,"How to Update Moto G 3rd Gen to Android Marshmallow",549,https://www.ampercent.com/update-moto-g-3rd-gen-android-marshmallow/18026/,General
2016,09-01-2016,"HTC launches HTC Desire 728 in India for Rs. 17,990",626,https://www.ampercent.com/full-phone-specifications-of-htc-desire-728/17974/,General
2016,10-01-2016,"Meet LeTV Max Pro &#8211; First Smart Phone with Snapdragon 820 SoC",1058,https://www.ampercent.com/letv-max-pro-specs/18041/,General
2016,11-01-2016,"TP-Link Announced New Smart Phones Under the Brand Neffos C5",1084,https://www.ampercent.com/tp-link-neffos-c5-c5l-c5max/18047/,General
2016,11-01-2016,"Xiaomi Announces Redmi 3 with 4100mAh Battery",745,https://www.ampercent.com/xiaomi-redmi-3-specs/18052/,General
2016,11-01-2016,"Xiaomi Redmi 3 vs Moto G 3rd Generation: Detailed Comparison",762,https://www.ampercent.com/xiaomi-redmi-3-vs-moto-g-3rd-generation-detailed-comparison/18043/,General
2016,11-01-2016,"Lenovo Announced A7000 Turbo At  ₹10,999",731,https://www.ampercent.com/lenovo-a7000-turbo/18061/,General
2016,11-01-2016,"Gionee Marathon M5 Lite Goes Official In India For ₹12,999",758,https://www.ampercent.com/gionee-marathon-m5-lite-launched/18065/,General
2016,12-01-2016,"Oppo To Announce F1 With 3 GB RAM and 8 MP Front Camera",809,https://www.ampercent.com/oppo-f1/18056/,General
2016,13-01-2016,"Xiaomi Redmi Note 3 Vs Xiaomi Redmi 3 &#8211; Comparing Specifications",876,https://www.ampercent.com/xiaomi-redmi-note-3-vs-xiaomi-redmi-3-comparing-specifications/18057/,General
2016,13-01-2016,"What is New iOS 9.3 Beta : List of New Features",672,https://www.ampercent.com/new-ios-9-3-beta-list-new-features/18077/,General
2016,13-01-2016,"Top 4 New Features of tvOS 9.2 Beta",532,https://www.ampercent.com/top-4-new-features-tvos-9-2-beta/18081/,General
2016,14-01-2016,"Micromax Announces Canvas Fantabulet F666 With 6.98&#8243; Display For  ₹7499",850,https://www.ampercent.com/micromax-canvas-fantabulet-f666/17978/,General
2016,14-01-2016,"Micromax Canvas Fantabulet vs Xiaomi Redmi 3: Which is Better and Why?",685,https://www.ampercent.com/micromax-canvas-fantabulet-vs-xiaomi-redmi-3-better/18088/,General
2016,14-01-2016,"Lenovo Lemon 3: Full Phone Specifications, Features and Review",557,https://www.ampercent.com/lenovo-lemon-3-full-phone-specifications-features-review/18090/,General
2016,15-01-2016,"Xiaomi Redmi 3 vs Lenovo Lemon 3 – Detailed Comparison",739,https://www.ampercent.com/xiaomi-redmi-3-vs-lenovo-lemon-3-detailed-comparison/18060/,General
2016,15-01-2016,"Micromax Canvas Fantabulet vs Lenovo Lemon 3 – Detailed Comparison",734,https://www.ampercent.com/micromax-canvas-fantabulet-vs-lenovo-lemon-3-detailed-comparison/18093/,General
2016,15-01-2016,"Coolpad Note 3 Lite With 3GB RAM And Fingerprint Scanner Launched for Rs.6,999/-",935,https://www.ampercent.com/coolpad-note3-lite/18107/,General
2016,16-01-2016,"Asus Live: Full Phone Specifications, Features and Review",736,https://www.ampercent.com/asus-live-full-phone-specifications-features-review/18094/,General
2016,19-01-2016,"How to Hide Stock Image Sites from Google Image Search Result",457,https://www.ampercent.com/hide-stock-image-sites-google-image-search-result/18124/,General
2016,20-01-2016,"Xiaomi Redmi Note 3 Snapdragon Variant : A Glance At Specs",874,https://www.ampercent.com/xiaomi-redmi-note3-snapdragon/18135/,General
2016,20-01-2016,"LeEco Announced Le1s with 3 GB RAM and Fingerprint Scanner at ₹10,999",743,https://www.ampercent.com/leeco-le1s/18139/,General
2016,20-01-2016,"Le Max From LeEco : A Flagship With 4GB RAM And 21MP Camera Announced For ₹32999",767,https://www.ampercent.com/leeco-le-max/18142/,General
2016,21-01-2016,"Karbonn Quattro L50 – Full Specifications, Features and Review",632,https://www.ampercent.com/karbonn-quattro-l50-full-specifications-features-review/18146/,General
2016,21-01-2016,"5 Things You Should Do After Installing Windows 10",764,https://www.ampercent.com/5-things-installing-windows-10/18149/,General
2016,22-01-2016,"ZTE Blade V Plus with Fingerprint Sensor and Metal Body Launched in Australia",608,https://www.ampercent.com/zte-blade-v-plus-full-phone-specifications/18155/,General
2016,22-01-2016,"Asus Launches Pegasus 5000 in China",538,https://www.ampercent.com/asus-pegasus-5000-full-phone-specifications/18114/,General
2016,22-01-2016,"Samsung Galaxy J7 (2016) Specifications Unveiled on GFXBench",625,https://www.ampercent.com/samsung-galaxy-j7-2016-specifications-unveiled-gfxbench/18153/,General
2016,22-01-2016,"Two Variants of Asus ZenFone 3 have been Benchmarked",625,https://www.ampercent.com/two-variants-of-asus-zenfone-3-have-been-benchmarked/18154/,General
2016,24-01-2016,"6.9-inch HTC Tablet has been Listed on GFXBench",590,https://www.ampercent.com/6-9-inch-htc-tablet-full-tablet-specifications/18167/,General
2016,25-01-2016,"Panasonic Announced Eluga Turbo With 3GB RAM For  ₹10,999/-",634,https://www.ampercent.com/panasonic-eluga-turbo/18178/,General
2016,25-01-2016,"Website Grader Helps You Know How Strong Your Website Is Just Like That",508,https://www.ampercent.com/website-grader-helps-strong-website/18181/,General
2016,25-01-2016,"Xiaomi Redmi Note 3 [Snapdragon] Vs LeEco Le1s : Clash Of The Titans",1030,https://www.ampercent.com/redmi-note3-vs-le1s/18188/,General
2016,25-01-2016,"How to Password Protect Note in iOS 9.3 Beta",503,https://www.ampercent.com/password-protect-note-ios-9-3-beta/18190/,General
2016,25-01-2016,"How to Adjust Only Google Maps Navigation Volume on Android",483,https://www.ampercent.com/adjust-google-maps-navigation-volume-android/18196/,General
2016,25-01-2016,"How to Create USB Recovery Drive in Windows 10",527,https://www.ampercent.com/create-usb-recovery-drive-windows-10/18201/,General
2016,25-01-2016,"Meet Movieo &#8211; A Personalized Online Shelf For Cinephiles",542,https://www.ampercent.com/movieo-online-movie-shelf/18207/,General
2016,25-01-2016,"Lenovo Announced K5 Note With  2GB RAM For 1099 Yuan In China",599,https://www.ampercent.com/lenovo-k5-note-china/18212/,General
2016,26-01-2016,"Comparing Specs Of Lenovo K4 Note And K5 Note : Two Siblings In Same Year",927,https://www.ampercent.com/lenovo-k4-note-vs-k5-note/18215/,General
2016,26-01-2016,"Everything You Need to Know About Android Smart Lock",594,https://www.ampercent.com/everything-need-know-android-smart-lock/18218/,General
2016,26-01-2016,"Huawei Launces Honor 5X in US",521,https://www.ampercent.com/huawei-launces-honor-5x-us/18222/,General
2016,26-01-2016,"Lava Announced P7 With 1GB RAM At ₹5,499",561,https://www.ampercent.com/lava-p7/18224/,General
2016,27-01-2016,"Google Contacts Now Lets you Import Contacts From Other Accounts",622,https://www.ampercent.com/new-google-contacts-import-export/18228/,General
2016,27-01-2016,"Lenovo Launches Vibe X3 With 3GB RAM And 21MP Camera For ₹19,999 In India",718,https://www.ampercent.com/lenovo-vibe-x3-launched-india/18235/,General
2016,28-01-2016,"LeEco Le Max Vs QiKU Q Terra Spec Comparison : Which One is The Better Flagship",1244,https://www.ampercent.com/leeco-le-max-vs-qiku-q-terra/18239/,General
2016,28-01-2016,"You Can Make Donations To Charities Directly From YouTube Using Donation Cards",646,https://www.ampercent.com/donate-on-youtube-using-donation-cards-us/18241/,General
2016,29-01-2016,"Huawei Launches Honor Holly 2 Plus With 13MP Camera and 4000mAh Battery For ₹8499/-",721,https://www.ampercent.com/huawei-honor-holly-2-plus/18244/,General
2016,30-01-2016,"OnePlus 2 16GB Version Came out In India For ₹22999",758,https://www.ampercent.com/oneplus-2-16gb-india/18247/,General
2016,30-01-2016,"Vivo Launches Vivo Y51L with 2GB RAM and 8MP Camera",619,https://www.ampercent.com/vivo-y51l-specifications-features-and-review/18251/,General
2016,31-01-2016,"Everything You Should Know About Storage in Google Photos",687,https://www.ampercent.com/google-photos-storage-options/18254/,General
2016,31-01-2016,"Priv By BlackBerry Gets Launched In India At An Outrageous Price of ₹62,999",556,https://www.ampercent.com/blackberry-priv-india/18257/,General
2016,01-02-2016,"Searching In Google Inbox Now Becomes Lot Faster With Latest Update",596,https://www.ampercent.com/google-inbox-search-update-quick-results/18258/,General
2016,01-02-2016,"How to Snooze Gmail using Google Script",686,https://www.ampercent.com/snooze-gmail-using-google-script/18262/,General
2016,01-02-2016,"Gionee Pioneer P5W Launched in India for Rs. 6,499",631,https://www.ampercent.com/gionee-pioneer-p5w-full-phone-specifications/18252/,General
2016,01-02-2016,"How to Get Rid of Unusual Touch on Android",497,https://www.ampercent.com/get-rid-unusual-touch-android/18269/,General
2016,03-02-2016,"Read WhatsApp Message without Notifying the Sender",503,https://www.ampercent.com/read-whatsapp-message-without-notifying-sender/18278/,General
2016,03-02-2016,"Motorola Launches Moto X Force In India For ₹49,999/-",701,https://www.ampercent.com/moto-x-force-india-launch/18281/,General
2016,03-02-2016,"Twitter Revamps It&#8217;s Home Page Giving You A Glance Of What&#8217;s Happening",641,https://www.ampercent.com/twitter-home-page-update/18283/,General
2016,05-02-2016,"How to Open Excel Sheet at Startup in Excel 2013/2016",554,https://www.ampercent.com/open-excel-sheet-startup-excel-20132016/18291/,General
2016,05-02-2016,"Metal-made Huawei GX8 officially launches in the US",548,https://www.ampercent.com/huawei-gx8-full-phone-specifications-features-and-price/18296/,General
2016,07-02-2016,"How to Open YouTube when Blocked in Office",1409,https://www.ampercent.com/how-to-open-youtube-when-blocked-in-office/18295/,General
2016,08-02-2016,"Picklor: Get Color Code from Any Object using Android Camera",527,https://www.ampercent.com/picklor-get-color-code-object-using-android-camera/18306/,General
2016,08-02-2016,"Got An iPhone Damaged ? &#8216;Error 53&#8217; Could Make It Dead Permanently",750,https://www.ampercent.com/error-53-iphone-6-ios-9-dead-permanently/18317/,General
2016,09-02-2016,"Google Users, Here is a Chance to Add 2GB To Your Drive Storage [Today Only]",622,https://www.ampercent.com/add-2gb-google-drive-safer-internet-day/18325/,General
2016,09-02-2016,"Top 3 Extensions for WhatsApp for Android",462,https://www.ampercent.com/top-3-extensions-whatsapp-android/18331/,General
2016,11-02-2016,"Best Racing Games for Android Marshmallow",695,https://www.ampercent.com/best-racing-games-android-marshmallow/18340/,General
2016,12-02-2016,"How to Turn Off Monitor when You Lock Computer",501,https://www.ampercent.com/turn-off-monitor-lock-computer/18350/,General
2016,13-02-2016,"2 Ways to Reset Second Generation Chromecast",487,https://www.ampercent.com/2-ways-reset-second-generation-chromecast/18352/,General
2016,14-02-2016,"2 Ways to Enable Night Shift in iOS 9.3 Beta",512,https://www.ampercent.com/2-ways-enable-night-shift-ios-9-3-beta/18358/,General
2016,14-02-2016,"How to Delete Selected Browsing History in iOS’ Safari",476,https://www.ampercent.com/delete-selected-browsing-history-ios-safari/18364/,General
2016,16-02-2016,"How to Convert Text to Speech in Windows",479,https://www.ampercent.com/convert-text-speech-windows/18378/,General
2016,17-02-2016,"LG Launches LG Stylus 2 with Android Marshmallow",569,https://www.ampercent.com/lg-launches-lg-stylus-2-android-marshmallow/18383/,General
2016,18-02-2016,"ISO Workshop: Complete Solution of ISO Files for Windows",482,https://www.ampercent.com/iso-workshop-complete-solution-iso-files-windows/18387/,General
2016,18-02-2016,"How to Set Different Volume Level for Each App on Android",536,https://www.ampercent.com/set-different-volume-level-app-android/18391/,General
2016,19-02-2016,"Mac Tips: Disable Password Prompt when Downloading App from App Store",497,https://www.ampercent.com/mac-tips-disable-password-prompt-downloading-app-app-store/18400/,General
2016,22-02-2016,"Best Password Generator Apps for Android",514,https://www.ampercent.com/best-password-generator-apps-android/18408/,General
2016,22-02-2016,"Samsung Galaxy S7: Full Phone Specifications, Features and Price",811,https://www.ampercent.com/samsung-galaxy-s7-full-phone-specifications-features-price/18412/,General
2016,23-02-2016,"Samsung Galaxy S7 Edge : Specifications And First Impressions",805,https://www.ampercent.com/samsung-galaxy-s7-edge-specs-first-impressions/18416/,General
2016,23-02-2016,"Gionee S8: Full Phone Specifications, Features and Price",655,https://www.ampercent.com/gionee-s8-full-phone-specifications-features-and-price/18386/,General
2016,23-02-2016,"Top 5 Apps for Apple Watch",563,https://www.ampercent.com/top-5-apps-apple-watch/18424/,General
2016,24-02-2016,"Haier Launched HaierPhone V6, V4, L60 and L56",712,https://www.ampercent.com/haier-launched-haierphone-v6-v4-l60-l56/18431/,General
2016,26-02-2016,"Xiaomi Announced Mi5 With 4GB RAM, Snapdragon 820 SoC  And More",681,https://www.ampercent.com/xiaomi-mi5-specs/18438/,General
2016,26-02-2016,"How to Get Floating Home Button on iOS",472,https://www.ampercent.com/get-floating-home-button-ios/18446/,General
2016,27-02-2016,"How To Alter Your Reactions To Facebook Posts",607,https://www.ampercent.com/how-to-alter-facebook-reactions/18456/,General
2016,28-02-2016,"Gmailify Lets You Access Features Of Gmail Without A Gmail Address",858,https://www.ampercent.com/gmailify-access-features-of-gmail-without-gmail-address/18460/,General
2016,29-02-2016,"How to Set Default USB Connection Type in Android Marshmallow",521,https://www.ampercent.com/set-default-usb-connection-type-android-marshmallow/18463/,General
2016,01-03-2016,"Kaspersky Cleaner : Free Junk Files Cleaner for Windows",578,https://www.ampercent.com/kaspersky-cleaner-free-junk-files-cleaner-windows/18467/,General
2016,01-03-2016,"How to Charge Mobile when Laptop is in Sleep Mode",484,https://www.ampercent.com/charge-mobile-laptop-sleep-mode/18471/,General
2016,02-03-2016,"Vivo XPlay 5 Ultimate Edition Launched with 6GB RAM in China",659,https://www.ampercent.com/vivo-xplay-5-ultimate-edition-launched-6gb-ram-china/18475/,General
2016,03-03-2016,"How to Update Installed Apps Automatically in Windows",494,https://www.ampercent.com/update-installed-apps-automatically-windows/18478/,General
2016,03-03-2016,"Two Ways to Use Search Filter in Windows 10",529,https://www.ampercent.com/two-ways-use-search-filter-windows-10/18484/,General
2016,04-03-2016,"How to Get Siri Like Digital Voice Assistant on Mac",506,https://www.ampercent.com/get-siri-like-digital-voice-assistant-mac/18487/,General
2016,04-03-2016,"Notiny : Free Note Taking App for Windows 10",603,https://www.ampercent.com/notiny-free-note-taking-app-windows-10/18489/,General
2016,05-03-2016,"How to Hide User Information from Windows 10 Login Screen",631,https://www.ampercent.com/hide-user-information-windows-10-login-screen/18494/,General
2016,05-03-2016,"2 Ways to Fix Your Startup Disk is Almost Full Error in OS X",561,https://www.ampercent.com/2-ways-fix-startup-disk-almost-full-error-os-x/18497/,General
2016,05-03-2016,"How to Find And Share Images From Social Media Sites Using Hashtags",647,https://www.ampercent.com/picsho-share-images-using-hashtags/18501/,General
2016,06-03-2016,"How to Get Hibernate on Windows 10",565,https://www.ampercent.com/get-hibernate-windows-10/18507/,General
2016,06-03-2016,"How to Add Image to Gmail Signature",497,https://www.ampercent.com/add-image-gmail-signature/18510/,General
2016,07-03-2016,"How to Play Multiple Videos Simultaneously on Windows",524,https://www.ampercent.com/play-multiple-videos-simultaneously-windows/18514/,General
2016,07-03-2016,"How to Remove Adware from Windows PC",566,https://www.ampercent.com/remove-adware-windows-pc/18517/,General
2016,08-03-2016,"How to Get Cleared Notifications on Android without Any App",519,https://www.ampercent.com/get-cleared-notifications-android-without-app/18522/,General
2016,08-03-2016,"How to Get Instagram Like Effects on Windows",567,https://www.ampercent.com/get-instagram-like-effects-windows/18528/,General
2016,08-03-2016,"Having Trouble With Ads On Facebook? Here is How You Can Manage Them",900,https://www.ampercent.com/how-to-manage-facebook-ads/18532/,General
2016,09-03-2016,"How To Use Google Docs To Create PDF Files",648,https://www.ampercent.com/use-google-docs-to-create-pdf/18541/,General
2016,09-03-2016,"How to Control Home Screen with Bluetooth Keyboard on iOS",477,https://www.ampercent.com/control-home-screen-bluetooth-keyboard-ios/18546/,General
2016,09-03-2016,"How to Change the Number of Thumbnails on Firefox’s New Tab Page",484,https://www.ampercent.com/change-number-thumbnails-firefoxs-new-tab-page/18549/,General
2016,09-03-2016,"How to Automatically Set Instagram Image as iOS Wallpaper",507,https://www.ampercent.com/automatically-set-instagram-image-ios-wallpaper/18554/,General
2016,10-03-2016,"What is New in Android N?",573,https://www.ampercent.com/new-android-n/18556/,General
2016,10-03-2016,"How to Add Nickname and Change Chat Color in Facebook Messenger",529,https://www.ampercent.com/add-nickname-change-chat-color-facebook-messenger/18559/,General
2016,11-03-2016,"How to Change Default Font in Windows 10",508,https://www.ampercent.com/change-default-font-windows-10/18565/,General
2016,11-03-2016,"How to Snooze Android Notifications",522,https://www.ampercent.com/snooze-android-notifications/18567/,General
2016,11-03-2016,"How To Make Use of Google Destinations To Plan Your Next Trip",787,https://www.ampercent.com/use-google-destinations-to-plan-trips/18571/,General
2016,12-03-2016,"3 Android N Features That Google didn’t Announce",560,https://www.ampercent.com/3-android-n-features-google-didnt-announce/18578/,General
2016,12-03-2016,"How to Disable Frequent Locations on iOS",497,https://www.ampercent.com/disable-frequent-locations-ios/18580/,General
2016,13-03-2016,"Easy App Switcher: The Fastest Way to Switch between Apps on Android",599,https://www.ampercent.com/easy-app-switcher-fastest-way-switch-apps-android/18584/,General
2016,14-03-2016,"Lookback USB Is All You Need When It Comes To Screen Recording",786,https://www.ampercent.com/record-screens-using-lookback-usb/18593/,General
2016,14-03-2016,"Snail Driver : Easiest Way to Update Windows Drivers",509,https://www.ampercent.com/snail-driver-easiest-way-update-windows-drivers/18598/,General
2016,16-03-2016,"How to Show or Hide System Icons in Windows 10",481,https://www.ampercent.com/show-hide-system-icons-windows-10/18607/,General
2016,16-03-2016,"How to Change Duration to Show Notifications in Windows 10",500,https://www.ampercent.com/change-duration-show-notifications-windows-10/18610/,General
2016,17-03-2016,"How to Download Google Fonts using SkyFonts",475,https://www.ampercent.com/download-google-fonts-using-skyfonts/18612/,General
2016,17-03-2016,"How to Schedule Text on iOS",502,https://www.ampercent.com/schedule-text-ios/18619/,General
2016,19-03-2016,"Fix: USB Drive is Appearing Twice in File Explorer",499,https://www.ampercent.com/fix-usb-drive-appearing-twice-file-explorer/18622/,General
2016,20-03-2016,"2 Useful Outlook Tricks that You Can Use to Upgrade Your Experience",552,https://www.ampercent.com/2-useful-outlook-tricks-can-use-upgrade-experience/18625/,General
2016,21-03-2016,"Imagine: Best GIF File Viewer and Editor for Windows",541,https://www.ampercent.com/imagine-best-gif-file-viewer-editor-windows/18635/,General
2016,21-03-2016,"Tips That Help You Use Google Inbox As Your Primary Mailbox",896,https://www.ampercent.com/tips-help-you-google-inbox-as-primary-mailbox/18638/,General
2016,22-03-2016,"Everything Apple Launched at March 2016 Event",589,https://www.ampercent.com/everything-apple-launched-march-2016-event/18646/,General
2016,22-03-2016,"Apple iPad Pro 9.7 : Full Specifications, Features and Price",533,https://www.ampercent.com/apple-ipad-pro-9-7-full-specifications-features-price/18650/,General
2016,22-03-2016,"How to Play YouTube video in Background on iOS, iPhone or iPad",520,https://www.ampercent.com/play-youtube-video-background-ios-iphone-ipad/18652/,General
2016,23-03-2016,"Make A Google Document Published To Web Look More Appealing",657,https://www.ampercent.com/google-doc-publisher-publish-doc-with-better-ui/18656/,General
2016,23-03-2016,"How to Setup Touch ID on iOS",467,https://www.ampercent.com/setup-touch-id-ios/18660/,General
2016,24-03-2016,"How to Block Political Content in Safari for iOS",522,https://www.ampercent.com/block-political-content-safari-ios/18666/,General
2016,24-03-2016,"How to Set 4 Digit Passcode in iOS",494,https://www.ampercent.com/set-4-digit-passcode-ios/18675/,General
2016,24-03-2016,"Recover Lost WhatsApp Data From iOS Devices For Free",696,https://www.ampercent.com/free-whatsapp-recovery-lost-data-ios/18665/,General
2016,25-03-2016,"How to Block Website on iOS Without Any App",504,https://www.ampercent.com/block-website-ios-without-app/18680/,General
2016,26-03-2016,"How to Extract Image from PDF File",487,https://www.ampercent.com/extract-image-pdf-file/18689/,General
2016,27-03-2016,"Quick Tip: Redirect Automatically to Google Inbox From Gmail",526,https://www.ampercent.com/redirect-gmail-to-google-inbox/18698/,General
2016,28-03-2016,"How to Enable Night Shift and Low Power Mode Together on iOS",529,https://www.ampercent.com/enable-night-shift-low-power-mode-together-ios/18701/,General
2016,29-03-2016,"How to Get Sunset to Sunrise Settings in Night Shift",548,https://www.ampercent.com/get-sunset-sunrise-settings-night-shift/18704/,General
2016,30-03-2016,"How to Convert Slow Motion Video to Normal Video on iOS",495,https://www.ampercent.com/convert-slow-motion-video-normal-video-ios/18714/,General
2016,01-04-2016,"Make Google Hangouts An Ideal Chat Client For Your Workplace",475,https://www.ampercent.com/common-hangouts-tweaks-google-hangouts-ui/18722/,General
2016,01-04-2016,"Samsung Launches Samsung Galaxy J3 2016 with S Bike for Rs. 8990",678,https://www.ampercent.com/samsung-launches-samsung-galaxy-j3-2016-s-bike-rs-8990/18720/,General
2016,01-04-2016,"How to Disable SmartScreen Filter in Windows 10/8/8.1",626,https://www.ampercent.com/disable-smartscreen-filter-windows-1088-1/18747/,General
2016,02-04-2016,"How to Mirror iOS Screen to Windows or Mac",485,https://www.ampercent.com/mirror-ios-screen-windows-mac/18753/,General
2016,02-04-2016,"Fix: Windows is Showing Icons and No Thumbnail",550,https://www.ampercent.com/fix-windows-showing-icons-no-thumbnail/18758/,General
2016,02-04-2016,"How to Translate Text to Multiple Languages at Once",477,https://www.ampercent.com/translate-text-multiple-languages/18773/,General
2016,03-04-2016,"How to Block Contact on iOS without Any App",568,https://www.ampercent.com/block-contact-ios-without-app/18777/,General
2016,04-04-2016,"How to Exclude Particular App from Spotlight Search in iOS",480,https://www.ampercent.com/exclude-particular-app-spotlight-search-ios/18806/,General
2016,05-04-2016,"How to Disable Best Tweets First on Android, iOS and Web",601,https://www.ampercent.com/disable-best-tweets-first-android-ios-web/18812/,General
2016,06-04-2016,"How to Highlight Text on Any Webpage in iOS",563,https://www.ampercent.com/highlight-text-webpage-ios/18819/,General
2016,06-04-2016,"CM Security AppLock AntiVirus : Best Free Security Shield for Android",620,https://www.ampercent.com/cm-security-applock-antivirus-best-free-security-shield-android/18827/,General
2016,07-04-2016,"How to Disable Siri on Lock Screen",492,https://www.ampercent.com/disable-siri-lock-screen/18836/,General
2016,08-04-2016,"How to Save Article in Apple News to Read Later",499,https://www.ampercent.com/save-article-apple-news-read-later/18839/,General
2016,08-04-2016,"How to Change Notification Priority in Windows 10 Action Center",541,https://www.ampercent.com/change-notification-priority-windows-10-action-center/18845/,General
2016,08-04-2016,"Open Settings Panel in Windows 10 using Different Keyboard Shortcut",563,https://www.ampercent.com/open-settings-panel-windows-10-using-different-keyboard-shortcut/18849/,General
2016,09-04-2016,"How to Install Extension in Microsoft Edge",537,https://www.ampercent.com/install-extension-microsoft-edge/18855/,General
2016,10-04-2016,"How to Increase Icon Cache on Windows 10/8/7",507,https://www.ampercent.com/increase-icon-cache-windows-1087-2/18811/,General
2016,10-04-2016,"How to Disable Mobile/Cellular Data for Specific App on iOS",545,https://www.ampercent.com/disable-mobilecellular-data-specific-app-ios/18736/,General
2016,10-04-2016,"Bing Partners With HackerRank To Show Executable Code Snippets In Search Results",545,https://www.ampercent.com/microsoft-bing-code-results-update/18865/,General
2016,10-04-2016,"Mailtrack For Gmail Lets You Know If Your Sent Mail Has Been Read In WhatsApp Style",643,https://www.ampercent.com/mailtrack-for-gmail-track-sent-email/18869/,General
2016,11-04-2016,"How To View Posts From Specific People Or Pages On Google+",519,https://www.ampercent.com/circle-streams-google-plus/18874/,General
2016,11-04-2016,"Manage All Chat And Messaging Services At One Place From Desktop",563,https://www.ampercent.com/franz-free-messaging-app/18877/,General
2016,11-04-2016,"How to Disable Animation on iOS, iPhone/iPad",467,https://www.ampercent.com/how-to-disable-animation-on-ios-iphoneipad/18709/,General
2016,11-04-2016,"How to Import Notes from Evernote to OneNote",603,https://www.ampercent.com/import-notes-evernote-onenote/18744/,General
2016,12-04-2016,"How to Stop Google Chrome from Opening Windows Store",562,https://www.ampercent.com/stop-google-chrome-opening-windows-store/18786/,General
2016,12-04-2016,"How to Create Short URL on Android",530,https://www.ampercent.com/create-short-url-android/18763/,General
2016,12-04-2016,"How to Copy Unselectable Text on Android",503,https://www.ampercent.com/copy-unselectable-text-android/18768/,General
2016,13-04-2016,"2 Ways to Get Saved Wi-Fi Password in Windows",558,https://www.ampercent.com/2-ways-get-saved-wi-fi-password-windows/18788/,General
2016,14-04-2016,"Simplenote for Windows Review: Best &amp; Free Note Taking App",671,https://www.ampercent.com/simplenote-windows-review-best-free-note-taking-app/18800/,General
2016,14-04-2016,"How to Change Message Notification Alert Settings in iOS",494,https://www.ampercent.com/change-message-notification-alert-settings-ios/18795/,General
2016,16-04-2016,"Show Lock Screen Background Picture on Sign-in Screen in Windows 10",543,https://www.ampercent.com/show-lock-screen-background-picture-sign-screen-windows-10/18881/,General
2016,16-04-2016,"Fix: We Couldn’t Load This Extension in Edge for Windows 10",509,https://www.ampercent.com/fix-couldnt-load-extension-edge-windows-10/18883/,General
2016,16-04-2016,"How to Enable Hey Cortana on Lock Screen in Windows 10",534,https://www.ampercent.com/enable-hey-cortana-lock-screen-windows-10/18885/,General
2016,17-04-2016,"Fix: Task Manager has been Disabled by Your Administrator",591,https://www.ampercent.com/fix-task-manager-disabled-administrator/18889/,General
2016,17-04-2016,"How to Change Email Theme and Font in Outlook for Windows",473,https://www.ampercent.com/change-email-theme-font-outlook-windows/18894/,General
2016,18-04-2016,"TweakBit PCSpeedUp : Optimize and Speed Up Your Windows PC",498,https://www.ampercent.com/tweakbit-pcspeedup-optimize-speed-windows-pc/18899/,General
2016,19-04-2016,"How to Check Which User has Installed an App on Windows",517,https://www.ampercent.com/check-user-installed-app-windows/18902/,General
2016,19-04-2016,"How to Show One App Windows in All Desktops in Windows 10",535,https://www.ampercent.com/show-one-app-windows-desktops-windows-10/18908/,General
2016,20-04-2016,"Top 5 Upcoming Features of Windows 10 Anniversary Update",711,https://www.ampercent.com/top-5-upcoming-features-windows-10-anniversary-update/18910/,General
2016,20-04-2016,"How to Completely Block Websites In Internet Explorer, Firefox and Google Chrome",767,https://www.ampercent.com/block-websites-internet-explorer-firefox-google-chrome/6204/,General
2016,21-04-2016,"LeEco Le 2: Full Phone Specifications, Price and Availability",640,https://www.ampercent.com/leeco-le-2-full-phone-specifications-price-availability/18912/,General
2016,21-04-2016,"LeEco Le 2 Pro: Full Phone Specifications, Features and Price",594,https://www.ampercent.com/leeco-le-2-pro-full-phone-specifications-features-price/18914/,General
2016,23-04-2016,"Win10 Security Plus: Improve Your Security and Privacy in Windows 10",648,https://www.ampercent.com/win10-security-plus-improve-security-privacy-windows-10/18922/,General
2016,25-04-2016,"How to Uninstall Internet Explorer from Windows 10",492,https://www.ampercent.com/how-to-uninstall-internet-explorer-from-windows-10/18931/,General
2016,26-04-2016,"How to Enable VPN in Opera for Computer",544,https://www.ampercent.com/enable-vpn-opera-computer/18936/,General
2016,26-04-2016,"File Blender: Best &amp; Free File Converter App for Windows",507,https://www.ampercent.com/file-blender-best-free-file-converter-app-windows/18941/,General
2016,27-04-2016,"How to Send Apps from PC to iPhone to Install",588,https://www.ampercent.com/send-apps-pc-iphone-install/18948/,General
2016,01-05-2016,"How to Stream Music from PC to iPhone",554,https://www.ampercent.com/stream-music-pc-iphone/18963/,General
2016,01-05-2016,"How to Synchronize Selected Google Drive Folder in Windows",506,https://www.ampercent.com/synchronize-selected-google-drive-folder-windows/18970/,General
2016,02-05-2016,"How to Apply Local Group Policy Changes to Particular User",529,https://www.ampercent.com/apply-local-group-policy-changes-particular-user/18976/,General
2016,02-05-2016,"How to Convert Text to Another Language using Mobile Camera",554,https://www.ampercent.com/convert-text-another-language-using-mobile-camera/18981/,General
2016,03-05-2016,"The New Google Keep Chrome Extension Lets You Save URLs and Images",688,https://www.ampercent.com/google-keep-chrome-extension/18987/,General
2016,03-05-2016,"How to Get Basic Mode of Facebook in Safari for iOS",464,https://www.ampercent.com/get-basic-mode-facebook-safari-ios/18991/,General
2016,03-05-2016,"Fix: Mail App is Loading but not Showing New Email in iOS",533,https://www.ampercent.com/fix-mail-app-loading-not-showing-new-email-ios/18997/,General
2016,03-05-2016,"How To Get Rid Of Junk Images In Your WhatsApp At One Go",519,https://www.ampercent.com/siftr-whatsapp-magic-cleaner/19000/,General
2016,05-05-2016,"3 Chrome Extensions For Google Inbox To Enhance User Experience",767,https://www.ampercent.com/3-chrome-extensions-google-inbox/19003/,General
2016,05-05-2016,"How to Change Keyboard Color of Android",618,https://www.ampercent.com/change-keyboard-color-android/19010/,General
2016,05-05-2016,"How to Get Material Design on YouTube",485,https://www.ampercent.com/how-to-get-material-design-on-youtube/19019/,General
2016,05-05-2016,"How to Empty Recycle Bin Automatically at Predefined Time",475,https://www.ampercent.com/empty-recycle-bin-automatically-predefined-time/19031/,General
2016,07-05-2016,"AeroAdmin : Free Remote Desktop Tool for Windows",546,https://www.ampercent.com/aeroadmin-free-remote-desktop-tool-windows/19037/,General
2016,07-05-2016,"Windscribe: Free 10 GB VPN Tool for Windows",494,https://www.ampercent.com/windscribe-free-10-gb-vpn-tool-windows/19042/,General
2016,08-05-2016,"Gifs.com Lets You Create Personalized GIF Images From A Video For Free",566,https://www.ampercent.com/gifs-com-create-share-gifs/19047/,General
2016,09-05-2016,"MoboPlay: Best Free iPhone File Manager and Backup Tool",572,https://www.ampercent.com/moboplay-best-free-iphone-file-manager-backup-tool/19052/,General
2016,09-05-2016,"Finch: Free Twitter Client for Android",592,https://www.ampercent.com/finch-free-twitter-client-android/19056/,General
2016,10-05-2016,"Sygic: Best Free Offline GPS Navigation and Maps for Android",519,https://www.ampercent.com/sygic-best-free-offline-gps-navigation-maps-android/19062/,General
2016,10-05-2016,"How to Record Android Screen on PC",605,https://www.ampercent.com/record-android-screen-pc/19066/,General
2016,11-05-2016,"WhatsApp has Launched Desktop Apps for Windows and Mac",494,https://www.ampercent.com/whatsapp-launched-desktop-apps-windows-mac/19073/,General
2016,11-05-2016,"How to Block Ads in Microsoft Edge",491,https://www.ampercent.com/block-ads-microsoft-edge/19074/,General
2016,12-05-2016,"How to Identify Ransomware to Get Perfect Unlocker",680,https://www.ampercent.com/identify-ransomware-get-perfect-unlocker/19078/,General
2016,12-05-2016,"How to Run Program with Admin Right from Standard User Account in Windows",479,https://www.ampercent.com/how-to-run-program-with-admin-right-from-standard-user-account-in-windows/19080/,General
2016,12-05-2016,"How to Turn Your PC into Wi-Fi Hotspot",531,https://www.ampercent.com/turn-pc-wi-fi-hotspot/19082/,General
2016,12-05-2016,"Avira AppLock+: Lock Android Apps Easily",564,https://www.ampercent.com/avira-applock-lock-android-apps-easily/19086/,General
2016,13-05-2016,"How to Enable Ad Blocker in Opera Mini for Android",578,https://www.ampercent.com/enable-ad-blocker-opera-mini-android/19092/,General
2016,13-05-2016,"How to Translate Any Language in Any App in Android",478,https://www.ampercent.com/translate-language-app-android/19097/,General
2016,14-05-2016,"Avira Phantom VPN: Free VPN for Windows and Android",470,https://www.ampercent.com/avira-phantom-vpn-free-vpn-windows-android/19101/,General
2016,14-05-2016,"Top 5 Less Known Features of Samsung Galaxy S7",585,https://www.ampercent.com/top-5-less-known-features-samsung-galaxy-s7/19105/,General
2016,14-05-2016,"GBoard: Google Keyboard for iOS",564,https://www.ampercent.com/gboard-google-keyboard-ios/19107/,General
2016,16-05-2016,"5 Reasons why You Should Install GBoard on iPhone",566,https://www.ampercent.com/5-reasons-install-gboard-iphone/19115/,General
2016,17-05-2016,"How to Shut Down Windows 10 using Cortana",537,https://www.ampercent.com/shut-windows-10-using-cortana/19117/,General
2016,17-05-2016,"How to Fix Item Not Available in Particular App Store for iOS",504,https://www.ampercent.com/fix-item-not-available-particular-app-store-ios/19121/,General
2016,18-05-2016,"How to Message Multiple People on Facebook without Adding to a Group",478,https://www.ampercent.com/message-multiple-people-facebook-without-adding-group/19126/,General
2016,18-05-2016,"How to Bookmark Particular Folder in Registry Editor",529,https://www.ampercent.com/bookmark-particular-folder-registry-editor/19129/,General
2016,18-05-2016,"Moto G 4: Full Phone Specifications, Features and Price",497,https://www.ampercent.com/moto-g-4-full-phone-specifications-features-and-price/19091/,General
2016,18-05-2016,"Moto G 4 Plus: Full Phone Specifications, Features and Price",582,https://www.ampercent.com/moto-g-4-plus-full-phone-specifications-features-and-price/19135/,General
2016,18-05-2016,"Moto G Play: Full Phone Specifications, Features and Price",587,https://www.ampercent.com/moto-g-play-full-phone-specifications-features-and-price/19136/,General
2016,20-05-2016,"Stop Windows Phone 10 from Installing Windows Insider Preview Builds",464,https://www.ampercent.com/stop-windows-phone-10-installing-windows-insider-preview-builds/19141/,General
2016,20-05-2016,"Smartron tPhone: Full Phone Specifications, Features and Price",668,https://www.ampercent.com/smartron-tphone-full-phone-specifications-features-price/19147/,General
2016,21-05-2016,"Android Instant Apps – Everything You Need to Know About",639,https://www.ampercent.com/android-instant-apps-everything-need-know/19150/,General
2016,24-05-2016,"Micromax Bolt Selfie: Full Phone Specifications, Features and Price",523,https://www.ampercent.com/micromax-bolt-selfie-full-phone-specifications-features-price/19166/,General
2016,24-05-2016,"How to Get Battery Full Notification in Android",539,https://www.ampercent.com/get-battery-full-notification-android/19155/,General
2016,24-05-2016,"How to Disable Apple Software Update on Windows",450,https://www.ampercent.com/disable-apple-software-update-windows/19159/,General
2016,24-05-2016,"Intex Cloud String HD: Full Phone Specifications, Features and Price",587,https://www.ampercent.com/intex-cloud-string-hd-full-phone-specifications-features-price/19164/,General
2016,25-05-2016,"Turbo Download Manager: Free Download Manager for Windows and Android",519,https://www.ampercent.com/turbo-download-manager-free-download-manager-windows-android/19168/,General
2016,26-05-2016,"Dumpster: Best and Free Recycle Bin for Android",482,https://www.ampercent.com/dumpster-best-free-recycle-bin-android/19173/,General
2016,26-05-2016,"How to Check Sent Friend Requests on Facebook",504,https://www.ampercent.com/check-sent-friend-requests-facebook/19177/,General
2016,27-05-2016,"Samsung Galaxy C5: Full Phone Specifications, Features and Price",585,https://www.ampercent.com/samsung-galaxy-c5/19181/,General
2016,27-05-2016,"Samsung Galaxy C7: Full Phone Specifications, Features and Price",574,https://www.ampercent.com/samsung-galaxy-c7/19184/,General
2016,27-05-2016,"What is New in Windows 10 Insider Preview Build 14352",545,https://www.ampercent.com/new-windows-10-insider-preview-build-14352/19185/,General
2016,28-05-2016,"Top 5 Android Smartphones under Rs 15000",757,https://www.ampercent.com/top-5-android-smartphones-rs-15000/19186/,General
2016,29-05-2016,"Lenovo ZUK Z1; the Next Hotcake in Indian Smartphone Market?",847,https://www.ampercent.com/lenovo-zuk-z1-review/19188/,General
2016,01-06-2016,"Asus Zenfone 3: Full Phone Specifications, Features and Price",487,https://www.ampercent.com/asus-zenfone-3/19172/,General
2016,01-06-2016,"Asus Zenfone 3 Deluxe: Full Phone Specifications, Features and Price",502,https://www.ampercent.com/asus-zenfone-3-deluxe/19198/,General
2016,01-06-2016,"Asus Zenfone 3 Ultra: Full Phone Specifications, Features and Price",469,https://www.ampercent.com/asus-zenfone-3-ultra/19199/,General
2016,02-06-2016,"Sony Xperia XA: Full Phone Specifications, Features and Price",495,https://www.ampercent.com/sony-xperia-xa/19206/,General
2016,02-06-2016,"Sony Xperia X: Full Phone Specifications, Features and Price",654,https://www.ampercent.com/sony-xperia-x/19205/,General
2016,03-06-2016,"Top 5 Tips and Trick of Vivaldi Web Browser",557,https://www.ampercent.com/top-5-tips-trick-vivaldi-web-browser/19209/,General
2016,03-06-2016,"How to Send Your Location to Facebook Friend",500,https://www.ampercent.com/send-location-facebook-friend/19216/,General
2016,03-06-2016,"How to Change YouTube App Brightness and Volume using Touch",523,https://www.ampercent.com/change-youtube-app-brightness-volume-using-touch/19222/,General
2016,04-06-2016,"Moto G4 Plus vs. ZUK Z1; Lenovo Battle 2016 Unleashed",865,https://www.ampercent.com/moto-g4-plus-vs-zuk-z1/19227/,General
2016,04-06-2016,"How to Get Pin to Start in Context Menu of Windows 10",514,https://www.ampercent.com/get-pin-start-context-menu-windows-10/19229/,General
2016,04-06-2016,"How to Hide Targeted Ads on Facebook",511,https://www.ampercent.com/hide-targeted-ads-facebook/19231/,General
2016,04-06-2016,"How to Store Browsing History of Incognito Mode of Chrome",505,https://www.ampercent.com/store-browsing-history-incognito-mode-chrome/19236/,General
2016,04-06-2016,"How to Password Protect Excel Spreadsheet in Windows",486,https://www.ampercent.com/password-protect-excel-spreadsheet-windows/19240/,General
2016,04-06-2016,"Samsung Galaxy J7 vs Moto G 4 Plus : Which is Better and Why",728,https://www.ampercent.com/samsung-galaxy-j7-vs-moto-g-4-plus-better/19244/,General
2016,04-06-2016,"How to Disable Interest-based Ads of Amazon",480,https://www.ampercent.com/disable-interest-based-ads-amazon/19246/,General
2016,04-06-2016,"How to Fix IP Leak in Opera Mini VPN",507,https://www.ampercent.com/fix-ip-leak-opera-mini-vpn/19250/,General
2016,11-06-2016,"How to Read Facebook Message without Notifying Sender",504,https://www.ampercent.com/read-facebook-message-without-notifying-sender/19254/,General
2016,11-06-2016,"How to Remove Any System Icon from Status Bar in Android",474,https://www.ampercent.com/remove-system-icon-status-bar-android/19258/,General
2016,11-06-2016,"How to Get Facebook Messenger Like Chat Head for WhatsApp and Gmail",496,https://www.ampercent.com/get-facebook-messenger-like-chat-head-whatsapp-gmail/19262/,General
2016,11-06-2016,"How to Log Off Mac After Particular Time of Inactivity",510,https://www.ampercent.com/log-off-mac-particular-time-inactivity/19267/,General
2016,11-06-2016,"One Plus 3; Rumours, Leaks and Expectations",864,https://www.ampercent.com/one-plus-3-rumors-leaks-expectations/19275/,General
2016,12-06-2016,"Lenovo Moto Z: Full Phone Specifications, Features, Price and Release Date",616,https://www.ampercent.com/lenovo-moto-z/19271/,General
2016,12-06-2016,"Lenovo Moto Z Force: Specifications, Features, Price and Release Date",558,https://www.ampercent.com/lenovo-moto-z-force/19253/,General
2016,12-06-2016,"Everything You Need to Know about Moto Mods",590,https://www.ampercent.com/moto-mods/19272/,General
2016,12-06-2016,"Lenovo Phab 2 Pro: First Google Tango Enabled Android Mobile",614,https://www.ampercent.com/lenovo-phab-2-pro-first-google-tango-enabled-android-mobile/19286/,General
2016,13-06-2016,"How to Save Buffered Videos from Browser Cached Files -Chrome &amp; Firefox tips",736,https://www.ampercent.com/save-buffered-videos-browser-cached-files-chrome-firefox-tips/19293/,General
2016,14-06-2016,"Top 5 New Features of macOS Sierra",613,https://www.ampercent.com/top-5-new-features-macos-sierra/19296/,General
2016,14-06-2016,"5 Most Important Things about iOS 10",557,https://www.ampercent.com/5-important-things-ios-10/19298/,General
2016,14-06-2016,"Everything Apple announced at WWDC 2016",589,https://www.ampercent.com/everything-apple-announced-at-wwdc-2016/19300/,General
2016,15-06-2016,"Delete Stock Apps from iOS 10: All You Need to Know",531,https://www.ampercent.com/delete-stock-apps-ios-10-need-know/19305/,General
2016,16-06-2016,"Xiaomi Redmi 3S: Specifications, Features, Price and Release Date",507,https://www.ampercent.com/xiaomi-redmi-3s-specifications-features-price-release-date/19306/,General
2016,17-06-2016,"How to Enable Adaptive Brightness in Windows 10",473,https://www.ampercent.com/enable-adaptive-brightness-windows-10/19309/,General
2016,17-06-2016,"Asus ZenFone Pegasus 3: Specifications, Features and Price",532,https://www.ampercent.com/asus-zenfone-pegasus-3-specifications-features-price/19311/,General
2016,18-06-2016,"Panasonic P75: Specifications, Features and Price",468,https://www.ampercent.com/panasonic-p75-specifications-features-price/19314/,General
2016,18-06-2016,"Asus ZenPad Z8: Full Specifications, Features and Price",496,https://www.ampercent.com/asus-zenpad-z8-full-specifications-features-price/19317/,General
2016,19-06-2016,"How to Record Video While Screen is Locked [iPhone Guide]",516,https://www.ampercent.com/record-video-screen-locked-iphone-guide/19320/,General
2016,19-06-2016,"How to Backup Contacts to SD Card in Android",488,https://www.ampercent.com/backup-contacts-sd-card-android/19322/,General
2016,20-06-2016,"Top 3 Android Mobiles with 6GB RAM",528,https://www.ampercent.com/top-3-android-mobiles-6gb-ram/19326/,General
2016,20-06-2016,"How to Enable Enhanced Anti Spoofing in Windows 10",574,https://www.ampercent.com/enable-enhanced-anti-spoofing-windows-10/19331/,General
2016,23-06-2016,"How to Copy Windows Store App Link in Windows 10",477,https://www.ampercent.com/copy-windows-store-app-link-windows-10/19340/,General
2016,23-06-2016,"How to Install Windows Store Apps without Switching to Microsoft Account",519,https://www.ampercent.com/install-windows-store-apps-without-switching-microsoft-account/19343/,General
2016,24-06-2016,"Huawei Honor 5C: Specifications, Features, Price and Availability",526,https://www.ampercent.com/huawei-honor-5c-specifications-features-price-availability/19350/,General
2016,25-06-2016,"Check Network Strength on iPhone without Jailbreaking",486,https://www.ampercent.com/check-network-strength-iphone-without-jailbreaking/19353/,General
2016,27-06-2016,"Oppo A37: Full Phone Specifications, Features, Price",472,https://www.ampercent.com/oppo-a37-full-phone-specifications-features-price/19357/,General
2016,28-06-2016,"Gionee F103 Pro: Specifications, Features and Price",491,https://www.ampercent.com/gionee-f103-pro-specifications-features-price/19360/,General
2016,28-06-2016,"Micromax Canvas Unite 4: Specifications, Features and Price",480,https://www.ampercent.com/micromax-canvas-unite-4/19363/,General
2016,29-06-2016,"OnePlus 2 vs OnePlus 3; Which is the Better Settlement?",824,https://www.ampercent.com/oneplus-2-vs-oneplus-3/19369/,General
2016,29-06-2016,"How to Save Any Webpage to Facebook",482,https://www.ampercent.com/save-webpage-facebook/19371/,General
2016,02-07-2016,"Xiaomi Mi Max: Specifications, Features and Price in India",536,https://www.ampercent.com/xiaomi-mi-max-specifications-features-price-india/19378/,General
2016,03-07-2016,"Xiaomi Redmi Note 3 vs Motorola Moto G4 Comparison",680,https://www.ampercent.com/xiaomi-redmi-note-3-vs-motorola-moto-g4-comparison/19385/,General
2016,03-07-2016,"Xiaomi Redmi Note 3 vs Oppo A37 Comparison",664,https://www.ampercent.com/xiaomi-redmi-note-3-vs-oppo-a37-comparison/19388/,General
2016,06-07-2016,"LeEco Le 2 vs Moto G4 Plus Comparison",718,https://www.ampercent.com/leeco-le-2-vs-moto-g4-plus-comparison/19391/,General
2016,07-07-2016,"How to Reduce Image Size while Sending via Mail App for iOS",460,https://www.ampercent.com/reduce-image-size-sending-via-mail-app-ios/19398/,General
2016,07-07-2016,"How to Disable Automatic Deletion of iMessage Video and Audio",480,https://www.ampercent.com/disable-automatic-deletion-imessage-video-audio/19397/,General
2016,07-07-2016,"Blu Energy XL: Full Phone Specifications, Features and Price",493,https://www.ampercent.com/blu-energy-xl-full-phone-specifications-features-price/19403/,General
2016,08-07-2016,"How to Customize Notification on iOS",546,https://www.ampercent.com/customize-notification-ios/19414/,General
2016,08-07-2016,"Samsung Galaxy J Max: Specifications, Features, Price in India",514,https://www.ampercent.com/samsung-galaxy-j-max/19425/,General
2016,08-07-2016,"Samsung Galaxy J2 (2016): Specifications, Features, Price in India",513,https://www.ampercent.com/samsung-galaxy-j2-2016/19422/,General
2016,09-07-2016,"Redmi Note 3 vs Samsung Galaxy J2 (2016) Comparison",721,https://www.ampercent.com/redmi-note-3-vs-samsung-galaxy-j2-2016-comparison/19428/,General
2016,09-07-2016,"Samsung Galaxy J Max vs Motorola Moto G4 Plus Comparison",583,https://www.ampercent.com/samsung-galaxy-j-max-vs-motorola-moto-g4-plus-comparison/19430/,General
2016,10-07-2016,"How to Remove Audio from Video on Android",537,https://www.ampercent.com/how-to-remove-audio-from-video-on-android/19408/,General
2016,10-07-2016,"How to Install Unverified Add-on in Firefox",476,https://www.ampercent.com/install-unverified-add-firefox/19417/,General
2016,11-07-2016,"Samsung Galaxy J Max vs Xiaomi Mi Max Comparison",604,https://www.ampercent.com/samsung-galaxy-j-max-vs-xiaomi-mi-max-comparison/19432/,General
2016,11-07-2016,"Prisma – Simplest App to Add Art Work on Images",509,https://www.ampercent.com/prisma-simplest-app-add-art-work-images/19434/,General
2016,12-07-2016,"How to Enable Voice Dictation on iOS Keyboard",474,https://www.ampercent.com/enable-voice-dictation-ios-keyboard/19440/,General
2016,12-07-2016,"Download Windows and Office ISO using Universal Windows Downloader",505,https://www.ampercent.com/download-windows-office-iso-using-universal-windows-downloader/19443/,General
2016,12-07-2016,"How to Install iOS 10 Beta on iPhone and iPad",535,https://www.ampercent.com/install-ios-10-beta-iphone-ipad/19447/,General
2016,12-07-2016,"Fix: Windows is Showing Wrong Storage of USB Device",532,https://www.ampercent.com/fix-windows-showing-wrong-storage-usb-device/19453/,General
2016,13-07-2016,"How to Setup Bedtime in iOS 10",507,https://www.ampercent.com/setup-bedtime-ios-10/19462/,General
2016,13-07-2016,"Pokemon Go; Some Shocking Usage Statistics",638,https://www.ampercent.com/pokemon-go-usage-stat/19471/,General
2016,17-07-2016,"ExtraBits: Add Useful Functions in Windows Context Menu",504,https://www.ampercent.com/extrabits-add-useful-functions-windows-context-menu/19483/,General
2016,17-07-2016,"How to Edit Lock Screen Widgets on iOS 10",472,https://www.ampercent.com/edit-lock-screen-widgets-ios-10/19486/,General
2016,18-07-2016,"How to Disable Raise to Wake in iOS 10",470,https://www.ampercent.com/disable-raise-wake-ios-10/19495/,General
2016,19-07-2016,"How to Check Your Uber Passenger Rating",560,https://www.ampercent.com/check-uber-passenger-rating/19502/,General
2016,19-07-2016,"Meizu MX6 Price in India, Specifications and Review",511,https://www.ampercent.com/meizu-mx6-price-india-specifications-review/19523/,General
2016,20-07-2016,"Prisma; How to Download for Android and Use?",614,https://www.ampercent.com/prisma-android-app/19508/,General
2016,20-07-2016,"This Accessory May Not Be Supported Error in iPhone: Fix",470,https://www.ampercent.com/accessory-may-not-supported-error-iphone-fix/19518/,General
2016,21-07-2016,"How to Copy URL of All Open Tabs on Chrome?",614,https://www.ampercent.com/how-to-copy-url-of-all-open-tabs-on-chrome/19470/,General
2016,21-07-2016,"Stand Bye: Best Software to Setup Standby in Windows",464,https://www.ampercent.com/stand-bye-best-software-setup-standby-windows/19527/,General
2016,21-07-2016,"AtomicCleaner: Remove Junk Files from Windows",475,https://www.ampercent.com/atomiccleaner-remove-junk-files-windows/19530/,General
2016,21-07-2016,"How to Take a Screenshot of a Long Web Page?",655,https://www.ampercent.com/how-to-take-a-screenshot-of-a-long-web-page/19513/,General
2016,22-07-2016,"How to Fake GPS Location on Android",497,https://www.ampercent.com/fake-gps-location-android/19541/,General
2016,22-07-2016,"TypeApp Email: Best Email Client for Android",521,https://www.ampercent.com/typeapp-email-best-email-client-android/19542/,General
2016,24-07-2016,"How to Capture Scrolling Page Screen on iOS",477,https://www.ampercent.com/capture-scrolling-page-screen-ios/19556/,General
2016,25-07-2016,"Zoho Notebook: Best Alternative to Evernote for Android and iOS",496,https://www.ampercent.com/zoho-notebook-best-alternative-evernote-android-ios/19561/,General
2016,25-07-2016,"Polymail: Most Powerful Email Client for iOS",500,https://www.ampercent.com/polymail-powerful-email-client-ios/19560/,General
2016,27-07-2016,"Timyo: Free Email Client for iPhone and iPad",467,https://www.ampercent.com/timyo-free-email-client-iphone-ipad/19574/,General
2016,28-07-2016,"Avira Software Updater: Updated Outdated Windows Software",507,https://www.ampercent.com/avira-software-updater-updated-outdated-windows-software/19587/,General
2016,28-07-2016,"Adobe PaintCan: Free iOS App to Convert Image into Hand-Painted Work",476,https://www.ampercent.com/adobe-paintcan-free-ios-app-convert-image-hand-painted-work/19591/,General
2016,30-07-2016,"How to Copy URLs from Google Search?",485,https://www.ampercent.com/how-to-copy-urls-from-google-search/19512/,General
2016,31-07-2016,"Deleted WhatsApp Messages can be Retrieved!! What the Heck?",521,https://www.ampercent.com/deleted-whatsapp-messages-can-retrieved-heck/19607/,General
2016,02-08-2016,"How to Avoid Fake Download Buttons?",526,https://www.ampercent.com/how-to-avoid-fake-download-buttons/19619/,General
2016,03-08-2016,"Samsung Galaxy Note7: Specifications, Features, Price in India",693,https://www.ampercent.com/samsung-galaxy-note7/19623/,General
2016,04-08-2016,"Samsung Galaxy Note5 vs Note7: What is Better in Note7",727,https://www.ampercent.com/samsung-galaxy-note5-vs-note7-better-note7/19630/,General
2016,04-08-2016,"Oppo F1s: Specifications, Features and Price in India",494,https://www.ampercent.com/oppo-f1s-specifications-features-price-india/19632/,General
2016,05-08-2016,"How to Disable Notification Preview on iOS 10 Lock Screen",458,https://www.ampercent.com/disable-notification-preview-ios-10-lock-screen/19635/,General
2016,05-08-2016,"How to Disable Cortana in Windows 10",485,https://www.ampercent.com/disable-cortana-windows-10/19638/,General
2016,06-08-2016,"How to Create Recovery Media using HP Recovery Manager",498,https://www.ampercent.com/create-recovery-media-using-hp-recovery-manager/19645/,General
2016,07-08-2016,"How to Get Two Factor Authentication in WordPress",527,https://www.ampercent.com/get-two-factor-authentication-wordpress/19650/,General
2016,07-08-2016,"How to Record Android Screen without Root",606,https://www.ampercent.com/record-android-screen-without-root/19655/,General
2016,07-08-2016,"How to Disable Notifications for Sites in Microsoft Edge",513,https://www.ampercent.com/disable-notifications-sites-microsoft-edge/19660/,General
2016,07-08-2016,"How to Show or Hide Badges on Taskbar Buttons in Windows 10",481,https://www.ampercent.com/show-hide-badges-taskbar-buttons-windows-10/19664/,General
2016,13-08-2016,"How to Download Google Nexus Launcher APK?",601,https://www.ampercent.com/how-to-download-nexus-launcher-apk/19678/,General
2016,16-08-2016,"Samsung Galaxy S7 Edge is the Most Selling Phone in the World",504,https://www.ampercent.com/samsung-galaxy-s7-edge-most-sold/19688/,General
2016,18-08-2016,"Huawei P9 Launched in India for Rs. 39,990",660,https://www.ampercent.com/huawei-p9-launched-india-rs-39990/19691/,General
2016,19-08-2016,"Huawei to Launch G9 Plus in India",559,https://www.ampercent.com/huawei-launch-g9-plus-india/19694/,General
2016,20-08-2016,"Word Flow Keyboard: Best iOS Keyboard to Type Using One Hand",607,https://www.ampercent.com/word-flow-keyboard-best-ios-keyboard-type-using-one-hand/19697/,General
2016,20-08-2016,"How to Solve Smartphone Heating Problem; CPU Cooler",525,https://www.ampercent.com/solve-overheating-android-smartphone-problem/19702/,General
2016,21-08-2016,"Pokemon Bag is Full: How to Fix in Pokemon GO for Android and iOS",570,https://www.ampercent.com/pokemon-bag-full-fix-pokemon-go-android-ios/19707/,General
2016,23-08-2016,"Gionee S6s Price in India, Specifications, Comparisons",576,https://www.ampercent.com/gionee-s6s-price-india-specifications-comparisons/19709/,General
2016,25-08-2016,"How to Change Pokemon GO Avatar’s Nickname",486,https://www.ampercent.com/change-pokemon-go-avatars-nickname/19723/,General
2016,25-08-2016,"Google Duo; What You Need to Know About",672,https://www.ampercent.com/google-duo/19729/,General
2016,25-08-2016,"Xiaomi Launches Redmi Note 4 in China for $135",555,https://www.ampercent.com/xiaomi-launches-redmi-note-4/19746/,General
2016,27-08-2016,"Xiaomi Redmi Note 4 vs Redmi Note 3 Specification Comparison",583,https://www.ampercent.com/xiaomi-redmi-note-4-vs-redmi-note-3-specification-comparison/19752/,General
2016,30-08-2016,"The 501 Rupees Smartphone; ChampOne C1",490,https://www.ampercent.com/501-smartphone-champone-c1/19763/,General
2016,30-08-2016,"How to Increase Battery Life of Your Android Smartphone with Greenify?",509,https://www.ampercent.com/increase-battery-life-android-smartphone-greenify/19769/,General
2016,30-08-2016,"5 Best Samsung S Pen Apps",518,https://www.ampercent.com/5-best-samsung-s-pen-apps/19774/,General
2016,31-08-2016,"Convert Your Files to Any Format with Ease using Format Factory",519,https://www.ampercent.com/convert-files-format-ease-using-format-factory/19777/,General
2016,31-08-2016,"5 Upcoming Smartphones 2016-2017",532,https://www.ampercent.com/5-upcoming-smartphones-2016-2017/19783/,General
2016,31-08-2016,"How to Find and Delete Duplicate Files in Windows 10?",504,https://www.ampercent.com/how-to-find-delete-duplicate-files-windows-10/19786/,General
2016,31-08-2016,"Tomighty; Get Works Done with Pomodoro Technique",534,https://www.ampercent.com/pomorodo-tomighty/19790/,General
2016,01-09-2016,"How to Activate One-handed mode in Google Keyboard for Android",489,https://www.ampercent.com/activate-one-handed-mode-google-keyboard-android/19795/,General
2016,01-09-2016,"Top 5 Android Security Tips for Secure Experience",694,https://www.ampercent.com/android-security/19801/,General
2016,01-09-2016,"How to Get Paid Android Apps for Free?",629,https://www.ampercent.com/how-to-get-paid-android-apps-for-free/19804/,General
2016,01-09-2016,"How to Obtain Copied Texts from Your Clipboard on Android?",538,https://www.ampercent.com/how-to-obtain-copied-text-from-clipboard-android/19810/,General
2016,02-09-2016,"How to Setup EQ for Spotify and Apple Music",610,https://www.ampercent.com/setup-eq-spotify-apple-music/19814/,General
2016,05-09-2016,"How to Install Android on PC using VMware Workstation",754,https://www.ampercent.com/install-android-pc-using-vmware-workstation/19822/,General
2016,06-09-2016,"Top Five Android Nougat Tips and Tricks You might Need to Know",813,https://www.ampercent.com/android-nougat-tips-tricks/19829/,General
2016,11-09-2016,"iPhone 7 vs iPhone 7 Plus: Specifications, Features and Price",706,https://www.ampercent.com/iphone-7-vs-iphone-7-plus/19843/,General
2016,12-09-2016,"iPhone 7 Plus vs Galaxy Note 7 vs Nexus 6P: Specification Comparison",1198,https://www.ampercent.com/iphone-7-plus-vs-galaxy-note-7-vs-nexus-6p/19848/,General
2016,12-09-2016,"Best Opera Features You may not Know",872,https://www.ampercent.com/best-opera-features/19852/,General
2016,14-09-2016,"10 iOS 10 Features Worth the Upgrade",891,https://www.ampercent.com/10-ios-10-features-worth-upgrade/19862/,General
2016,15-09-2016,"5 Tips to Secure Your Wi-Fi Router",701,https://www.ampercent.com/5-tips-secure-wi-fi-router/19865/,General
2016,16-09-2016,"5 Biggest Annoyances of iOS 10 and How to Fix Them",967,https://www.ampercent.com/5-biggest-annoyances-ios-10-fix/19868/,General
2016,17-09-2016,"How to Install and Use iMessage Apps in iOS 10",679,https://www.ampercent.com/install-and-use-imessage-apps-in-ios-10/19876/,General
2016,22-09-2016,"How to Speed Up iOS 10 on Old iPhone",654,https://www.ampercent.com/how-to-speed-up-ios-10-on-old-iphone/19889/,General
2016,22-09-2016,"Top 8 New Features of watchOS 3",1111,https://www.ampercent.com/top-8-new-features-watchos-3/19897/,General
2016,23-09-2016,"Best Camera Mobiles: List of Mobiles with Best Camera [2016]",875,https://www.ampercent.com/best-camera-mobiles-list-mobiles-best-camera-2016/19901/,General
2016,23-09-2016,"Best Laptops with Longest Battery Backup",763,https://www.ampercent.com/best-laptops-longest-battery-backup/19909/,General
2016,24-09-2016,"Best Entry Level DSLR Under Rs. 40000",1188,https://www.ampercent.com/best-entry-level-dslr-rs-40000/19918/,General
2016,27-09-2016,"Top 5 Business Tablets of 2016",963,https://www.ampercent.com/top-5-business-tablets-2016/19944/,General
2016,01-10-2016,"Top Questions to Ask Google Assistant (Allo)",922,https://www.ampercent.com/top-questions-to-ask-google-assistant-allo/19954/,General
2016,01-10-2016,"How to Install Pokemon GO on Android in Any Country",606,https://www.ampercent.com/install-pokemon-go-android-country/20060/,General
2016,02-10-2016,"4 Apps to Watch Live TV in India",807,https://www.ampercent.com/4-apps-watch-live-tv-india/19958/,General
2016,02-10-2016,"How to boost WiFi signal: 5 Tips to Boost Wi-Fi Connection",1249,https://www.ampercent.com/boost-wifi-connection/19953/,General
2016,03-10-2016,"How to Set Any Song as A Ringtone on Your iPhone",1071,https://www.ampercent.com/set-song-ringtone-iphone/20084/,General
2016,03-10-2016,"How to Download APK Files Directly from Play Store?",623,https://www.ampercent.com/how-to-download-apk-files-directly-from-play-store/19968/,General
2016,04-10-2016,"Tips and Tricks to use Google Chrome for Android",1003,https://www.ampercent.com/tips-tricks-use-google-chrome-android/19974/,General
2016,05-10-2016,"Google Pixel Specifications, Features, Price in India",550,https://www.ampercent.com/google-pixel-specifications/19986/,General
2016,06-10-2016,"Google Pixel XL Specifications, Features and Price in India",623,https://www.ampercent.com/google-pixel-xl-specifications/19992/,General
2016,06-10-2016,"5 Best Download Managers for Windows 10",669,https://www.ampercent.com/best-download-managers-for-windows-10/19997/,General
2016,07-10-2016,"Google Pixel XL vs OnePlus 3 Comparison – which is better and why",766,https://www.ampercent.com/google-pixel-xl-vs-oneplus-3-comparison-better/20000/,General
2016,08-10-2016,"How to Transfer Music from PC to iPhone",1127,https://www.ampercent.com/transfer-music-pc-iphone/20093/,General
2016,11-10-2016,"Best Apple Maps Tips and Tricks to Navigate Better",938,https://www.ampercent.com/best-apple-maps-tips-tricks-navigate-better/20006/,General
2016,12-10-2016,"WhatsApp vs Allo: Which is Better and Why",697,https://www.ampercent.com/whatsapp-vs-allo/20018/,General
2016,13-10-2016,"Best Instagram Tips and Tricks to be a Pro User",1083,https://www.ampercent.com/best-instagram-tips-and-tricks/20021/,General
2016,13-10-2016,"How to Get Google Assistant on non-Pixel Android Devices?",655,https://www.ampercent.com/get-google-assistant-non-pixel-android-devices/20034/,General
2016,13-10-2016,"Best WhatsApp Tips and Tricks to Make Better Communication",1163,https://www.ampercent.com/best-whatsapp-tips-and-tricks/20039/,General
2016,15-10-2016,"5 Best Samsung Galaxy Note 7 Alternatives",685,https://www.ampercent.com/5-best-samsung-galaxy-note-7-alternatives/20057/,General
2016,16-10-2016,"Garageband for Windows {Download for Windows 7, 8 and 10}",584,https://www.ampercent.com/garageband-for-windows-download-7-8-10/20080/,General
2016,21-10-2016,"5 Telegram Settings You Need to Check Out before Starting Conversation",772,https://www.ampercent.com/telegram-tips-and-tricks/20130/,General
2016,23-10-2016,"How to Rename Multiple Files on Windows?",666,https://www.ampercent.com/rename-multiple-files-on-windows/20121/,General
2016,24-10-2016,"6 Techniques For Better Android Security",707,https://www.ampercent.com/android-security-2/20126/,General
2016,28-10-2016,"All You Need to Know about New MacBook Pro",672,https://www.ampercent.com/new-macbook-pro-with-touch-bar-specifications-features-and-price/20140/,General
2016,29-10-2016,"Top 5 Android Apps to Track Sleeping Time",861,https://www.ampercent.com/top-5-android-apps-track-sleeping-time/20161/,General
2016,01-11-2016,"5 Best Torrent Clients for Mac",723,https://www.ampercent.com/best-torrent-clients-for-mac/20172/,General
2016,01-11-2016,"Best Free Movie Streaming Sites without Sign up",1105,https://www.ampercent.com/best-free-movie-streaming-sites-without-sign/20175/,General
2016,03-11-2016,"Top 7 Less Known WordPress Tips and Tricks",937,https://www.ampercent.com/wordpress-tips-and-tricks/20179/,General
2016,03-11-2016,"7 Basic phpMyAdmin Tips and Tricks for WordPress Users",902,https://www.ampercent.com/phpmyadmin-tips-and-tricks/20192/,General
2016,04-11-2016,"Best Facebook Messenger Tips and Tricks for Better Conversation",674,https://www.ampercent.com/best-facebook-messenger-tips-tricks-better-conversation/20255/,General
2016,05-11-2016,"Best Text Editors for Programmers for Mac and Linux",672,https://www.ampercent.com/best-text-editors-programmers-mac-linux/20270/,General
2016,06-11-2016,"Task Manager for Mac {Does it Really Exist?}",613,https://www.ampercent.com/task-manager-for-mac/20202/,General
2016,07-11-2016,"Windows 10 Registry Hacks for Better Performance",639,https://www.ampercent.com/windows-10-registry-hacks-better-performance/20205/,General
2016,07-11-2016,"Solve Bootmgr is Missing Error on Windows 7,8 and 10",622,https://www.ampercent.com/bootmgr-is-missing/20208/,General
2016,07-11-2016,"Fix “Cant Install App: Insufficient Storage Available” Error",630,https://www.ampercent.com/cant-install-app-insufficient-storage-available-error/20212/,General
2016,07-11-2016,"Fix “Unfortunately Camera has Stopped Working” Error on Android",664,https://www.ampercent.com/fix-unfortunately-camera-has-stopped-working-error-android/20215/,General
2016,07-11-2016,"Fix Google Play Store Error 495",632,https://www.ampercent.com/fix-google-play-store-error-495/20218/,General
2016,09-11-2016,"How to Download Map for Offline Usage on Android and iOS",555,https://www.ampercent.com/download-map-offline-usage-android-ios/20284/,General
2016,11-11-2016,"How to Enable 2-Step Verification on WhatsApp",655,https://www.ampercent.com/how-to-enable-2-step-verification-on-whatsapp/20221/,General
2016,14-11-2016,"4 Best Internet Download Managers for Mac",659,https://www.ampercent.com/4-best-internet-download-managers-mac/20296/,General
2016,16-11-2016,"Best iOS/iPhone Apps to Organize a Better Party",601,https://www.ampercent.com/best-iosiphone-apps-organize-better-party/20301/,General
2016,17-11-2016,"2 Ways to Play YouTube Video in iPhone Background",725,https://www.ampercent.com/2-ways-play-youtube-video-iphone-background/20308/,General
2016,18-11-2016,"How to Forward Calls on iPhone (3 Most Popular Ways)",743,https://www.ampercent.com/forward-calls-iphone-3-popular-ways/20315/,General
2016,19-11-2016,"Top 3 Android Apps to Monitor Bandwidth Consumption",739,https://www.ampercent.com/android-apps-to-monitor-bandwidth-consumption/19584/,General
2016,19-11-2016,"Best Alarm Clock Apps for Android to Wake Up Early",730,https://www.ampercent.com/best-alarm-clock-apps-for-android-to-wake-up-early/16144/,General
2016,20-11-2016,"How to Find ATM with Money in India",645,https://www.ampercent.com/find-atm-with-money-in-india/13086/,General
2016,20-11-2016,"5 Best Productivity Apps for Android 2017",618,https://www.ampercent.com/productivity-apps-for-android/20380/,General
2016,21-11-2016,"Best Dash Cam Apps for Android to Record Scenes while Travelling",731,https://www.ampercent.com/best-dash-cam-apps-android-record-scenes-travelling/20262/,General
2016,21-11-2016,"5 Best Android Emulators for Mac OS",634,https://www.ampercent.com/best-android-emulators-for-mac-os/20387/,General
2016,22-11-2016,"Firefox Focus: A Privacy Focused Web Browser for iOS",639,https://www.ampercent.com/firefox-focus-privacy-focused-web-browser-ios/20274/,General
2016,22-11-2016,"5 Best Airplay Receivers for PC",645,https://www.ampercent.com/best-airplay-receivers-pc/20394/,General
2016,23-11-2016,"Download Bobby Movie Box App for iOS",624,https://www.ampercent.com/download-bobby-movie-box-app-ios/20402/,General
2016,24-11-2016,"Top 5 Meme Generator Apps for iPhone/iOS",796,https://www.ampercent.com/top-5-meme-generator-apps-iphoneios/20327/,General
2016,25-11-2016,"6 Best Free Photoshop Alternatives for Mac and Windows 2017",652,https://www.ampercent.com/best-free-photoshop-alternatives-mac-windows/20371/,General
2016,25-11-2016,"How to Link Instagram Account to Facebook to Share Images Automatically",591,https://www.ampercent.com/link-instagram-account-facebook-share-images-automatically/20335/,General
2016,26-11-2016,"3 Ways to Secure iCloud Storage on iOS Device",743,https://www.ampercent.com/3-ways-secure-icloud-storage-ios-device/20342/,General
2016,26-11-2016,"How to Combine Multiple Internet Connections?",630,https://www.ampercent.com/combine-multiple-internet-connections/20420/,General
2016,27-11-2016,"Best IRC Clients for Linux to Chat on Social Chat Rooms",729,https://www.ampercent.com/best-irc-clients-linux-chat-social-chat-rooms/20348/,General
2016,27-11-2016,"How to Increase Internet Speed in Windows 10?",683,https://www.ampercent.com/increase-internet-speed-in-windows-10/20424/,General
2016,28-11-2016,"Best iOS 10 Widgets for iPhone and iPad to Increase Productivity",588,https://www.ampercent.com/best-ios-10-widgets-iphone-ipad-increase-productivity/20355/,General
2016,29-11-2016,"Best FTP Clients for Android (Free and Paid)",648,https://www.ampercent.com/best-ftp-clients-android-free-paid/20362/,General
2016,01-12-2016,"5 Best Video Downloader Apps for Android",632,https://www.ampercent.com/best-video-downloader-apps-for-android/20405/,General
2016,01-12-2016,"Best Android Emulators for Mac to use Android Apps on Mac",604,https://www.ampercent.com/best-android-emulators-mac-use-android-apps-mac/20484/,General
2016,01-12-2016,"Best Image Compressor Apps for Android to Reduce File Size",608,https://www.ampercent.com/best-image-compressor-apps-android-reduce-file-size/20414/,General
2016,02-12-2016,"Best Free Lock Screen Apps for Android",832,https://www.ampercent.com/best-free-lock-screen-apps-android/20439/,General
2016,03-12-2016,"EaseUS Partition Master: Review, Features of Free Partition Manager for Windows",567,https://www.ampercent.com/easeus-partition-master-review-features-free-partition-manager-windows/20532/,General
2016,04-12-2016,"Steam Cleaner: Delete Junk Files Made by Steam, Origin, Uplay, and GoG",503,https://www.ampercent.com/steam-cleaner-delete-junk-files-made-steam-origin-uplay-gog/20528/,General
2016,05-12-2016,"3 Android Apps to Customize Status Bar and Notification Bar",600,https://www.ampercent.com/3-android-apps-customize-status-bar-notification-bar/20446/,General
2016,06-12-2016,"Best Photo Scanner Apps for Mobile to Store Old Images",748,https://www.ampercent.com/best-photo-scanner-apps-mobile-store-old-images/20454/,General
2016,06-12-2016,"Top 5 IFTTT Applets for Google Assistant",663,https://www.ampercent.com/top-5-ifttt-applets-google-assistant/20566/,General
2016,07-12-2016,"How to Download Netflix Videos to Watch Offline on Android and iOS",539,https://www.ampercent.com/download-netflix-videos-to-watch-offline-on-android-and-ios/20515/,General
2016,08-12-2016,"5 Useful Android Features You are Neglecting",581,https://www.ampercent.com/5-useful-android-features-neglecting/20574/,General
2016,09-12-2016,"How to Remove Noise from Audio for Free?",635,https://www.ampercent.com/remove-noise-from-audio/20464/,General
2016,09-12-2016,"How to Password Protect Notes in Evernote",462,https://www.ampercent.com/password-protect-notes-evernote/20603/,General
2016,10-12-2016,"How to Replace Samsung TTS with Google TTS",479,https://www.ampercent.com/replace-samsung-tts-google-tts/20578/,General
2016,10-12-2016,"5 Lesser-Known Chrome Extensions",638,https://www.ampercent.com/5-lesser-known-chrome-extensions/20662/,General
2016,11-12-2016,"Avira Security Suite 2017: Review, New Features, Price",623,https://www.ampercent.com/avira-security-suite-2017-review-news-features-price/20475/,General
2016,11-12-2016,"Top 5 Most Expected Features of Windows 10 Creators Update",613,https://www.ampercent.com/top-5-expected-features-windows-10-creators-update/20494/,General
2016,11-12-2016,"How to Add Tabs to File Explorer in Windows?",628,https://www.ampercent.com/how-to-add-tabs-file-explorer-windows/20537/,General
2016,12-12-2016,"How to Get “Search with Google” in Microsoft Edge Right-Click Menu",517,https://www.ampercent.com/get-search-google-microsoft-edge-right-click-menu/20498/,General
2016,13-12-2016,"How to Add “Open command window here” &amp; “Open with Notepad” in Right-Click Menu",643,https://www.ampercent.com/add-open-command-window-open-notepad-right-click-menu/20502/,General
2016,13-12-2016,"How to Manage All Chatting and Messaging Services at One Place? {Meet Franz}",622,https://www.ampercent.com/how-to-manage-chatting-messaging-services-one-place-meet-franz/20542/,General
2016,14-12-2016,"Gboard for Android Review: Best Free Keyboard for Android",542,https://www.ampercent.com/gboard-android/20508/,General
2016,15-12-2016,"Top 3 Duolingo Alternatives for Android and iOS",673,https://www.ampercent.com/top-3-doulingo-alternatives-android-ios/20582/,General
2016,15-12-2016,"How to Disable Location Tracking of Uber for Android and iOS",525,https://www.ampercent.com/disable-location-tracking-uber-android-ios/20522/,General
2016,15-12-2016,"How to Change Screen Resolution in Windows 10?",643,https://www.ampercent.com/how-to-change-screen-resolution-in-windows-10/20671/,General
2016,16-12-2016,"How to Save Webpages in Google Chrome for Android",572,https://www.ampercent.com/save-webpages-google-chrome-android/20549/,General
2016,16-12-2016,"4 Best Caller Name Announcer Apps for Android",623,https://www.ampercent.com/best-caller-name-announcer-apps-for-android/20701/,General
2016,17-12-2016,"How to Access Windows 10 Startup Folder?",651,https://www.ampercent.com/windows-10-startup-folder/20688/,General
2016,17-12-2016,"Top 3 Snapdragon Optimized Browsers for Android Mobile",600,https://www.ampercent.com/top-3-snapdragon-optimized-browsers-android-mobile/20554/,General
2016,18-12-2016,"How to Take Scrolling Screenshot on Android? {for any device}",629,https://www.ampercent.com/take-scrolling-screenshot-android/20707/,General
2016,20-12-2016,"Top 5 Add-ons for Firefox for Android",649,https://www.ampercent.com/top-5-add-ons-firefox-android/20558/,General
2016,20-12-2016,"How to Launch Chrome Directly in Incognito Mode?",645,https://www.ampercent.com/how-to-launch-chrome-directly-in-incognito-mode/20609/,General
2016,21-12-2016,"Best File Manager Apps for iOS, iPhone, and iPad",579,https://www.ampercent.com/best-file-manager-apps-ios-iphone-ipad/20586/,General
2016,21-12-2016,"15 Most Useless Websites on the Internet",617,https://www.ampercent.com/useless-websites-on-the-internet/20631/,General
2016,22-12-2016,"How to Uninstall Cortana?",660,https://www.ampercent.com/how-to-uninstall-cortana/20634/,General
2016,24-12-2016,"Best SMS Apps for Android to Text Better",582,https://www.ampercent.com/best-sms-apps-android-text-better/20596/,General
2016,24-12-2016,"5 Best Microsoft Edge Extensions",615,https://www.ampercent.com/best-microsoft-edge-extensions/20643/,General
2016,25-12-2016,"ExpressVPN Review: Cheap VPN for Android, iOS, Windows, and Mac",530,https://www.ampercent.com/expressvpn-review-cheap-vpn-android-ios-windows-mac/20459/,General
2017,01-01-2017,"Top 4 Must Have Apps for Linux",574,https://www.ampercent.com/top-4-must-apps-linux/20619/,General
2017,02-01-2017,"Top 5 Best Browsers for Linux to Browse the Internet",594,https://www.ampercent.com/top-5-best-browsers-linux-browse-internet/20646/,General
2017,03-01-2017,"5 Basic Tips and Tricks to Get Better Battery Backup from iOS 10",674,https://www.ampercent.com/5-basic-tips-tricks-get-better-battery-backup-ios-10/20626/,General
2017,04-01-2017,"Top 5 Best Backup Software for Linux",618,https://www.ampercent.com/top-5-best-backup-software-linux/20653/,General
2017,05-01-2017,"5 Best Task Manager for Windows and Alternatives",581,https://www.ampercent.com/task-manager-alternatives/20850/,General
2017,06-01-2017,"Top 4 Best Backup Software for Windows",610,https://www.ampercent.com/top-4-best-backup-software-windows/20714/,General
2017,07-01-2017,"3 Most Important Signs of Android Malware Infection",629,https://www.ampercent.com/3-important-signs-android-malware-infection/20859/,General
2017,08-01-2017,"Top 5 Weather Apps for Mac – Free and Paid",638,https://www.ampercent.com/top-5-weather-apps-mac-free-paid/20722/,General
2017,09-01-2017,"Best Screen Recorders for Linux to Record Screen with Audio",556,https://www.ampercent.com/best-screen-recorders-linux-record-screen-audio/20729/,General
2017,11-01-2017,"Captune: Simple Music App with Productive User Interface",547,https://www.ampercent.com/captune-music-app/20738/,General
2017,12-01-2017,"Discord – Best Free Chat App for Gamers",561,https://www.ampercent.com/discord-best-free-chat-app-gamers/20743/,General
2017,14-01-2017,"Opera Neon – Most Different Browser with Unique Interface and Features",578,https://www.ampercent.com/opera-neon-different-browser-unique-interface-features/20733/,General
2017,15-01-2017,"How to Solve Windows Update Stuck Downloading Problem?",626,https://www.ampercent.com/solve-windows-update-stuck-downloading-problem/20749/,General
2017,16-01-2017,"Top 5 Video Editing Apps for Android",718,https://www.ampercent.com/top-5-video-editing-apps-for-android/20757/,General
2017,17-01-2017,"Best 5 Apps for Google Cardboard You Should Try Today",598,https://www.ampercent.com/apps-for-google-cardboard/20765/,General
2017,18-01-2017,"Best Google Photos Alternatives for Android and iOS",580,https://www.ampercent.com/google-photos-alternatives/20773/,General
2017,19-01-2017,"5 Best Fitness Apps for Android to Get Better Health",617,https://www.ampercent.com/best-fitness-apps-for-android/20780/,General
2017,20-01-2017,"5 Best Music Apps for Android to Listen to Better Music",508,https://www.ampercent.com/5-best-music-apps-android-listen-better-music/20789/,General
2017,21-01-2017,"5 Best Shopping Apps for Android to Save More Money     ",579,https://www.ampercent.com/best-shopping-apps-for-android/20795/,General
2017,22-01-2017,"5 Best Travel Apps for Android to Explore New Places",564,https://www.ampercent.com/5-best-travel-apps-android-explore-new-places/20803/,General
2017,23-01-2017,"5 Best Food and Dining Apps for Android to Get a Better Restaurant",544,https://www.ampercent.com/best-food-and-dining-apps-for-android/20814/,General
2017,24-01-2017,"Taskbar will let You Get Windows Like Taskbar on Android",662,https://www.ampercent.com/taskbar-will-let-get-windows-like-taskbar-android/20818/,General
2017,25-01-2017,"4 Best Free Antivirus for Windows and Mac",608,https://www.ampercent.com/free-antivirus-windows-mac/20825/,General
2017,26-01-2017,"How to Keep Android Screen On while Reading",551,https://www.ampercent.com/keep-android-screen-reading/20833/,General
2017,27-01-2017,"How to Use Shazam to Recognize Song",478,https://www.ampercent.com/use-shazam-recognize-song/20838/,General
2017,30-01-2017,"Pick &amp; Save Images Firefox Add-on Saves All Images from Any Web Page",482,https://www.ampercent.com/pick-save-images-firefox-add-saves-images-web-page/20844/,General
2017,01-02-2017,"Best Free Puzzle Games for Android",637,https://www.ampercent.com/best-free-puzzle-games-android/21010/,General
2017,02-02-2017,"Best Free Android Apps for Parents",610,https://www.ampercent.com/best-free-android-apps-parents/21014/,General
2017,02-02-2017,"WinBubble for Windows 10: Customize PC and Harden Security",512,https://www.ampercent.com/winbubble-windows-10-customize-pc-harden-security/20934/,General
2017,03-02-2017,"How to Delete Broken and Dangerous Shortcuts from Windows PC",473,https://www.ampercent.com/delete-broken-dangerous-shortcuts-windows-pc/20920/,General
2017,04-02-2017,"Ghostery Firefox Add-on lets You Manage All Trackers",523,https://www.ampercent.com/ghostery-firefox-add-lets-manage-trackers/20875/,General
2017,05-02-2017,"Best Free Android Apps to Resize Photos",509,https://www.ampercent.com/best-free-android-apps-resize-photos/20974/,General
2017,05-02-2017,"Best Free Lifestyle Apps for Android",509,https://www.ampercent.com/best-free-lifestyle-apps-android/21021/,General
2017,06-02-2017,"How to Install Outlook Add-in and Best Add-ins for Outlook Web",582,https://www.ampercent.com/install-outlook-add-best-add-ins-outlook-web/20889/,General
2017,07-02-2017,"Windows Privacy Tweaker lets You Manage Windows 10 Privacy",485,https://www.ampercent.com/windows-privacy-tweaker-lets-manage-windows-10-privacy/20898/,General
2017,08-02-2017,"Best DuckDuckGo Search Tips and Tricks You Should Use to Enrich Productivity",583,https://www.ampercent.com/duckduckgo-search-tips-and-tricks/20903/,General
2017,09-02-2017,"How to Delete Cookies of Particular Site in Google Chrome and Firefox",481,https://www.ampercent.com/delete-cookies-particular-site-google-chrome-firefox/20914/,General
2017,10-02-2017,"Starter: Free App to Manage Startup Apps and Running Tasks",534,https://www.ampercent.com/starter-free-app-to-manage-startup-apps-and-running-tasks/20923/,General
2017,11-02-2017,"Best Software to Monitor System Performance in Windows 10",528,https://www.ampercent.com/best-software-to-monitor-system-performance-in-windows-10/20927/,General
2017,11-02-2017,"6 Cool Google Assistant Tricks",641,https://www.ampercent.com/cool-google-assistant-tricks/21045/,General
2017,12-02-2017,"6 Apps You should Uninstall from Your Android Phone",632,https://www.ampercent.com/apps-you-should-uninstall-android-phone/21051/,General
2017,12-02-2017,"Ghostpress: Protect your Computer from Keyloggers",493,https://www.ampercent.com/ghostpress-protect-computer-keyloggers/20938/,General
2017,13-02-2017,"Find and Fix Boot Error, Registry File Error, and Malware Issues",483,https://www.ampercent.com/find-fix-boot-error-registry-file-malware-issues/20942/,General
2017,15-02-2017,"Best Free Android Apps to Check Color Blindness",580,https://www.ampercent.com/best-free-android-apps-check-color-blindness/20969/,General
2017,16-02-2017,"How to Block Internet Access of Particular App on Windows 10",524,https://www.ampercent.com/block-internet-access-particular-app-windows-10/20947/,General
2017,19-02-2017,"Permadelete: Delete Files Securely from Windows PC",482,https://www.ampercent.com/permadelete-delete-files-securely-windows-pc/20992/,General
2017,21-02-2017,"5 Best Fingerprint Lock Apps for Android",635,https://www.ampercent.com/best-fingerprint-lock-apps-for-android/20953/,General
2017,21-02-2017,"How to Disable Internet on PC for A Particular Time",636,https://www.ampercent.com/disable-internet-pc-particular-time/21004/,General
2017,23-02-2017,"How to Change the Hard Drive Icons on Your Mac?",634,https://www.ampercent.com/change-hard-drive-icon-mac/20961/,General
2017,25-02-2017,"How to Get Quick Launch Bar on Windows 10, 8 or 7?",645,https://www.ampercent.com/get-quick-launch-bar-windows-10-8-7/20996/,General
2017,25-02-2017,"What is WhatsApp Status and How to Enable it",513,https://www.ampercent.com/whatsapp-status-enable/21007/,General
2017,26-02-2017,"5 Things You Can do When You are Out of Storage on Mobile",557,https://www.ampercent.com/5-things-can-storage-mobile/20871/,General
2017,27-02-2017,"Facebook Pages Manager Tips and Tricks for Android You Should Use",632,https://www.ampercent.com/facebook-pages-manager-tips-tricks-android-use/20863/,General
2017,27-02-2017,"All You Need to Know about Nokia’s Three New Android Smartphones",653,https://www.ampercent.com/nokia-3-5-6-three-new-android-smartphones/21036/,General
2017,27-02-2017,"Moto G5 and G5 Plus; Specs, Release Date, Price and Everything",634,https://www.ampercent.com/moto-g5-g5-plus-specs-release-date-price-everything/21042/,General
2017,27-02-2017,"Nokia 3310 Makes an Epic Comeback; The Specs Overview",639,https://www.ampercent.com/nokia-3310-makes-epic-comeback-specs-overview/21028/,General
2017,28-02-2017,"Best Pixel Launcher Tips and Tricks You Can Use to Get Most Out of It",634,https://www.ampercent.com/best-pixel-launcher-tips-tricks-can-use-get/20880/,General
2017,28-02-2017,"LG G6 Specs Overview; Does it Bring LG’s Old Glory Back?",648,https://www.ampercent.com/lg-g6-specs-overview/21031/,General
2017,02-03-2017,"Metadefender Cloud Client: Free Malware Analysis Tool for Windows",594,https://www.ampercent.com/metadefender-cloud-client-free-malware-analysis-tool-windows/21057/,General
2017,02-03-2017,"Metadefender for Chrome Scans File Before Downloading",522,https://www.ampercent.com/metadefender-chrome-scans-file-downloading/21062/,General
2017,02-03-2017,"Metadefender Endpoint: Free Security Tool for Windows",571,https://www.ampercent.com/metadefender-endpoint/21065/,General
2017,03-03-2017,"How to Send Large Files Faster using Takeafile",568,https://www.ampercent.com/send-large-files-faster-using-takeafile/21069/,General
2017,04-03-2017,"Winja Scans for Malware and Checks with VirusTotal",649,https://www.ampercent.com/winja-scans-malware-checks-virustotal/21075/,General
2017,05-03-2017,"How to Fix aw snap error in Google Chrome",532,https://www.ampercent.com/fix-aw-snap-error-google-chrome/21090/,General
2017,06-03-2017,"Best Free Alternatives to Google Now Launcher for Android",755,https://www.ampercent.com/best-free-alternatives-to-google-now-launcher-for-android/21093/,General
2017,07-03-2017,"AppSamvid &#8211; An Application Whitelisting Software",499,https://www.ampercent.com/appsamvid-application-whitelisting-software/21101/,General
2017,08-03-2017,"How to Download Videos from Netflix to Watch Them Offline",642,https://www.ampercent.com/download-videos-from-netflix-watch-offline/21083/,General
2017,09-03-2017,"ChrisPC Screen Recorder lets You Record Screen on Windows",599,https://www.ampercent.com/chrispc-screen-recorder-lets-record-screen-windows/21105/,General
2017,10-03-2017,"How to Remove Edit with Paint 3D from Right-Click Menu",495,https://www.ampercent.com/remove-edit-paint-3d-right-click-menu/21118/,General
2017,11-03-2017,"How to Get Back Do You Want to Close All Tabs in Microsoft Edge",554,https://www.ampercent.com/get-back-want-close-tabs-microsoft-edge/21122/,General
2017,12-03-2017,"Android Apps to Edit Share List and Share with Multiple Apps",597,https://www.ampercent.com/android-apps-edit-share-list-share-multiple-apps/21109/,General
2017,13-03-2017,"How to Remove Microsoft Edge as Default PDF Reader in Windows 10",496,https://www.ampercent.com/remove-microsoft-edge-default-pdf-reader-windows-10/21126/,General
2017,14-03-2017,"How to Turn on Game Mode in Windows 10",541,https://www.ampercent.com/turn-game-mode-windows-10/21131/,General
2017,14-03-2017,"How to Use Chrome and Google for Cortana Search?",629,https://www.ampercent.com/use-chrome-google-cortana-search/21112/,General
2017,16-03-2017,"LonelyScreen: Mirror and Record iPhone Screen on Windows",513,https://www.ampercent.com/lonelyscreen-mirror-record-iphone-screen-windows/21139/,General
2017,17-03-2017,"How to Set Different Brightness for Different Apps on Android",483,https://www.ampercent.com/set-different-brightness-different-apps-android/21144/,General
2017,18-03-2017,"Call History Manager: Manage, Backup, Restore Call Logs on Android",474,https://www.ampercent.com/call-history-manager-manage-backup-restore-call-logs-android/21148/,General
2017,21-03-2017,"How to Speed up a Slow Mac?",617,https://www.ampercent.com/speed-up-slow-mac/21173/,General
2017,22-03-2017,"How to Bypass Google Drive Download Limit for Shared Files",405,https://www.ampercent.com/bypass-google-drive-download-limit/13333/,General
2017,22-03-2017,"How to Disable Laptop Webcam in Windows 10",453,https://www.ampercent.com/disable-laptop-webcam/13376/,General
2017,22-03-2017,"How to Disable Last Seen on Google Hangouts for Android, iOS and Web",722,https://www.ampercent.com/disable-last-seen-google-handouts-android-ios-web/20320/,General
2017,23-03-2017,"Retry Installation, We are unable to reach Adobe Servers while Installing Photoshop",572,https://www.ampercent.com/retry-installation-we-are-unable-to-reach-adobe-servers-while-installing-photoshop/21188/,General
2017,23-03-2017,"Super Mario Run for Android Review",625,https://www.ampercent.com/super-mario-run-android-review/21197/,General
2017,23-03-2017,"What’s New in Android O? [Features Explained]",628,https://www.ampercent.com/whats-new-android-o-features-explained/21193/,General
2017,24-03-2017,"How to Enable Two Factor Authentication for Your WordPress Website?",646,https://www.ampercent.com/two-factor-authentication-on-wordpress-website/21200/,General
2017,25-03-2017,"How to Get Battery Time Remaining on macOS Sierra",491,https://www.ampercent.com/get-battery-time-remaining-on-macos-sierra/21219/,General
2017,27-03-2017,"How to Get OTA Updates Faster?",671,https://www.ampercent.com/get-ota-updates-faster/21238/,General
2017,27-03-2017,"How to Chromecast from Mac? {Stream Content from Mac to Chromecast}",620,https://www.ampercent.com/chromecast-from-mac/21242/,General
2017,28-03-2017,"How to Convert Your HDTV into a Smart TV (Even if You Hate Chromecast)",592,https://www.ampercent.com/make-your-tv-smart/21252/,General
2017,28-03-2017,"The Ultimate Method to Optimizing the Battery Backup on Android",645,https://www.ampercent.com/best-way-to-improve-android-battery-backup/21257/,General
2017,30-03-2017,"How to Improve MacBook Battery Life within 3 Minutes",837,https://www.ampercent.com/how-to-improve-macbook-battery-life/21264/,General
2017,30-03-2017,"How to Make Google Chrome Faster on Windows 10/8/7",927,https://www.ampercent.com/make-google-chrome-faster-on-windows/21277/,General
2017,30-03-2017,"5 Best Operating Systems for Your Raspberry Pi",625,https://www.ampercent.com/best-operating-systems-raspberry-pi/21281/,General
2017,01-04-2017,"How to Arrange Applications on macOS by Categories?",581,https://www.ampercent.com/arrange-macos-apps/21294/,General
2017,02-04-2017,"9 Things You Can Ask Siri on macOS Sierra",879,https://www.ampercent.com/things-you-can-ask-siri-on-macos-sierra/21300/,General
2017,04-04-2017,"Failed to Copy Files to Pen Drive on Mac: How to Fix",569,https://www.ampercent.com/failed-to-copy-files-to-pen-drive-on-mac-how-to-fix/21312/,General
2017,04-04-2017,"How to Speed up Your Chromebook?",642,https://www.ampercent.com/how-to-speed-up-chromebook/21320/,General
2017,05-04-2017,"7 Hidden Features of macOS Sierra That You Need to Know",1021,https://www.ampercent.com/hidden-features-of-macos-sierra/21328/,General
2017,06-04-2017,"How to Create GIF Image on Mac | Best Apps to Make GIF",592,https://www.ampercent.com/create-gif-image-mac-best-apps-make-gif/21339/,General
2017,10-04-2017,"How to Install Bixby on Galaxy S7 and Galaxy S7 Edge?",648,https://www.ampercent.com/install-bixby-s7-edge/21357/,General
2017,15-04-2017,"How to Access Facebook When it is Blocked in Office, School or Workplace",1703,https://www.ampercent.com/access-facebook-when-blocked-in-office-school/5011/,General
2017,17-04-2017,"3 Ways to Enable Administrator Account in Windows 10",561,https://www.ampercent.com/how-to-enable-administrator-account-in-windows-10/16553/,General
2017,17-04-2017,"Best Free Wi-Fi File Transfer Apps for Android",570,https://www.ampercent.com/best-free-android-apps-transfer-file-wi-fi/20980/,General
2017,17-04-2017,"Best Free Apps to Find Devices Connected to Wi-Fi network",468,https://www.ampercent.com/best-free-apps-find-devices-connected-wi-fi-network/20986/,General
2017,18-04-2017,"Best Free Android Launchers to Customize Mobile",972,https://www.ampercent.com/launcher-android/12570/,General
2017,18-04-2017,"What is the advantage or benefits of rooting my Android phone",837,https://www.ampercent.com/android-rooting/11259/,General
2017,18-04-2017,"Best Android and iOS apps to learn new language",714,https://www.ampercent.com/4-apps-learn-new-language/15159/,General
2017,19-04-2017,"How to Prevent Strangers from Sending Friend Request on Facebook",559,https://www.ampercent.com/prevent-facebook-friend-requests-from-strangers/9823/,General
2017,19-04-2017,"How to Prevent iPhone Overheating Issue",539,https://www.ampercent.com/best-tips-prevent-iphone-overheating/18920/,General
2017,19-04-2017,"How to Enable Dark Mode on YouTube for Web",562,https://www.ampercent.com/enable-dark-mode-on-youtube/21400/,General
2017,20-04-2017,"Microsoft Edge vs Google Chrome for Windows 10",1189,https://www.ampercent.com/microsoft-edge-vs-google-chrome-for-windows-10/16341/,General
2017,21-04-2017,"How to Set BIOS or UEFI Passwords and Secure Computer",822,https://www.ampercent.com/secure-your-computer/12351/,General
2017,22-04-2017,"How to Add Two Instagram Accounts on Android and iPhone",475,https://www.ampercent.com/add-two-instagram-accounts-android-iphone/18367/,General
2017,25-04-2017,"How to Fix Class not Registered Error in Google Chrome?",654,https://www.ampercent.com/fix-class-not-registered-error-google-chrome/21420/,General
2017,28-04-2017,"How to Stop Windows 10/8/7 From Installing Drivers Automatically",652,https://www.ampercent.com/stop-windows7-installing-drivers-automatically/5808/,General
2017,06-05-2017,"How to Download Facebook Videos on Android | Best Facebook Video Downloader",677,https://www.ampercent.com/download-facebook-videos-on-android/21434/,General
2017,07-05-2017,"7 Best Apple Safari Tips and Tricks for Mac Users",798,https://www.ampercent.com/best-apple-safari-tips-and-tricks-for-mac/21443/,General
2017,08-05-2017,"Possible Solutions to Use Cortana on Windows 10 without Any Problem",600,https://www.ampercent.com/fix-cortana/16630/,General
2017,09-05-2017,"How to Create Documents in iCloud for Web and iOS",708,https://www.ampercent.com/documents-icloud/12799/,General
2017,15-05-2017,"Wondershare Video Converter: Ultimate Video Conversion Utility For Windows and MAC",942,https://www.ampercent.com/wondershare-video-converter/21476/,General
2017,18-05-2017,"How to Hide YouTube Comments Automatically in Chrome and Firefox",590,https://www.ampercent.com/youtube-comments/14857/,General
2017,16-06-2017,"How to Launch UWP File Explorer on Windows 10",553,https://www.ampercent.com/launch-uwp-file-explorer-windows-10/21503/,General
2017,16-06-2017,"How to Prevent Access To about:flags in Microsoft Edge",545,https://www.ampercent.com/21509-2/21509/,General
2017,17-06-2017,"How to Control Email Notifications from Social Networks",769,https://www.ampercent.com/control-email-notifications-social-sites/11098/,General
2017,17-06-2017,"Turn Off Or Disable Skype Notifications For Specific Users",615,https://www.ampercent.com/turn-off-disable-skype-notifications/11276/,General
2017,17-06-2017,"How to Update Apps Automatically in Windows 10",540,https://www.ampercent.com/update-apps-automatically-windows/18916/,General
2017,18-06-2017,"Migrating From Google Reader to Feedly? 13 Feedly Tricks And Tips You Should Know",1455,https://www.ampercent.com/feedly-tips-tricks/11773/,General
2017,20-06-2017,"5 Best EPUB Readers for Windows 10/8/7",623,https://www.ampercent.com/best-epub-readers-for-windows/20694/,General
2017,20-06-2017,"How to Set up Zoho Mail on Android Manually",507,https://www.ampercent.com/set-up-zoho-mail-on-android/13052/,General
2017,21-06-2017,"Boost Your Mouse Integration With These Two Windows Apps",533,https://www.ampercent.com/add-extra-features-windows-mouse/11954/,General
2017,22-06-2017,"How to Backup iPhone Notes on Windows and Mac",507,https://www.ampercent.com/backup-iphone-notes-windows-mac/18958/,General
2017,22-06-2017,"Snooze Unwanted Tabs in Chrome and Restore them later",610,https://www.ampercent.com/snooze-unwanted-tabs-chrome-restore-later/15543/,General
2017,22-06-2017,"5 Methods To Free Up Space On Android",769,https://www.ampercent.com/free-up-space-on-android/15239/,General
2017,23-06-2017,"How to Backup Android Notifications",545,https://www.ampercent.com/backup-android-notifications/18372/,General
2017,26-06-2017,"How to Set Google as Default Search in Cortana for Windows 10",563,https://www.ampercent.com/set-google-as-default-search-in-cortana-for-windows-10/16541/,General
2017,29-06-2017,"EaseUS Data Recovery Wizard Review &#8211; Recover Accidentally Deleted Files From Your Computer and Mobile",492,https://www.ampercent.com/easeus-data-recovery-wizard-review/21548/,General
2017,01-07-2017,"How to Remove Old Profile Pictures from Windows 10",626,https://www.ampercent.com/how-to-remove-old-profile-pictures-from-windows-10/16621/,General
2017,01-07-2017,"How to Make Windows Select between Ethernet and Wi-Fi",468,https://www.ampercent.com/make-windows-select-between-ethernet-wi-fi/15791/,General
2017,02-07-2017,"Best CMD Tricks and Commands 2017",856,https://www.ampercent.com/cmd-tricks/20118/,General
2017,03-07-2017,"9 Best Dashboard Widgets for Mac",931,https://www.ampercent.com/best-dashboard-widgets-mac-osx/10968/,General
2017,04-07-2017,"How to Install Firefox Add-ons Manually",465,https://www.ampercent.com/install-firefox-add-ons-manually/18116/,General
2017,04-07-2017,"How to Turn Off Windows Defender in Windows 10",564,https://www.ampercent.com/turn-off-windows-defender-in-windows-10/16572/,General
2017,05-07-2017,"How to Enable Assistive Touch on iPhone",834,https://www.ampercent.com/how-to-enable-assistive-touch-on-iphone/19840/,General
2017,06-07-2017,"Best Android and iOS Apps to Check Live Football Scores and News",670,https://www.ampercent.com/best-android-ios-apps-check-live-football-scores-news/20145/,General
2017,07-07-2017,"Top 10 Firefox for Android Tips and Tricks to Browse Freely",980,https://www.ampercent.com/top-10-firefox-android-tips-tricks-browse-freely/20105/,General
2017,08-07-2017,"Wireless Mobile Utility: Access Nikon DSLR using Mobile",894,https://www.ampercent.com/wireless-mobile-utility-access-nikon-dslr-using-mobile/20098/,General
2017,09-07-2017,"WhySoSlow: Find Out What Makes Your PC Slow",545,https://www.ampercent.com/whysoslow-find-makes-pc-slow/17940/,General
2017,10-07-2017,"Best CRM Apps for iPhone, iPad, iOS",1106,https://www.ampercent.com/best-crm-apps-iphone-ipad-ios/20064/,General
2017,12-07-2017,"NetCrunch Network Tools: Free Network Troubleshooting Software for Windows",545,https://www.ampercent.com/netcrunch-network-tools-free-network-troubleshooting-software-windows/21587/,General
2017,13-07-2017,"How to Flush DNS on Windows, Mac and Linux",765,https://www.ampercent.com/flush-dns-windows-mac-linux/20053/,General
2017,14-07-2017,"Best App to Shoot RAW Photos on iPhone 7 and 7 Plus",532,https://www.ampercent.com/best-app-shoot-raw-photos-iphone-7-7-plus/19979/,General
2017,16-07-2017,"Best Accessories for iPhone 7 and iPhone 7 Plus",658,https://www.ampercent.com/best-accessories-iphone-7-iphone-7-plus/19937/,General
2017,18-07-2017,"Best Point &amp; Shoot Camera under Rs. 20000 in India",799,https://www.ampercent.com/best-point-shoot-camera-rs-20000-india/19927/,General
2017,19-07-2017,"Reset Forgotten Windows Password with PCUnlocker",561,https://www.ampercent.com/reset-forgotten-windows-password-pcunlocker/21595/,General
2017,21-07-2017,"Best iMessage Apps and Stickers on iOS 10",809,https://www.ampercent.com/best-imessage-apps-stickers-ios-10/19885/,General
2017,22-07-2017,"Best Facebook Messenger Bots to Get more out of Messenger",972,https://www.ampercent.com/best-facebook-messenger-bots-get-messenger/19832/,General
2017,23-07-2017,"4 Apps to Backup Android Phone to Windows",678,https://www.ampercent.com/4-apps-backup-android-phone-windows/20289/,General
2017,24-07-2017,"2 Apps to Create Password Protected Secure Folder on Android",673,https://www.ampercent.com/2-apps-create-password-protected-secure-folder-android/20279/,General
2017,25-07-2017,"How to Change Default Gmail Account of Android Mobile",511,https://www.ampercent.com/how-to-change-default-gmail-account-of-android-mobile/19839/,General
2017,27-07-2017,"Find Out All Connected Devices of Same Wi-Fi Router from Android",522,https://www.ampercent.com/find-connected-devices-wi-fi-router-android/18119/,General
2017,29-07-2017,"How to Change Windows Store Location / Country",545,https://www.ampercent.com/change-windows-store-location-country/18129/,General
2017,30-07-2017,"How to Block Location for Particular Site in Chrome for Android",473,https://www.ampercent.com/block-location-particular-site-chrome-android/18095/,General
2017,31-07-2017,"Top 7 Network Monitoring software  for Windows 10 / 8 / 7",919,https://www.ampercent.com/top-7-network-monitoring-software-for-windows-10-8-7/18058/,General
2017,01-08-2017,"Icecream Password Manager: Best Free Lastpass Alternative",558,https://www.ampercent.com/icecream-password-manager-best-free-lastpass-alternative/21648/,General
2017,02-08-2017,"NirLauncher Lets You Open Any NirSoft Tool from One Place",524,https://www.ampercent.com/nirlauncher-lets-open-nirsoft-tool-one-place/21659/,General
2017,04-08-2017,"Fix: You’ll need a new app to open this ms-windows-store",487,https://www.ampercent.com/fix-youll-need-new-app-open-ms-windows-store/21668/,General
2017,13-08-2017,"Bitdefender Home Scanner Lets You Scan Your Home Network",512,https://www.ampercent.com/bitdefender-home-scanner-lets-scan-home-network/21685/,General
2017,18-08-2017,"CoolTweak: Edit Image from Context Menu and in Bulk",497,https://www.ampercent.com/cooltweak-edit-image-context-menu-bulk/21693/,General
2017,21-08-2017,"Zemana AntiMalware: Best Antivirus for Windows 10/8/7",533,https://www.ampercent.com/zemana-antimalware-review/21701/,General
2017,22-08-2017,"ON1 Photo RAW Review: Affordable Photo Editing Software for Windows and Mac",602,https://www.ampercent.com/on1-photo-raw-review-affordable-photo-editing-software-windows-mac/21706/,General
2017,25-08-2017,"iSkysoft PDF Editor Review: The Best PDF Editing Solution For Windows and MAC",1105,https://www.ampercent.com/iskysoft-pdf-editor-review-best-pdf-editing-solution-windows-mac/21717/,General
2017,25-08-2017,"How to Migrate Disqus Comments Back to WordPress",920,https://www.ampercent.com/migrate-disqus-comments-back-wordpress/21729/,General
2017,29-08-2017,"What are the Major Differences Between Unblock Proxy and VPN?",734,https://www.ampercent.com/major-differences-unblock-proxy-vpn/21745/,General
2017,01-09-2017,"Create a Kid Friendly Section On Your Android Device With Famigo Sandbox",626,https://www.ampercent.com/prevent-kids-using-android-apps-browsing-web/9908/,General
2017,03-09-2017,"Merge Data from an Excel Workbook into a Word Document",1581,https://www.ampercent.com/import-merge-excel-data-microsoft-word/10330/,General
2017,04-09-2017,"How to Download Files to Google Drive on Mac and Windows",490,https://www.ampercent.com/download-files-google-drive-mac-windows/21754/,General
2017,05-09-2017,"Is Your Browser Opening An Unknown Page At System Startup? Here is The Fix",811,https://www.ampercent.com/browser-opening-unknown-page-at-startup/9627/,General
2017,06-09-2017,"Samsung Galaxy S8 Plus: The Best Android Phone Of 2017?",643,https://www.ampercent.com/samsung-galaxy-s8-plus-best-android-phone-2017/21763/,General
2017,06-09-2017,"Freemake Video Converter: A Universal All in One Tool For Video Conversion",1043,https://www.ampercent.com/freemake-video-converter-universal-one-tool-video-conversion/21771/,General
2017,07-09-2017,"Ink Insider &#8211; 7 Ways to Reduce Your Business Printing Expenses",704,https://www.ampercent.com/ink-insider-7-ways-reduce-business-printing-expenses/21783/,General
2017,10-09-2017,"Send Scheduled Emails In Future From Your Email Program using LetterMeLater",543,https://www.ampercent.com/send-scheduled-emails-in-future/5368/,General
2017,12-09-2017,"How To Control The Music App On Your Android When The Screen Is Locked",672,https://www.ampercent.com/control-music-app-android-screen-locked-hard-buttons/10113/,General
2017,14-09-2017,"How to See Follower Stats and Bulk UnFollow Inactive Twitter Followers",462,https://www.ampercent.com/bulk-unfollow-inactive-twitter-followers/5339/,General
2017,14-09-2017,"List of Top 10 Free Android Apps to Earn Money Online",1917,https://www.ampercent.com/list-of-top-10-free-android-apps-to-earn-money-online/15958/,General
2017,16-09-2017,"How to Lock Photos in iPhone using Touch ID",539,https://www.ampercent.com/lock-photos-in-iphone-using-touch-id/14619/,General
2017,19-09-2017,"How to Move Microsoft Edge Favorites to Another Computer",694,https://www.ampercent.com/move-microsoft-edge-favorites-another-computer/18833/,General
2017,20-09-2017,"Check The Last Login Time and Location on Facebook",354,https://www.ampercent.com/check-the-last-login-time-and-location-on-facebook/6648/,General
2017,21-09-2017,"How to Export Android Call Log to Excel File",515,https://www.ampercent.com/how-to-export-android-call-log-to-excel-file/21810/,General
2017,25-09-2017,"Is The Samsung Galaxy Note Still The Phablet To Beat?",602,https://www.ampercent.com/samsung-galaxy-note-still-phablet-beat/21823/,General
2017,29-09-2017,"Top 5 VPN for Android to Access Blocked Sites",652,https://www.ampercent.com/top-4-vpn-for-android-to-access-blocked-sites/12746/,General
2017,01-10-2017,"The Best Wireless Gaming Headsets of 2017",631,https://www.ampercent.com/best-wireless-gaming-headsets-2017/21871/,General
2017,03-10-2017,"Top 5 Best Augmented Reality Based Apps For Android",929,https://www.ampercent.com/best-augmented-reality-apps-android/21893/,General
2017,04-10-2017,"How To Remotely Shutdown Your Computer Using Your Phone",757,https://www.ampercent.com/remotely-shutdown-computer-using-phone/21905/,General
2017,05-10-2017,"How to Download Torrents When Blocked in Office, School or Work",1085,https://www.ampercent.com/download-torrents-blocked-office-school-work/21915/,General
2017,05-10-2017,"How to Improve Battery Life of Your iPhone After iOS 11 Update",1092,https://www.ampercent.com/improve-ios-11-battery-drain/21922/,General
2017,06-10-2017,"How to Improve Your Workflow with Business Process Management Software",497,https://www.ampercent.com/improve-workflow-business-process-management-software/21929/,General
2017,06-10-2017,"Gmail News Feed &#8211; Use Gfeed to Create a Gmail Social Feed",652,https://www.ampercent.com/gmail-news-feed/21938/,General
2017,06-10-2017,"How To Get The Pixelbook Google Assistant On Any Laptop",784,https://www.ampercent.com/google-assistant-laptop/21936/,General
2017,07-10-2017,"Helping Blind People See by Crowdsourcing Eyes With an App",928,https://www.ampercent.com/app-helping-blind-people-see/21959/,General
2017,09-10-2017,"TaskWorld: The Best Project Management Tool For Dynamic Teams And Projects",2263,https://www.ampercent.com/project-management-tool-dynamic-projects/21881/,General
2017,09-10-2017,"How To Remove The Lock Screen On Your Windows 10 PC Or Laptop",790,https://www.ampercent.com/remove-lock-screen-windows-10-pc-laptop/21971/,General
2017,09-10-2017,"Next SMS App for Android Designed by Microsoft",851,https://www.ampercent.com/next-sms-app-android-designed-microsoft/21988/,General
2017,10-10-2017,"Free Word &#038; Excel Document Recovery Software for Windows and Mac",618,https://www.ampercent.com/free-word-excel-document-recovery-software-windows-mac/21934/,General
2017,11-10-2017,"5 iPhone X Features You Can Get On Any Android Phone Right Now",1100,https://www.ampercent.com/iphone-x-features-android-phone/22007/,General
2017,11-10-2017,"How to do a Reverse Image Search on Mobile and Tablet",591,https://www.ampercent.com/reverse-image-search-mobile-tablet/22018/,General
2017,13-10-2017,"How To Get The Pixel 2 Motion Photos Mode On Any Android Phone",797,https://www.ampercent.com/get-pixel-2-motion-photos-android-phone/22022/,General
2017,13-10-2017,"ApowerPDF Review: An Easy But Professional PDF Tool",1284,https://www.ampercent.com/apowerpdf-review-easy-professional-pdf-tool/22023/,General
2017,16-10-2017,"How To Remove Windows.old Folder From The C Drive On Windows 10",830,https://www.ampercent.com/remove-windows-old-folder/22047/,General
2017,17-10-2017,"Bixby Commands To Try On Samsung Galaxy S8, S8+ And Note 8",950,https://www.ampercent.com/top-10-bixby-commands/22055/,General
2017,17-10-2017,"How to Add Haptic Feedback to Macbook Pro Touch Bar",718,https://www.ampercent.com/how-add-haptic-feedback-macbook-pro-touch-bar/22046/,General
2017,20-10-2017,"How To Get Battery Level of Bluetooth devices connected to Android",764,https://www.ampercent.com/get-battery-level-bluetooth-devices/22066/,General
2017,23-10-2017,"How to receive Android notifications in Windows 10 using Cortana",795,https://www.ampercent.com/android-notifications-windows-cortana/22075/,General
2017,24-10-2017,"5 Facebook App Alternatives To Improve Performance And Battery Life",910,https://www.ampercent.com/facebook-alternatives/22089/,General
2017,25-10-2017,"5 Android Launchers To Give Your Phone A Unique Look",913,https://www.ampercent.com/5-android-launchers-unique/22096/,General
2017,03-11-2017,"How to Discover New Music &#8211; 9 Ways to find new music",1105,https://www.ampercent.com/how-to-discover-new-music/22108/,General
2017,04-11-2017,"Top Open Source Android Apps to Increase Productivity",974,https://www.ampercent.com/top-open-source-android-apps-increase-productivity/22120/,General
2017,05-11-2017,"Best Video Journal App for Android &#8211; Relive Your Life",856,https://www.ampercent.com/best-video-journal-app-android/22123/,General
2017,06-11-2017,"How to Delete a Message on Whatsapp &#8211; Unsend a Delivered Message",713,https://www.ampercent.com/delete-message-whatsapp/22129/,General
2017,07-11-2017,"How to Hide Files in Google Drive When Sharing an Entire Folder",854,https://www.ampercent.com/how-to-hide-files-in-google-drive/22135/,General
2017,09-11-2017,"Enable Windows 10 Autocomplete Feature to Increase Productivity",677,https://www.ampercent.com/use-windows-10-autocomplete-feature/22146/,General
2017,13-11-2017,"7 Facebook Messenger App Alternative to Boost Performance and Style",949,https://www.ampercent.com/facebook-messenger-app-alternative/22158/,General
2017,14-11-2017,"How to Hide the Notch on the iPhone X Home and Lock Screen",723,https://www.ampercent.com/hide-notch-iphone-x/22154/,General
2017,16-11-2017,"Intelligent Software and New Technologies: A Cool Collaboration",1396,https://www.ampercent.com/intelligent-software-new-technologies-cool-collaboration/22175/,General
2017,16-11-2017,"How to Recover Deleted Call Logs From iPhone Without Backup",624,https://www.ampercent.com/recover-deleted-call-logs-iphone-without-backup/22186/,General
2017,16-11-2017,"How to Control Android Phone from PC to Share and Play Around",782,https://www.ampercent.com/how-control-android-phone-pc/22173/,General
2017,18-11-2017,"How To Get OnePlus 5T Like Face Unlock On Any Android Phone",787,https://www.ampercent.com/oneplus-5t-face-unlock-android/22202/,General
2017,19-11-2017,"How to Turn a Video into a GIF on iPhone &#8211; 4 Cool Apps",855,https://www.ampercent.com/how-to-turn-video-into-gif-on-iphone-4-cool-apps/22201/,General
2017,20-11-2017,"How to remotely access files and folders in Windows 10",557,https://www.ampercent.com/remotely-access-files-windows/22216/,General
2017,23-11-2017,"How to enable two factor authentication in Facebook and Twitter",642,https://www.ampercent.com/enable-two-factor-authentication/22234/,General
2017,26-11-2017,"How to Find an Ad on Facebook That You Liked and Clicked On?",716,https://www.ampercent.com/how-find-ad-facebook-you-liked-clicked/22240/,General
2017,27-11-2017,"How To Get Unlimited Free WiFi In Restricted Public WiFi",646,https://www.ampercent.com/get-unlimited-free-wifi-public-wifi/22241/,General
2017,28-11-2017,"How to Find Facebook Public Information Using Stalkscan",717,https://www.ampercent.com/find-facebook-public-information/22249/,General
2017,02-12-2017,"5 Best Messaging Apps With End to End Encryption",1007,https://www.ampercent.com/5-best-messaging-apps-encryption/22261/,General
2017,02-12-2017,"Top 5 New Features Coming To Instagram For Android and iOS",865,https://www.ampercent.com/top-5-new-features-coming-instagram/22289/,General
2017,03-12-2017,"Best Apps And Games Of 2017 According To Google",837,https://www.ampercent.com/best-apps-games-2017-google/22296/,General
2017,05-12-2017,"How to Find the Most Commented and Liked Instagram Photo of Any User",710,https://www.ampercent.com/find-most-commented-liked-photo-instagram-user/22309/,General
2017,05-12-2017,"Top 5 Features of Android Oreo Go For Low End Smartphones",879,https://www.ampercent.com/top-5-features-android-oreo-go/22315/,General
2017,05-12-2017,"How to Easily Recover Deleted Photos or Pictures From Your Hard Drive",1159,https://www.ampercent.com/recover-deleted-photos-photo-recovery/22325/,General
2017,06-12-2017,"Whose Email is This Anyway? 5 ways to do a Reverse Email Check",851,https://www.ampercent.com/whose-email-this/22332/,General
2017,07-12-2017,"How to Send Videos and Photos from iPhone to Android",848,https://www.ampercent.com/how-send-videos-photos-iphone-android/22340/,General
2017,08-12-2017,"Top 5 Features of the New Qualcomm Snapdragon 845 Processor",741,https://www.ampercent.com/top-5-features-snapdragon-845-processor/22338/,General
2017,08-12-2017,"Most Downloaded Apps, Music And Movies on iOS : 2017",918,https://www.ampercent.com/downloaded-apps-musis-movies-ios-2017/22352/,General
2017,08-12-2017,"How to Unlock Bootloader and Root Huawei Mate 10 Pro",541,https://www.ampercent.com/bootloader-root-huawei-mate-10-pro/22365/,General
2017,08-12-2017,"iMyFone: Recover Lost Or Deleted Data from iOS Device",1495,https://www.ampercent.com/recover-lost-deleted-data-ios-cleanup/22356/,General
2017,08-12-2017,"How to Wipe Your Android Phone So No One can Recover Your Data",905,https://www.ampercent.com/wipe-android-phone-complete-guide/22357/,General
2017,12-12-2017,"Remove Digital Media Attachments from Files With Tuneskit DRM Media Converter",864,https://www.ampercent.com/remove-digital-media-attachments-files-tuneskit-drm-media-converter/22323/,General
2017,14-12-2017,"Top 7 Fake Call Apps for Android &#8211; Watch Out for Number 4",762,https://www.ampercent.com/top-7-fake-call-apps-for-android/22381/,General
2017,16-12-2017,"How to Follow Hashtags on Instagram &#8211; Complete Guide",720,https://www.ampercent.com/how-follow-hashtags-instagram-complete-guide/22407/,General
2017,18-12-2017,"7 Active Google Images Alternative That Will Get the Job Done",821,https://www.ampercent.com/google-images-alternative/22421/,General
2017,22-12-2017,"How to Temporarily Snooze Your Friends, Pages or Groups in Facebook",547,https://www.ampercent.com/temporarily-snooze-facebook/22439/,General
2017,22-12-2017,"Top 5 Face ID Tricks For The iPhone X",944,https://www.ampercent.com/top-5-face-id-tricks-iphone-x/22435/,General
2017,22-12-2017,"How to get the Android Oreo 8.0 Beta update on Nokia 6",587,https://www.ampercent.com/get-android-oreo-beta-update-nokia-6/22449/,General
2017,29-12-2017,"Top 10 Must Have Android Apps For 2018",1531,https://www.ampercent.com/top-10-android-apps-2018/22456/,General
2017,29-12-2017,"How To Get The iOS 11 Control Center on Your Android Phone",692,https://www.ampercent.com/get-ios-11-control-center-android-phone/22473/,General
2018,08-01-2018,"How to make editing PDFs super-easy",890,https://www.ampercent.com/make-editing-pdfs-super-easy/22489/,General
2018,08-01-2018,"How to find the best Antivirus For Your Computer",735,https://www.ampercent.com/find-best-antivirus-computer/22498/,General
2018,12-01-2018,"5 Best Remote Desktop Software for Windows 10/8/7",618,https://www.ampercent.com/5-best-remote-desktop-software-for-windows-10-8-7/22506/,General
2018,13-01-2018,"How to Block Website in Google Chrome",593,https://www.ampercent.com/block-website-google-chrome/22514/,General
2018,14-01-2018,"Best Driver Update Software for Windows 10/8/7",561,https://www.ampercent.com/best-driver-update-software-windows-10-8-7/22521/,General
2018,15-01-2018,"Best Reverse Image Search Engines to Search Images Online",579,https://www.ampercent.com/best-reverse-image-search-engines-search-images-online/22529/,General
2018,15-01-2018,"4 Android App Indie Developer Success Stories",604,https://www.ampercent.com/4-android-app-indie-developer-success-stories/22537/,General
2018,16-01-2018,"Best Game Recording Software for Windows 10/8/7",545,https://www.ampercent.com/best-game-recording-software-for-windows-10-8-7/22544/,General
2018,17-01-2018,"How to Connect to Hidden WiFi Network in Windows 10",534,https://www.ampercent.com/connect-hidden-wifi-network-windows-10/22553/,General
2018,24-01-2018,"Why Upload Speed is Equally Important When Choosing a Broadband Connection?",670,https://www.ampercent.com/upload-speed-broadband-connection/22561/,General
2018,29-01-2018,"How to capture screenshot with Firefox Screenshots",496,https://www.ampercent.com/capture-screenshot-firefox-screenshots/22609/,General
2018,30-01-2018,"How to Pin More Than Three Contacts to The Taskbar in Windows 10",524,https://www.ampercent.com/pin-more-than-three-contacts-to-the-taskbar/22646/,General
2018,30-01-2018,"Night Light in Windows 10: How to Setup and How It Works",489,https://www.ampercent.com/night-light-windows-10-setup-works/22653/,General
2018,30-01-2018,"Create Mobile Hotspot, Change SSID, Password in Windows 10",493,https://www.ampercent.com/create-mobile-hotspot-change-ssid-password-windows-10/22667/,General
2018,31-01-2018,"Server Execution Failed when Playing Audio using Windows Media Player",514,https://www.ampercent.com/server-execution-failed-playing-audio-using-windows-media-player/22678/,General
2018,01-02-2018,"Best Backup Software for Windows 10/8/7 of 2018",1383,https://www.ampercent.com/best-backup-software-windows/22685/,General
2018,09-02-2018,"KeepVid: Cross-Platform Tool to Download and Convert Video, Music, Subtitle",1879,https://www.ampercent.com/keepvid-review/22703/,General
2018,19-02-2018,"Best Free Android Apps to Backup Data Easily",1561,https://www.ampercent.com/free-android-apps-to-backup-data/23714/,General
2018,19-02-2018,"The User Profile Service Failed The Logon Error When Login in Windows 10/8/7",1533,https://www.ampercent.com/the-user-profile-service-failed-the-logon/23732/,General
2018,20-02-2018,"How to Install Windows on Mac using Boot Camp ",1631,https://www.ampercent.com/install-windows-on-mac-using-boot-camp/23748/,General
2018,20-02-2018,"Best Anti-Ransomware and Ransomware Decryption Tools to Unlock Files",1643,https://www.ampercent.com/best-anti-ransomware-ransomware-decryption-tools-unlock-files/23766/,General
2018,20-02-2018,"Fix Slow Internet Connection Issue on Android Mobile",1478,https://www.ampercent.com/fix-slow-internet-connection-issue-on-android-mobile/23785/,General
2018,21-02-2018,"Best Netflix Tips, Tricks, Settings, Extensions to Watch More Movies and Shows",1532,https://www.ampercent.com/netflix-tips-tricks-settings-extensions/23863/,General
2018,21-02-2018,"Delete Android Phone Activity and Disable Voice Recording Permanently",1523,https://www.ampercent.com/delete-android-phone-activity-disable-voice-recording-permanently/23880/,General
2018,22-02-2018,"12 Best Free and Paid PDF Editors for Mac OS X",1381,https://www.ampercent.com/best-free-paid-pdf-editors-mac-os-x/23894/,General
2018,22-02-2018,"Best Apps to Record Skype Call on Windows, Mac, Android",1429,https://www.ampercent.com/best-apps-record-skype-call-windows-mac-android/23909/,General
2018,22-02-2018,"Top 20 Free Microsoft Apps for Android and iOS",1815,https://www.ampercent.com/top-20-free-microsoft-apps-for-android-and-ios/23923/,General
2018,22-02-2018,"Best Webcam Recording Software for Windows, Mac, Linux, Android",1284,https://www.ampercent.com/best-webcam-recording-software-windows-mac-linux-android/23950/,General
2018,23-02-2018,"15 Best Productivity Apps for Business Travelers and Solo Backpackers",1760,https://www.ampercent.com/best-productivity-apps-for-business-travelers-and-solo-backpackers/23967/,General
2018,23-02-2018,"Best GIF Maker Apps for Windows, Mac, Android, Web",1629,https://www.ampercent.com/best-gif-maker-apps-for-windows-mac-android-web/23990/,General
2018,23-02-2018,"Best Mac OS X Mail Tips, Tricks, How to Guides for Beginners",1609,https://www.ampercent.com/best-mac-os-x-mail-tips-tricks-how-to-guides/24011/,General
2018,24-02-2018,"How to Create Multiple Admin Accounts on Mac OS X",1275,https://www.ampercent.com/how-to-create-multiple-admin-accounts-on-mac-os-x/24023/,General
2018,24-02-2018,"Top 10 Cryptocurrency Management Apps for Android and iOS",1323,https://www.ampercent.com/cryptocurrency-management-apps-for-android-and-ios/24033/,General
2018,27-02-2018,"Best Apps to Password Protect File and Folder on Mac",1453,https://www.ampercent.com/best-apps-to-password-protect-file-and-folder-on-mac/24049/,General
2018,27-02-2018,"Best Alternatives to Windows 10 Inbuilt Apps",1462,https://www.ampercent.com/best-alternatives-windows-10-inbuilt-apps/24064/,General
2018,27-02-2018,"Best Tools to View and Edit Word, Excel, and PowerPoint Files for Free",1576,https://www.ampercent.com/best-tools-view-edit-word-excel-powerpoint-files-free/24081/,General
2018,28-02-2018,"31 Group Policy Tips and Tricks to Customize Microsoft Edge",1718,https://www.ampercent.com/31-group-policy-tips-and-tricks-to-customize-microsoft-edge/24095/,General
2018,28-02-2018,"Best System Maintenance Apps for Windows and Mac to Make it Faster",1407,https://www.ampercent.com/best-system-maintenance-apps-windows-mac-make-faster/24100/,General
2018,28-02-2018,"Best Windows Search Alternative for Windows 10/8/7",1141,https://www.ampercent.com/best-windows-search-alternative-windows-10-8-7/24107/,General
2018,28-02-2018,"How to Fix This Webpage has a Redirect Loop Error in Google Chrome",1557,https://www.ampercent.com/this-webpage-has-a-redirect-loop/24119/,General
2018,01-03-2018,"Best VPN to unblock websites and be anonymous on the web",1442,https://www.ampercent.com/best-vpn-to-unblock-websites-and-be-anonymous-on-the-web/24416/,General
2018,01-03-2018,"How to screenshot Instagram story without the user knowing",893,https://www.ampercent.com/screenshot-instagram-story-without-user/24131/,General
2018,02-03-2018,"Best Gmail Addons to Improve Productivity",1474,https://www.ampercent.com/best-gmail-addons-improve-productivity/24140/,General
2018,04-03-2018,"Top 5 best offline shooting games for Android 2018",1223,https://www.ampercent.com/best-offline-shooting-games-android-2018/24157/,General
2018,06-03-2018,"How to block websites in Google Chrome for PC and Android",974,https://www.ampercent.com/block-websites-chrome-pc-android/24182/,General
2018,06-03-2018,"5 best offline iPhone games for March 2018",963,https://www.ampercent.com/5-best-offline-games-iphone-ipad-2018/24196/,General
2018,08-03-2018,"Best Tips and Tricks to Secure Wi-Fi Router Within Moments ",1363,https://www.ampercent.com/best-tips-and-tricks-to-secure-wi-fi-router-within-moments/24231/,General
2018,08-03-2018,"Local area connection doesn&#8217;t have a valid IP configuration error on Windows 10",1155,https://www.ampercent.com/local-area-connection-doesnt-have-a-valid-ip-configuration-error-on-windows-10/24278/,General
2018,08-03-2018,"How to fix Unidentified Network in Windows 10/8/7",1295,https://www.ampercent.com/fix-unidentified-network-windows-10-8-7/24286/,General
2018,09-03-2018,"Media Transfer Protocol (MTP) is not working on Windows 10",1444,https://www.ampercent.com/media-transfer-protocol-mtp-not-working-windows-10/24290/,General
2018,09-03-2018,"Best free antivirus for Windows 10/8.1/7",2032,https://www.ampercent.com/best-free-antivirus-for-windows-10-8-1-7/24298/,General
2018,09-03-2018,"What is the difference between Cat 5e vs Cat 6 Ethernet cables",1459,https://www.ampercent.com/what-is-the-difference-between-cat-5e-vs-cat-6-ethernet-cables/24310/,General
2018,10-03-2018,"Best Android Apps to Chat with Strangers",3006,https://www.ampercent.com/best-android-apps-to-chat-with-strangers/24317/,General
2018,10-03-2018,"What does the Airplane mode setting in Android do",976,https://www.ampercent.com/airplane-mode-setting-android/24233/,General
2018,10-03-2018,"How to use your Samsung Galaxy S9/S9+ to unlock Windows 10 PC",794,https://www.ampercent.com/use-samsung-galaxy-s9-unlock-windows-10/24215/,General
2018,11-03-2018,"Top 10 new features and updates coming to Android P",1202,https://www.ampercent.com/top-10-new-android-p-features/24389/,General
2018,12-03-2018,"Best people search engine to find anyone easily",1359,https://www.ampercent.com/best-people-search-engine-to-find-anyone-easily/24404/,General
2018,12-03-2018,"How to partition external hard disk on Windows 10/7",1410,https://www.ampercent.com/how-to-partition-external-hard-disk-on-windows-10-7/24412/,General
2018,12-03-2018,"How to get the screenshot editing tool in Android P on Any Android phone",695,https://www.ampercent.com/get-screenshot-editing-on-any-android/24403/,General
2018,12-03-2018,"How to check how much RAM you have",1323,https://www.ampercent.com/how-to-check-how-much-ram-you-have/24434/,General
2018,13-03-2018,"How to make Google as default search engine in any browser",1302,https://www.ampercent.com/how-to-make-google-as-default-search-engine-in-any-browser/24441/,General
2018,13-03-2018,"How to enable Microsoft Virtual Wi Fi Miniport Adapter and setup Wi fi hotspot",1334,https://www.ampercent.com/how-to-enable-microsoft-virtual-wi-fi-miniport-adapter-and-setup-wi-fi-hotspot/24453/,General
2018,13-03-2018,"Find someone on Facebook without logging in",1004,https://www.ampercent.com/find-someone-on-facebook-without-logging-in/24456/,General
2018,13-03-2018,"Fix Windows 10 privacy issues to secure PC",877,https://www.ampercent.com/fix-windows-10-privacy-issues-to-secure-pc/24466/,General
2018,13-03-2018,"Fix: Some websites are not opening on my computer",1901,https://www.ampercent.com/fix-some-websites-are-not-opening-on-my-computer/24473/,General
2018,14-03-2018,"How to find saved Wi Fi password on Android device",1194,https://www.ampercent.com/how-to-find-saved-wi-fi-password-on-android-device/24482/,General
2018,14-03-2018,"What keyboard F1 to F12 Function keys do",1126,https://www.ampercent.com/what-keyboard-f1-to-f12-function-keys-do/24491/,General
2018,14-03-2018,"How to remap the Bixby button on the Samsung Galaxy S9/S9 Plus",801,https://www.ampercent.com/remap-the-bixby-button-samsung-galaxy-s9/24433/,General
2018,17-03-2018,"What to do if Ransomware attacks on Windows computer?",1084,https://www.ampercent.com/what-to-do-if-ransomware-attacks-on-windows-computer/24539/,General
2018,17-03-2018,"How to fix 100% Disk usage issue on Windows 10",907,https://www.ampercent.com/how-to-fix-100-disk-usage-issue-on-windows-10/24543/,General
2018,19-03-2018,"How to use Spotify in India",922,https://www.ampercent.com/how-to-use-spotify-in-india/24553/,General
2018,19-03-2018,"How to fix Windows 10 stuck at BIOS screen problem",992,https://www.ampercent.com/how-to-fix-windows-10-stuck-at-bios-screen-problem/24561/,General
2018,20-03-2018,"Fix Error Code 80240020 During the Upgradation to Windows 10 from Windows 7 /8",999,https://www.ampercent.com/fix-error-code-80240020-during-the-upgradation-to-windows-10-from-windows-7-8/24534/,General
2018,22-03-2018,"How to change account type in Windows 10",951,https://www.ampercent.com/how-to-change-account-type-in-windows-10/24572/,General
2018,23-03-2018,"How to Lock WhatsApp on Android and iOS",918,https://www.ampercent.com/how-to-lock-whatsapp-on-android-and-ios/24566/,General
2018,23-03-2018,"How to enable intelligent scan in Samsung Galaxy S9 for faster unlock",874,https://www.ampercent.com/enable-intelligent-scan-samsung-s9/24579/,General
2018,25-03-2018,"How to root Samsung Galaxy S9 and S9 Plus with SuperSU",877,https://www.ampercent.com/root-samsung-galaxy-s9-supersu/24588/,General
2018,25-03-2018,"How to install Android P Developer preview on Google Pixel devices",866,https://www.ampercent.com/install-android-p-developer-preview/24627/,General
2018,26-03-2018,"How to recover deleted Whatsapp photo or video from Android or iOS",694,https://www.ampercent.com/recover-deleted-whatsapp-photo-video/24636/,General
2018,31-03-2018,"Top 10 Professional video editor apps for Android April 2018",1655,https://www.ampercent.com/top-10-video-editor-apps-android/24644/,General
2018,01-04-2018,"Best Text Reader Apps for Android and iOS",1188,https://www.ampercent.com/best-text-reader-apps-for-android-and-ios/24741/,General
2018,01-04-2018,"Best Adblock Browser for Android that Blocks Advertisements",1043,https://www.ampercent.com/adblock-browser-for-android/24753/,General
2018,03-04-2018,"How to Rename TrustedInstaller Protected Files and Get Ownership",971,https://www.ampercent.com/how-to-rename-trustedinstaller-protected-files-and-get-ownership/24790/,General
2018,03-04-2018,"MiniTool Power Data Recovery | best data recovery software for Windows",854,https://www.ampercent.com/minitool-power-data-recovery-best-data-recovery-software-for-windows/24800/,General
2018,04-04-2018,"How to Clear DNS Cache on Android phone",883,https://www.ampercent.com/how-to-clear-dns-cache-on-android-phone/24835/,General
2018,04-04-2018,"5 less known Google Chrome Browser tricks for Android",1364,https://www.ampercent.com/5-google-chrome-browser-tricks-android/24715/,General
2018,05-04-2018,"How to get faster and more secure internet by using Cloudflare DNS",919,https://www.ampercent.com/get-faster-internet-cloudflare-dns/24868/,General
2018,08-04-2018,"5 Android apps to remotely control your PC from your Android device",1036,https://www.ampercent.com/android-remotely-control-pc/24882/,General
2018,15-04-2018,"Best Space Games for Android and iOS of 2018",970,https://www.ampercent.com/best-space-games-for-android-and-ios/24916/,General
2018,15-04-2018,"What to do Before Installing Windows 10 Spring Creators Update v1803",1057,https://www.ampercent.com/what-to-do-before-installing-windows-10-spring-creators-update-v1803/24927/,General
2018,16-04-2018,"Best Traffic Apps for Android and iOS to Avoid Traffic",995,https://www.ampercent.com/traffic-apps-for-android-and-ios/24935/,General
2018,16-04-2018,"How to Download Instagram Profile Picture on PC and Android",1001,https://www.ampercent.com/how-to-download-instagram-profile-picture-on-pc-and-android/24948/,General
2018,19-04-2018,"11 Ways to Open Settings in Windows 10 Spring Creators Update",978,https://www.ampercent.com/11-ways-to-open-settings-in-windows-10-spring-creators-update/24982/,General
2018,19-04-2018,"How to Boot into Safe Mode in Windows 10",681,https://www.ampercent.com/how-to-boot-into-safe-mode-in-windows-10/25009/,General
2018,19-04-2018,"How to Auto Login in Windows 10",928,https://www.ampercent.com/how-to-auto-login-in-windows-10/24990/,General
2018,19-04-2018,"Best JPG to PDF Converter for Android",1237,https://www.ampercent.com/best-jpg-to-pdf-converter-for-android/25021/,General
2018,19-04-2018,"How to Clear Amazon Search History and Amazon Prime Watch History",753,https://www.ampercent.com/how-to-clear-amazon-search-history-and-amazon-prime-watch-history/25036/,General
2018,19-04-2018,"How to Check Dell Warranty Status Online and Offline",577,https://www.ampercent.com/how-to-check-dell-warranty-status-online-and-offline/24997/,General
2018,19-04-2018,"Location of Startup Folder in Windows 10/8 for All and Current User ",463,https://www.ampercent.com/location-of-startup-folder-in-windows-10/25003/,General
2018,20-04-2018,"How to Remove Duplicate Rows in Excel and Google Sheets",567,https://www.ampercent.com/how-to-remove-duplicate-rows-in-excel-and-google-sheets/25043/,General
2018,20-04-2018,"Lock Apps with These Free Android App Lockers",1071,https://www.ampercent.com/android-app-lockers/25049/,General
2018,21-04-2018,"How to Trim Video Using VLC Media Player",491,https://www.ampercent.com/how-to-trim-video-using-vlc-media-player/25060/,General
2018,22-04-2018,"How to enable reading mode and dark mode in Google Chrome for Android",931,https://www.ampercent.com/enable-reading-mode-google-chrome/25070/,General
2018,23-04-2018,"How to control your Android phone from your PC without any lag",1021,https://www.ampercent.com/control-your-android-phone-pc/25087/,General
2018,25-04-2018,"How to Backup SMS, Call Log, Contacts to Cloud Storage on Android ",643,https://www.ampercent.com/how-to-backup-sms-call-log-contacts-to-cloud-storage-on-android/25115/,General
2018,25-04-2018,"Best VPN Extensions for Google Chrome ",1049,https://www.ampercent.com/best-vpn-extensions-for-google-chrome/25123/,General
2018,25-04-2018,"Best Cloud Note Taking Apps That You Can Use from Any Device ",940,https://www.ampercent.com/best-cloud-note-taking-apps-that-you-can-use-from-any-device/25125/,General
2018,26-04-2018,"How to Enable New Gmail Interface and All the New Features",950,https://www.ampercent.com/new-gmail-interface/25135/,General
2018,26-04-2018,"Best Ways to Monitor App Bandwidth Usage on Windows, Mac, Android, iOS",1006,https://www.ampercent.com/monitor-app-bandwidth-usage/25142/,General
2018,26-04-2018,"How to hide photos, messages and apps in your Android phone",1313,https://www.ampercent.com/hide-photos-messages-apps-android/25098/,General
2018,02-05-2018,"Best Firewall Software for Windows and Mac to Protect Computer",1087,https://www.ampercent.com/best-firewall-software-for-windows-and-mac-to-protect-computer/25174/,General
2018,02-05-2018,"How to Delete Facebook Group and Page from PC and App",850,https://www.ampercent.com/delete-facebook-group-and-page/25187/,General
2018,04-05-2018,"5 Best Alternatives to Google Assistant For Android 2018",1108,https://www.ampercent.com/alternatives-google-assistant-android/25200/,General
2018,05-05-2018,"How to improve your privacy on your Android device",1273,https://www.ampercent.com/improve-privacy-android/25220/,General
2018,11-05-2018,"Everything You Need to Know about Windows Timeline",965,https://www.ampercent.com/everything-you-need-to-know-about-windows-timeline/25249/,General
2018,11-05-2018,"How to Set Different Sound Output and Level for Different Apps in Windows 10",568,https://www.ampercent.com/how-to-set-different-sound-output-and-level-for-different-apps-in-windows-10/25255/,General
2018,11-05-2018,"How to Connect Your Android Mobile to Windows 10 PC",949,https://www.ampercent.com/how-to-connect-your-android-mobile-to-windows-10-pc/25261/,General
2018,12-05-2018,"Common Problems and Solutions for Windows 10 v1803 April Update",1038,https://www.ampercent.com/common-problems-and-solutions-for-windows-10-v1803-april-update/25270/,General
2018,12-05-2018,"Download Profile Data from Facebook, Twitter, Google, Instagram",1240,https://www.ampercent.com/download-profile-data-from-facebook-twitter-google-instagram/25278/,General
2018,12-05-2018,"Best Lightweight Apps to Save Memory on Android Mobile",1188,https://www.ampercent.com/best-lightweight-apps-to-save-memory-on-android-mobile/25286/,General
2018,12-05-2018,"Best Android and iOS Apps for Live Language Translation",939,https://www.ampercent.com/best-android-and-ios-apps-for-live-language-translation/25300/,General
2018,15-05-2018,"Best Messaging Apps for Android to Spruce Up Your Communication",1093,https://www.ampercent.com/best-messaging-apps-for-android/25309/,General
2018,15-05-2018,"Best Hard Drive Cloning Software for Windows",1041,https://www.ampercent.com/best-hard-drive-cloning-software-for-windows/25322/,General
2018,16-05-2018,"Best Screenshot Apps for Android to Capture Better Screenshots",1079,https://www.ampercent.com/best-screenshot-apps-for-android-to-capture-better-screenshots/25331/,General
2018,16-05-2018,"Best Sites for Free Kids Programming Tutorial and Coding Classes",1074,https://www.ampercent.com/best-sites-for-free-kids-programming/25342/,General
2018,17-05-2018,"Best Keyloggers for Windows to Monitor Activities of Your Children ",1251,https://www.ampercent.com/best-keyloggers-for-windows/25354/,General
2018,17-05-2018,"Best Music Player Apps for Windows 10/8/7 ",1014,https://www.ampercent.com/music-player-apps-for-windows/25357/,General
2018,17-05-2018,"Best SSH Clients and FTP Clients for Windows 10/8/7 ",1196,https://www.ampercent.com/ssh-ftp-clients-for-windows/25359/,General
2018,17-05-2018,"Best Tools to Scan Your Home Router for Vulnerabilities ",976,https://www.ampercent.com/best-tools-to-scan-your-home-router-for-vulnerabilities/25363/,General
2018,18-05-2018,"Best Free YouTube Alternative Sites for Watching Videos ",1114,https://www.ampercent.com/best-free-youtube-alternative-sites-for-watching-videos/25365/,General
2018,18-05-2018,"Best Blue Light Filter for Windows, Mac, Android, and Chrome Browser",1133,https://www.ampercent.com/best-blue-light-filter-for-windows-mac-android-and-chrome-browser/25367/,General
2018,18-05-2018,"Best Stock Photography Sites for Writers, Bloggers, and Advertisements ",1087,https://www.ampercent.com/best-stock-photography-sites-for-writers-bloggers-and-advertisements/25375/,General
2018,18-05-2018,"Best Dash Cam Apps for Android to Record While Driving",1064,https://www.ampercent.com/best-dash-cam-apps-for-android-to-record-while-driving/25371/,General
2018,19-05-2018,"Best Websites to Share Large Files Online ",1000,https://www.ampercent.com/best-websites-to-share-large-files-online/25373/,General
2018,19-05-2018,"Best Cloud Apps to Backup Images on Android ",1040,https://www.ampercent.com/best-cloud-apps-to-backup-images-on-android/25369/,General
2018,19-05-2018,"Best Tethering Apps and Methods to Share Mobile Data with PC ",1059,https://www.ampercent.com/best-tethering-apps-and-methods-to-share-mobile-data-with-pc/25361/,General
2018,19-05-2018,"How to Stop Getting Email from Facebook, Twitter, LinkedIn, Pinterest, and Google+ ",1242,https://www.ampercent.com/how-to-stop-getting-email-from-facebook-twitter-linkedin-pinterest-and-google/25377/,General
2018,02-06-2018,"Best mp3 Cutter Apps for Android to Create Ringtone for Your Mobile",1012,https://www.ampercent.com/best-mp3-cutter-apps-for-android-to-create-ringtone-for-your-mobile/25516/,General
2018,03-06-2018,"Best Tips and Tricks of VLC Media Player",1084,https://www.ampercent.com/best-tips-and-tricks-of-vlc-media-player/25527/,General
2018,04-06-2018,"Best Calendar Apps for Windows and Android",1060,https://www.ampercent.com/best-calendar-apps-for-windows-and-android/25536/,General
2018,05-06-2018,"Best Task Management Apps for Mac",946,https://www.ampercent.com/best-task-management-apps-for-mac/25550/,General
2018,06-06-2018,"Best Android and iOS Apps for Kids ",1066,https://www.ampercent.com/best-android-and-ios-apps-for-kids/25610/,General
2018,07-06-2018,"Best Project Management Apps for Small Teams",1051,https://www.ampercent.com/best-project-management-apps-for-small-teams/25560/,General
2018,08-06-2018,"Best Online Flowchart Makers",1057,https://www.ampercent.com/best-online-flowchart-makers/25578/,General
2018,09-06-2018,"How to Transfer Files from Mac to Android",1069,https://www.ampercent.com/how-to-transfer-files-from-mac-to-android/25569/,General
2018,10-06-2018,"Revoke App Access to Your Facebook, Twitter, Google account",812,https://www.ampercent.com/revoke-app-access-to-your-facebook-twitter-google-account/25505/,General
2018,11-06-2018,"How to Integrate Firefox Settings in Windows Group Policy",1062,https://www.ampercent.com/how-to-integrate-firefox-settings-in-windows-group-policy/25512/,General
2018,12-06-2018,"Best Fitness Apps for Windows 10",1007,https://www.ampercent.com/best-fitness-apps-for-windows-10/25588/,General
2018,13-06-2018,"Best Code Editors for Windows 10/8/7",1051,https://www.ampercent.com/best-code-editors-for-windows-10-8-7/25598/,General
2018,14-06-2018,"Best Apps for FIFA World Cup 2018",1081,https://www.ampercent.com/best-apps-for-fifa-world-cup-2018/25490/,General
2018,15-06-2018,"Best Firewall Apps for Android ",1138,https://www.ampercent.com/best-firewall-apps-for-android/25620/,General
2018,16-06-2018,"Best Photo Sharing Sites to Share Images Online",1070,https://www.ampercent.com/best-photo-sharing-sites-to-share-images-online/25498/,General
2018,17-06-2018,"How to Enable Remote Desktop in Windows 10/8/7",889,https://www.ampercent.com/enable-remote-desktop-in-windows/25483/,General
2018,18-06-2018,"Best RSS Feed Reader Apps for Windows, Android, and Web",1058,https://www.ampercent.com/best-rss-feed-reader-apps-for-windows-android-and-web/25632/,General
2018,19-06-2018,"Best Business Card Scanner Apps for Android and iOS",1059,https://www.ampercent.com/best-business-card-scanner-apps-for-android-and-ios/25641/,General
2018,20-06-2018,"Best Screen Recording Apps for Mac",1031,https://www.ampercent.com/best-screen-recording-apps-for-mac/25650/,General
2018,21-06-2018,"Best Photo Editor Apps for Mac",1054,https://www.ampercent.com/best-photo-editor-apps-for-mac/25660/,General
2018,22-06-2018,"Best Travel Apps for Mac",1061,https://www.ampercent.com/best-travel-apps-for-mac/25670/,General
2018,23-06-2018,"Best Slow-Motion Video Recorder for Android and iOS",1113,https://www.ampercent.com/best-slow-motion-video-recorder-for-android-and-ios/25680/,General
2018,24-06-2018,"Best Windows 10 Settings You Should Check",1241,https://www.ampercent.com/best-windows-10-settings-you-should-check/25689/,General
2018,25-06-2018,"Best Microsoft Office alternatives for Mac",1080,https://www.ampercent.com/best-microsoft-office-alternatives-for-mac/25704/,General
2018,26-06-2018,"How to Enable Data Saver in Popular Android Apps",1229,https://www.ampercent.com/how-to-enable-data-saver-in-popular-android-apps/25713/,General
2018,03-07-2018,"How to Install macOS Mojave 10.14 Public Beta",1035,https://www.ampercent.com/how-to-install-macos-mojave-10-14-public-beta/25731/,General
2018,03-07-2018,"Best Video Chat Apps for Android and iOS",1036,https://www.ampercent.com/best-video-chat-apps-for-android-and-ios/25736/,General
2018,03-07-2018,"Best Time Tracking Tools for Windows and Mac",1080,https://www.ampercent.com/best-time-tracking-tools-for-windows-and-mac/25744/,General
2018,04-07-2018,"Best Dictionary or Thesaurus Apps for Android and iOS",1098,https://www.ampercent.com/best-dictionary-or-thesaurus-apps-for-android-and-ios/25768/,General
2018,04-07-2018,"Best Ways to Stabilize Shaky Videos",1042,https://www.ampercent.com/best-ways-to-stabilize-shaky-videos/25777/,General
2018,04-07-2018,"Best Ways to Shutdown Windows at Scheduled Time",1035,https://www.ampercent.com/best-ways-to-shutdown-windows-at-scheduled-time/25785/,General
2018,04-07-2018,"Best Google Chrome and Firefox Extensions to Enable Dark Mode",1088,https://www.ampercent.com/best-google-chrome-and-firefox-extensions-to-enable-dark-mode/25755/,General
2018,05-07-2018,"Best Email Apps for Android and iOS",1065,https://www.ampercent.com/best-email-apps-for-android-and-ios/25803/,General
2018,05-07-2018,"Best Apps to Manage Dual Monitor Setup",1069,https://www.ampercent.com/best-apps-to-manage-dual-monitor-setup/25813/,General
2018,05-07-2018,"Best Tools to Find Out a Breached Email &amp; Password",1109,https://www.ampercent.com/best-tools-to-find-out-a-breached-email-password/25797/,General
2018,05-07-2018,"Best Mac Apps to Encrypt File and Folder",1041,https://www.ampercent.com/best-mac-apps-to-encrypt-file-and-folder/25821/,General
2018,06-07-2018,"Best Download Manager for Windows and Mac",1060,https://www.ampercent.com/best-download-manager-for-windows-and-mac/25828/,General
2018,07-07-2018,"Best Social Media Clients for Windows and Mac",1079,https://www.ampercent.com/best-social-media-clients-for-windows-and-mac/25836/,General
2018,08-07-2018,"Fix: Windows Photos App Not Working on Windows 10",1476,https://www.ampercent.com/fix-windows-photos-app-not-working-on-windows-10/25847/,General
2018,09-07-2018,"Best Spyware Removal Tools for Windows and Mac",1134,https://www.ampercent.com/best-spyware-removal-tools-for-windows-and-mac/25853/,General
2018,10-07-2018,"Best Methods to Convert Website into Apps on Windows",1037,https://www.ampercent.com/best-methods-to-convert-website-into-apps-on-windows/25863/,General
2018,11-07-2018,"Best Web Clipper Extensions for Chrome and Firefox",1056,https://www.ampercent.com/best-web-clipper-extensions-for-chrome-and-firefox/25871/,General
2018,12-07-2018,"Best Extensions to Manage New Tab Page in Chrome and Firefox",1061,https://www.ampercent.com/best-extensions-to-manage-new-tab-page-in-chrome-and-firefox/25880/,General
2018,13-07-2018,"How to Extract Image from Google Docs and Word Online",1017,https://www.ampercent.com/how-to-extract-image-from-google-docs-and-word-online/25891/,General
2018,14-07-2018,"Best Extensions to Capture Screenshots in Chrome and Firefox",1147,https://www.ampercent.com/best-extensions-to-capture-screenshots-in-chrome-and-firefox/25897/,General
2018,15-07-2018,"Best Live TV Apps for Windows and Xbox",1077,https://www.ampercent.com/best-live-tv-apps-for-windows-and-xbox/25906/,General
2018,16-07-2018,"Best Third-Party Keyboard Apps for iPhone",1042,https://www.ampercent.com/best-third-party-keyboard-apps-for-iphone/25916/,General
2018,17-07-2018,"Best Slideshow Maker and Viewer Apps for Android and iOS",1084,https://www.ampercent.com/best-slideshow-maker-and-viewer-apps-for-android-and-ios/25924/,General
2018,18-07-2018,"Best Start Menu Alternatives for Windows 10",1083,https://www.ampercent.com/best-start-menu-alternatives-for-windows-10/25931/,General
2018,19-07-2018,"Fix: Cortana Not Working on Windows 10",1064,https://www.ampercent.com/fix-cortana-not-working-on-windows-10/25938/,General
2018,26-08-2018,"New WhatsApp Features You Might Have Missed",1085,https://www.ampercent.com/new-whatsapp-features-you-might-have-missed/25947/,General
2018,26-08-2018,"Best VLC for Android Tips and Tricks to Be A Power User",1050,https://www.ampercent.com/best-vlc-for-android-tips-and-tricks-to-be-a-power-user/25954/,General
2018,26-08-2018,"Best Truecaller Features You Should Start Using",862,https://www.ampercent.com/best-truecaller-features-you-should-start-using/25965/,General
2018,26-08-2018,"Best Google Apps for Android Those Can Replace Other Apps",984,https://www.ampercent.com/best-google-apps-for-android-those-can-replace-other-apps/25975/,General
2018,27-08-2018,"Best Tips and Tricks of Google Maps to be A Pro",1026,https://www.ampercent.com/best-tips-and-tricks-of-google-maps-to-be-a-pro/25979/,General
2018,27-08-2018,"How to Enable Dark Mode in Windows 10 Without Any Software",1172,https://www.ampercent.com/how-to-enable-dark-mode-in-windows-10-without-any-software/25990/,General
2018,27-08-2018,"Best Spotify Alternatives for Android, iOS, Windows, Mac",1111,https://www.ampercent.com/best-spotify-alternatives-for-android-ios-windows-mac/25998/,General
2018,27-08-2018,"Best Invoice Maker Apps for Small Business and Freelancer",1044,https://www.ampercent.com/best-invoice-maker-apps-for-small-business-and-freelancer/26008/,General
2018,27-08-2018,"Best Secure Email Services to Send Encrypted Email",1049,https://www.ampercent.com/best-secure-email-services-to-send-encrypted-email/26017/,General
2018,27-08-2018,"Best Microsoft Store Apps You Can Install on Windows 10",1040,https://www.ampercent.com/best-microsoft-store-apps-you-can-install-on-windows-10/26025/,General
2018,27-08-2018,"Best Photoshop Alternatives for Windows 10/8/7",963,https://www.ampercent.com/best-photoshop-alternatives-for-windows-10-8-7/26036/,General
2018,28-08-2018,"Best Apps to Watch Videos Online with Anybody in Real Time",1059,https://www.ampercent.com/best-apps-to-watch-videos-online-with-anybody-in-real-time/26043/,General
2018,28-08-2018,"Best Drawing and Painting Apps for Android",1040,https://www.ampercent.com/best-drawing-and-painting-apps-for-android/26051/,General
2018,28-08-2018,"Best Duplicate Photo Cleaner and Remover Software for Windows",871,https://www.ampercent.com/best-duplicate-photo-cleaner-and-remover-software-for-windows/26058/,General
2018,29-08-2018,"Best Mac Apps for Freelancers and YouTubers",1108,https://www.ampercent.com/best-mac-apps-for-freelancers-and-youtubers/26064/,General
2018,29-08-2018,"Best Mac Apps to Fix Common Problems",1051,https://www.ampercent.com/best-mac-apps-to-fix-common-problems/26072/,General
2018,29-08-2018,"Best Music Streaming Apps for iOS to Listen to Songs",1057,https://www.ampercent.com/best-music-streaming-apps-for-ios-to-listen-to-songs/26077/,General
2018,30-08-2018,"Best New Features in Windows 10 Redstone 5",984,https://www.ampercent.com/best-new-features-in-windows-10-redstone-5/26083/,General
2018,30-08-2018,"Best Remote Desktop Software for Mac to Share Screen",1039,https://www.ampercent.com/best-remote-desktop-software-for-mac-to-share-screen/26086/,General
2018,30-08-2018,"Best To Do List Apps for Windows 10",983,https://www.ampercent.com/best-to-do-list-apps-for-windows-10/26093/,General
2018,31-08-2018,"Best Tools to Backup Driver in Windows 10/8/7",1041,https://www.ampercent.com/best-tools-to-backup-driver-in-windows-10-8-7/26101/,General
2018,31-08-2018,"Best Ways to Stop Windows 10 Automatic Update",1015,https://www.ampercent.com/best-ways-to-stop-windows-10-automatic-update/26108/,General
2018,31-08-2018,"Camera App Not Working in Windows 10",1032,https://www.ampercent.com/camera-app-not-working-in-windows-10/26112/,General
2018,06-09-2018,"Best Android Apps to Watch Movies and TV Shows",1052,https://www.ampercent.com/best-android-apps-to-watch-movies-and-tv-shows/26117/,General
2018,08-09-2018,"Best Photo Scanner Apps for Android",1095,https://www.ampercent.com/best-photo-scanner-apps-for-android/26126/,General
2018,11-09-2018,"Best Tips and Tricks to be Safe Online",953,https://www.ampercent.com/best-tips-and-tricks-to-be-safe-online/26130/,General
2018,11-09-2018,"Best Android Apps to Identify Any Song",987,https://www.ampercent.com/best-android-apps-to-identify-any-song/26277/,General
2018,12-09-2018,"Best VPN to Unblock Netflix and Watch Region Restricted Shows",909,https://www.ampercent.com/best-vpn-to-unblock-netflix-and-watch-region-restricted-shows/26135/,General
2018,13-09-2018,"Best Websites to Download Adobe Illustrator Templates",893,https://www.ampercent.com/best-websites-to-download-adobe-illustrator-templates/26140/,General
2018,14-09-2018,"Apple iPhone Xs vs Xs Max: Which is Better and Why",1047,https://www.ampercent.com/apple-iphone-xs-vs-xs-max-which-is-better-and-why/26152/,General
2018,14-09-2018,"Best Websites to Download Mobile and Computer Mockups",896,https://www.ampercent.com/best-websites-to-download-mobile-and-computer-mockups/26158/,General
2018,15-09-2018,"Best Software to Extract Audio from Video",1031,https://www.ampercent.com/best-software-to-extract-audio-from-video/26166/,General
2018,15-09-2018,"Best Gboard Settings for Android and iOS",908,https://www.ampercent.com/best-gboard-settings-for-android-and-ios/26176/,General
2018,16-09-2018,"Best Mobiles Under Rs 30000 in India",885,https://www.ampercent.com/best-mobiles-under-rs-30000-in-india/26183/,General
2018,16-09-2018,"Best Software Uninstallers for Windows and Mac",1005,https://www.ampercent.com/best-software-uninstallers-for-windows-and-mac/26191/,General
2018,17-09-2018,"Best Camera Apps for Android to Capture Better Photo",1029,https://www.ampercent.com/best-camera-apps-for-android-to-capture-better-photo/26201/,General
2018,17-09-2018,"Best Document Editor Apps for Android and iOS",1019,https://www.ampercent.com/best-document-editor-apps-for-android-and-ios/26208/,General
2018,18-09-2018,"Best Ways to Host Your Open Source Project",999,https://www.ampercent.com/best-ways-to-host-your-open-source-project/26213/,General
2018,19-09-2018,"Top 7 Travel Apps for Apple Watch 4",777,https://www.ampercent.com/travel-apps-apple-watch/16833/,General
2018,19-09-2018,"Best Medical Apps for iPhone and iPad for Professionals and Doctors",1210,https://www.ampercent.com/medical-apps-for-iphone/24778/,General
2018,01-10-2018,"Best Microsoft Word for Mac Tips and Tricks to be a Pro",1023,https://www.ampercent.com/best-microsoft-word-for-mac-tips-and-tricks-to-be-a-pro/26226/,General
2018,01-10-2018,"Best Web Apps to Create Webpage",919,https://www.ampercent.com/best-web-apps-to-create-webpage/26235/,General
2018,01-10-2018,"PDFYeah: Best Online PDF Editor Tool to Edit PDF from Any Device",969,https://www.ampercent.com/pdfyeah-best-online-pdf-editor-tool-to-edit-pdf-from-any-device/26242/,General
2018,02-10-2018,"Best Tools to Diagnose, Monitor, and Repair Internet Connectivity on Windows",952,https://www.ampercent.com/best-tools-to-diagnose-monitor-and-repair-internet-connectivity-on-windows/26246/,General
2018,02-10-2018,"Best Google Chrome Extensions to Increase Productivity",869,https://www.ampercent.com/best-google-chrome-extensions-to-increase-productivity/26254/,General
2018,03-10-2018,"Best Tools to Manage and Repair Windows Registry",1002,https://www.ampercent.com/best-tools-to-manage-and-repair-windows-registry/26264/,General
2018,03-10-2018,"Fix Windows 10 Sound Problem After Update or Fresh Installation",881,https://www.ampercent.com/fix-windows-10-sound-problem-after-update-or-fresh-installation/26268/,General
2018,04-10-2018,"Best Hidden iOS 12 Features You Should Know About",890,https://www.ampercent.com/best-hidden-ios-12-features-you-should-know-about/26272/,General
2018,05-10-2018,"Useful Microsoft Edge Features You Should Know About",962,https://www.ampercent.com/useful-microsoft-edge-features-you-should-know-about/26453/,General
2018,06-10-2018,"Important PowerPoint Tips and Tricks for Windows Users",933,https://www.ampercent.com/important-powerpoint-tips-and-tricks-for-windows-users/26446/,General
2018,07-10-2018,"Best Ways to Download Videos and Story from Instagram",896,https://www.ampercent.com/download-videos-and-story-from-instagram/26437/,General
2018,10-10-2018,"Everything Google Launched at Google Event October 2018",982,https://www.ampercent.com/everything-google-launched-at-google-event-october-2018/26355/,General
2018,10-10-2018,"Everything You Need to Know About Pixel 3 and Pixel 3 XL",1038,https://www.ampercent.com/everything-you-need-to-know-about-pixel-3-and-pixel-3-xl/26365/,General
2018,11-10-2018,"Top Photo Gallery Apps for Android",957,https://www.ampercent.com/top-photo-gallery-apps-for-android/26415/,General
2018,11-10-2018,"Top 10 Apps for Google Pixel 3 and Pixel 3 XL",1025,https://www.ampercent.com/top-10-apps-for-google-pixel-3-and-pixel-3-xl/26424/,General
2018,12-10-2018,"Google Pixel Slate: Full Specifications, Price, Release Date",864,https://www.ampercent.com/google-pixel-slate-full-specifications-price-release-date/26386/,General
2018,12-10-2018,"Google Pixel 3 vs Apple iPhone XS: Which is Better and Why",1136,https://www.ampercent.com/google-pixel-3-vs-apple-iphone-xs-which-is-better-and-why/26394/,General
2018,12-10-2018,"Google Pixel 3 XL vs Apple iPhone XS Max: Which is Better and Why",1013,https://www.ampercent.com/google-pixel-3-xl-vs-apple-iphone-xs-max-which-is-better-and-why/26398/,General
2018,16-10-2018,"Google Pixel 2 vs Pixel 3: Should You Upgrade or Not",724,https://www.ampercent.com/google-pixel-2-vs-pixel-3-should-you-upgrade-or-not/26406/,General
2018,18-10-2018,"Google Pixel 2 XL vs Pixel 3 XL: Should You Upgrade",770,https://www.ampercent.com/google-pixel-2-xl-vs-pixel-3-xl-should-you-upgrade/26410/,General
2018,19-10-2018,"Free and Paid Writing Apps for Mac",1071,https://www.ampercent.com/best-writing-apps-for-mac/26461/,General
2018,20-10-2018,"Best Facebook Messenger Features You aren’t Using",984,https://www.ampercent.com/best-facebook-messenger-features/26472/,General
2018,21-10-2018,"Useful Snapseed Tips and Tricks to Be A Professional",909,https://www.ampercent.com/snapseed-tutorials/26480/,General
2018,26-10-2018,"Best Outlook Add-Ins for iOS",961,https://www.ampercent.com/best-outlook-add-ins/26493/,General
2018,30-10-2018,"OnePlus 6T vs OnePlus 6: Should You Upgrade or Not",875,https://www.ampercent.com/oneplus-6t-vs-oneplus-6/26497/,General
2018,01-11-2018,"Essential Apps You Need to Install After Installing Windows 10",1017,https://www.ampercent.com/essential-windows-10-apps/26681/,General
2018,02-11-2018,"Best Audio Recording Software for Windows 10/8/7",972,https://www.ampercent.com/best-audio-recording-software-for-windows-10-8-7/26685/,General
2018,02-11-2018,"Best File Transfer Apps for Android and iOS",895,https://www.ampercent.com/best-file-transfer-apps-for-android-and-ios/26692/,General
2018,03-11-2018,"How to Fix Download Pending Error on Google Play Store",1096,https://www.ampercent.com/download-pending-error-google-play-store/26506/,General
2018,04-11-2018,"How to Enable and Use Clipboard History on Windows 10",819,https://www.ampercent.com/how-to-enable-and-use-clipboard-history-on-windows-10/26513/,General
2018,04-11-2018,"4 Ways You Can Legally Get Microsoft Office for Free",799,https://www.ampercent.com/legally-get-microsoft-office-for-free/26699/,General
2018,05-11-2018,"Best Laptops Under $1500 for Everyday Usage",1092,https://www.ampercent.com/best-laptops-under-1500/26517/,General
2018,05-11-2018,"Best Tips and Tricks to Save Money Online in This Holiday Season",883,https://www.ampercent.com/best-tips-and-tricks-to-save-money-online-in-this-holiday-season/26702/,General
2018,06-11-2018,"How to Switch from iPhone to Pixel 3 XL",993,https://www.ampercent.com/switch-from-ios-to-android/26524/,General
2018,06-11-2018,"All-in-One Guide to Use Voice Memo App on iOS",1258,https://www.ampercent.com/voice-memo-ios/26530/,General
2018,07-11-2018,"Beginners Guide to YouTube Studio Beta",1073,https://www.ampercent.com/youtube-studio-beta/26539/,General
2018,08-11-2018,"Google Drive Keeps Disconnecting or Unable to Connect",923,https://www.ampercent.com/google-drive-keeps-disconnecting/26547/,General
2018,09-11-2018,"How to Create Custom Email ID with Zoho Mail",894,https://www.ampercent.com/create-custom-email-id-with-zoho-mail/26552/,General
2018,10-11-2018,"Fix Windows 10 Dynamic Lock Not Working Issue",769,https://www.ampercent.com/fix-windows-10-dynamic-lock-not-working-issue/26556/,General
2018,11-11-2018,"Fix Windows Store Not Working on Windows 10",959,https://www.ampercent.com/fix-windows-store-not-working-on-windows-10/26560/,General
2018,12-11-2018,"How to Use Shared Album in iOS 12",960,https://www.ampercent.com/how-to-use-shared-album-in-ios-12/26573/,General
2018,12-11-2018,"Shortcuts: The Best IFTTT and Microsoft Flow Alternative for iPhone",881,https://www.ampercent.com/shortcuts-the-best-ifttt-and-microsoft-flow-alternative-for-iphone/26565/,General
2018,13-11-2018,"Best File Manager for iPhone to Organize Your Files",963,https://www.ampercent.com/best-file-manager-for-iphone-to-organize-your-files/26643/,General
2018,13-11-2018,"How to Use Continuity Camera and What to Do if Not Working",862,https://www.ampercent.com/how-to-use-continuity-camera-and-what-to-do-if-not-working/26570/,General
2018,14-11-2018,"Everything You Need to Know About Screen Time in iOS 12",882,https://www.ampercent.com/everything-you-need-to-know-about-screen-time-in-ios-12/26581/,General
2018,15-11-2018,"Best Computer Accessories You Can Buy to Improve Performance",1029,https://www.ampercent.com/best-computer-accessories/26651/,General
2018,15-11-2018,"Best Mobiles for Recording DSLR Like Video",1031,https://www.ampercent.com/best-mobiles-for-recording-dslr-like-video/26655/,General
2018,16-11-2018,"Best Mobile Accessories You Can Buy in This Holiday Season",986,https://www.ampercent.com/best-mobile-accessories/26662/,General
2018,16-11-2018,"Fix Pixel 3 XL Battery Draining Issue and Improve Battery Life",981,https://www.ampercent.com/fix-pixel-3-xl-battery-draining-issue-and-improve-battery-life/26665/,General
2018,17-11-2018,"Best Camera Accessories You Can Buy in This Holiday Season",905,https://www.ampercent.com/best-camera-accessories/26671/,General
2018,16-12-2018,"Fix Sticky Notes is Not Working on Windows 10",1059,https://www.ampercent.com/fix-sticky-notes-is-not-working-on-windows-10/26778/,General
2018,16-12-2018,"Best Google Docs Addons to Enhance Productivity﻿",960,https://www.ampercent.com/best-google-docs-addonsto-enhance-productivity%ef%bb%bf/26784/,General
2018,16-12-2018,"Want to Improve MacBook Battery Backup? Use These Apps",906,https://www.ampercent.com/want-to-improve-macbook-battery-backup-use-these-apps/26790/,General
2018,17-12-2018,"Face ID Not Working on iPhone X, XR, XS, XS Max﻿",882,https://www.ampercent.com/face-id-not-working-on-iphone-x-xr-xs-xs-max%ef%bb%bf/26800/,General
2018,17-12-2018,"Best Chrome Extensions to Get Rid of Online Distractions",932,https://www.ampercent.com/best-chrome-extensions-to-get-rid-of-online-distractions/26805/,General
2018,18-12-2018,"Everything You Need to Know About Digital Wellbeing in Android P",814,https://www.ampercent.com/digital-wellbeing/26826/,General
2018,18-12-2018,"All the Facebook Advertisement Settings You Need to Know About",681,https://www.ampercent.com/facebook-advertisement-settings/26830/,General
2018,22-12-2018,"Need Resume for Job? Check out These Online Tools",832,https://www.ampercent.com/create-resume-online/26817/,General
2018,22-12-2018,"Got Tons of Photos? Learn How to Manage Them Using These Apps for macOS",841,https://www.ampercent.com/best-photo-viewer-and-management-apps-for-mac/26890/,General
2018,23-12-2018,"Don’t have Time to Go to Gym? Check Out These Apps",905,https://www.ampercent.com/best-android-and-ios-apps-for-daily-workout/26927/,General
2018,23-12-2018,"How to Stop Pop-ups on Android Mobile",1058,https://www.ampercent.com/how-to-stop-pop-ups-on-android-mobile/26941/,General
2018,23-12-2018,"Love to Play Action Games? Check Out These for iOS",997,https://www.ampercent.com/best-action-games-for-ios-iphone/26945/,General
2018,24-12-2018,"Updated the YouTube App after Long Time? Meet New Features",977,https://www.ampercent.com/youtube-app-tips-and-tricks/26871/,General
2018,24-12-2018,"Want to Race on Your iPhone? Check Out These Racing Games",907,https://www.ampercent.com/best-racing-games-for-ios-iphone/26882/,General
2018,24-12-2018,"Want to Learn or Teach Something with Your Mobile? Here are the Apps You Need",937,https://www.ampercent.com/best-educational-apps-for-ios-iphone-ipad/26910/,General
2018,25-12-2018,"Top Apps and Sites for Book Lovers to Increase Knowledge",859,https://www.ampercent.com/top-apps-and-sites-for-book-lovers-to-increase-knowledge/26848/,General
2018,25-12-2018,"Best Online Security and Privacy Apps to be More Secure",1155,https://www.ampercent.com/best-online-security-and-privacy-apps/26857/,General
2018,25-12-2018,"To Give A Professional Touch to Your Photo, You Need These Apps for iOS",921,https://www.ampercent.com/best-photo-editing-apps-for-ios-iphone-ipad/26896/,General
2018,26-12-2018,"Fix Webcam Not Working Problem on Windows 10",1222,https://www.ampercent.com/webcam-not-working-windows-10/26834/,General
2018,26-12-2018,"Best Skype Tips and Tricks for Android and iOS",1021,https://www.ampercent.com/best-skype-tips-and-tricks/26839/,General
2018,27-12-2018,"Best Shortcuts To Automate Tasks on Your iPhones",940,https://www.ampercent.com/best-shortcuts-to-automate-tasks-on-your-iphones/26879/,General
2018,27-12-2018,"Want to Concentrate on Work? Use These Firefox Extensions",851,https://www.ampercent.com/best-firefox-add-ons-to-get-rid-of-online-distractions/26904/,General
2018,28-12-2018,"Best Email Clients for Mac",959,https://www.ampercent.com/best-email-clients-for-mac/26863/,General
2018,28-12-2018,"Failed to Sign into Your PC? Try These Bootable Antivirus for Windows 10",908,https://www.ampercent.com/best-bootable-antivirus-for-windows-10/26919/,General
2018,28-12-2018,"Best Apps to Send Automatic or Scheduled Text Message from Android",887,https://www.ampercent.com/best-apps-to-send-automatic-or-scheduled-text-message-from-android/26935/,General
2019,02-01-2019,"Google Sheets Add-ons, How to Install, Uninstall and Manage",1042,https://www.ampercent.com/best-add-ons-for-google-sheets/27072/,General
2019,02-01-2019,"Google Slides Add-ons, How to Install, Use, Uninstall, and Manage",1095,https://www.ampercent.com/best-add-ons-for-google-slides/27074/,General
2019,03-01-2019,"Different Ways to Recycle or Reuse an Old Wi-Fi Router",824,https://www.ampercent.com/recycle-reuse-old-wi-fi-router/27101/,General
2019,03-01-2019,"Want to Share Videos Online with Friends? Check Out These Free Sites",907,https://www.ampercent.com/share-videos-online/27099/,General
2019,06-01-2019,"Best Android TV Apps to Spruce Up the Experience",972,https://www.ampercent.com/best-android-tv-apps/27120/,General
2019,06-01-2019,"How to Download TikTok Videos on Android",584,https://www.ampercent.com/download-tiktok-videos/27116/,General
2019,07-01-2019,"How to Convert Image Formats on iPhone or iPad",698,https://www.ampercent.com/convert-image-iphone-ios/27227/,General
2019,08-01-2019,"Fix Can’t Connect to The App Store Error on iPhone",661,https://www.ampercent.com/fix-cant-connect-to-the-app-store-error-on-iphone/27177/,General
2019,09-01-2019,"Top 5 DNS Changer Software for Windows 10/8/7",937,https://www.ampercent.com/best-dns-changer-software-windows-10-8-7/27225/,General
2019,10-01-2019,"5 Lesser Known Features of Notes App for macOS",966,https://www.ampercent.com/useful-features-of-notes-app-macos/27221/,General
2019,11-01-2019,"Useful and Unknown Software and Tools of 2019 for Windows",1028,https://www.ampercent.com/software-and-tools-of-2018-for-windows/27114/,General
2019,13-01-2019,"How to Check if Your Android Mobile is Working Properly or Not",1014,https://www.ampercent.com/check-android-hardware/27179/,General
2019,13-01-2019,"Most Common Problems with Android and How to Fix Them",1019,https://www.ampercent.com/common-android-problems/27175/,General
2019,13-01-2019,"Best Netflix Apps for iOS, iPhone, iPad",838,https://www.ampercent.com/best-netflix-apps-for-ios-iphone-ipad/27129/,General
2019,14-01-2019,"YouTube is Not Working in Windows and Android",940,https://www.ampercent.com/youtube-not-working-buffering/27169/,General
2019,17-01-2019,"Best System Monitor Software for Windows 10/8/7",927,https://www.ampercent.com/system-monitor-software-windows/27223/,General
2019,18-01-2019,"How to Use iWork Files on Windows 10/8/7",910,https://www.ampercent.com/convert-open-iwork-files-on-windows-10-8-7/27123/,General
2019,19-01-2019,"Filmic Pro Tips and Tricks to Be a Professional Videographer",897,https://www.ampercent.com/filmic-pro-tips-tricks/27217/,General
2019,20-01-2019,"Common Windows 10 Update Error and Solutions",1043,https://www.ampercent.com/windows-10-update-error/27219/,General
2019,21-01-2019,"Fix Windows 10 Login Loop Problem After Updating or Upgrading",824,https://www.ampercent.com/windows-10-login-loop/27215/,General
2019,22-01-2019,"What is Inactive Account Manager in Google? How to Setup and Use",626,https://www.ampercent.com/inactive-account-manager-google/27173/,General
2019,23-01-2019,"What is Windows Sandbox and How to Use it?",722,https://www.ampercent.com/windows-sandbox/27171/,General
2019,24-01-2019,"Delete Facebook, Twitter, Google, LinkedIn Account of A Deceased Person",797,https://www.ampercent.com/delete-facebook-twitter-google-linkedin-account-of-a-deceased-person/27118/,General
2019,24-01-2019,"8 Most Useful News and Sports Apps for Android TV",1091,https://www.ampercent.com/news-sports-apps-android-tv/27126/,General
2019,25-01-2019,"Google Chrome and Firefox are Not Responding on Windows 10/8/7",1134,https://www.ampercent.com/chrome-firefox-not-responding-windows-10/27181/,General
2019,03-02-2019,"Indoor Navigation App for Android: Why and How?",1057,https://www.ampercent.com/indoor-navigation-app-android-why-how/27285/,General
2019,06-02-2019,"How to Update Windows 10 Offline.(Without Internet)",892,https://www.ampercent.com/update-windows-10-offline-without-internet/27295/,General
2019,12-02-2019,"How to setup and run android 9 on PC? Ways to Do it.",960,https://www.ampercent.com/run-android-9-on-pc-windows-mac/27311/,General
2019,13-02-2019,"How to Run Android 9 on pc Using Android Studio? The best Android Emulator.",1120,https://www.ampercent.com/android-studio-emulator-run-android-9-pc/27334/,General
2019,15-02-2019,"Task Manager Not Opening in Windows 10? Here is how you solve it.",1803,https://www.ampercent.com/task-manager-not-opening-in-windows-10/27364/,General
2019,15-02-2019,"Useful YouTube URL Tricks You Should Know About",879,https://www.ampercent.com/useful-youtube-url-tricks/27378/,General
2019,15-02-2019,"Best Websites For Students",827,https://www.ampercent.com/best-websites-students/27385/,General
2019,16-02-2019,"How To Change Default Screenshot Save Location On macOS Mojave",572,https://www.ampercent.com/change-default-screenshot-save-location-macos-mojave/27396/,General
2019,16-02-2019,"How To Remove Google Assistant From Android Home Button",750,https://www.ampercent.com/remove-google-assistant-android-home-button/27399/,General
2019,16-02-2019,"How To Remove Camera From iOS 12 Lock Screen",659,https://www.ampercent.com/remove-camera-ios-12-lock-screen/27405/,General
2019,16-02-2019,"How To Lock Apps On iOS 12 Without Any Third-Party Software",730,https://www.ampercent.com/lock-apps-ios-12-without-third-party-software/27411/,General
2019,17-02-2019,"How To Enable And Use Thesaurus In iOS 12",800,https://www.ampercent.com/enable-use-thesaurus-ios-12/27424/,General
2019,17-02-2019,"2 Ways To Read Website In Dark Mode In Apple Safari For iOS 12",792,https://www.ampercent.com/read-website-dark-mode-apple-safari-ios-12/27429/,General
2019,17-02-2019,"How To Enable Or Disable Guest User Login On macOS Mojave",686,https://www.ampercent.com/enable-disable-guest-user-login-macos-mojave/27433/,General
2019,18-02-2019,"How To Send Text Message From PC",861,https://www.ampercent.com/send-text-message-pc/27438/,General
2019,19-02-2019,"How To Zip Or Unzip Files On iOS 12 Using Shortcuts",948,https://www.ampercent.com/zip-unzip-files-ios-12-using-shortcuts/27444/,General
2019,20-02-2019,"How to check if your webcam has been hacked or not? A Detailed Guide.",947,https://www.ampercent.com/webcam-has-been-hacked-guide/27418/,General
2019,20-02-2019,"How To Setup And Use iCloud Email Forwarding",747,https://www.ampercent.com/setup-use-icloud-email-forwarding/27450/,General
2019,20-02-2019,"How To Play YouTube Video In Background on Android",829,https://www.ampercent.com/play-youtube-video-background-android/27454/,General
2019,22-02-2019,"How To Automatically Delete Message On iOS 12",690,https://www.ampercent.com/automatically-delete-message-ios-12/27436/,General
2019,22-02-2019,"How To Create And Use Smart Folder In macOS Mojave",733,https://www.ampercent.com/create-use-smart-folder-macos-mojave/27465/,General
2019,22-02-2019,"How To Directly Open Links In Chrome From Any App On iOS",654,https://www.ampercent.com/directly-open-links-chrome-ios/27471/,General
2019,22-02-2019,"How To Transfer iPhone Notes To Google Keep",735,https://www.ampercent.com/transfer-iphone-notes-google-keep/27480/,General
2019,22-02-2019,"Best Android Launchers With Dark Mode",1066,https://www.ampercent.com/best-android-launchers-dark-mode/27487/,General
2019,22-02-2019,"Fix No Internet Connection Or Waiting For Network Error of Messenger",1076,https://www.ampercent.com/fix-messenger-network-error/27493/,General
2019,22-02-2019,"How To Integrate Google Chrome Settings in Group Policy Editor",775,https://www.ampercent.com/integrate-google-chrome-settings-group-policy-editor/27503/,General
2019,23-02-2019,"Enable And Use Hyper-V In Windows 10 To Create Virtual Machine",1019,https://www.ampercent.com/enable-use-hyper-v-windows-10/27507/,General
2019,23-02-2019,"How To Install APK On Emulator In Android Studio",698,https://www.ampercent.com/install-apk-android-studio-emulator/27513/,General
2019,23-02-2019,"How To Recover Deleted Sticky Notes In Windows 10",470,https://www.ampercent.com/recover-deleted-sticky-notes-windows-10/27520/,General
2019,23-02-2019,"Top 7 Most Expected Features of Windows 10 V1903",1038,https://www.ampercent.com/expected-features-windows-10-v1903/27525/,General
2019,23-02-2019,"How To Download Apps That Are No Longer Available In App Store",661,https://www.ampercent.com/download-unavailable-apps-app-store/27528/,General
2019,24-02-2019,"Fix Windows Doesn’t Have A Network Profile For This Device Error",1016,https://www.ampercent.com/windows-doesnt-have-a-network-profile-for-this-device/27541/,General
2019,24-02-2019,"How To Change Video Quality On Netflix, Hotstar, Amazon Prime",862,https://www.ampercent.com/change-video-quality-netflix-hotstar-amazon-prime/27549/,General
2019,24-02-2019,"Fix Start Menu Not Working on Windows 10",1013,https://www.ampercent.com/start-menu-not-working-windows-10/27553/,General
2019,25-02-2019,"Google Assistant Interpreter Mode: Make Every Language Your Mother Tongue",816,https://www.ampercent.com/google-assistant-interpreter-mode/27536/,General
2019,25-02-2019,"How to Secure Google Account? Follow These Simple Steps.",988,https://www.ampercent.com/secure-google-account/27539/,General
2019,26-02-2019,"2 Ways To Get Windows Sticky Notes On Any PC And Mobile",656,https://www.ampercent.com/get-windows-sticky-note-any-pc-android/27574/,General
2019,26-02-2019,"How To Check Instagram Messages On Computer",867,https://www.ampercent.com/check-instagram-messages-computer/27580/,General
2019,26-02-2019,"How To Save Microsoft Office Documents in OneDrive On Mac",687,https://www.ampercent.com/save-microsoft-office-documents-onedrive-mac/27584/,General
2019,26-02-2019,"Best Browsers For Android And iOS For Private Browsing",966,https://www.ampercent.com/private-browsing-android-ios/27589/,General
2019,26-02-2019,"Best Websites To Create Shared List Online",896,https://www.ampercent.com/best-websites-create-shared-list-online/27598/,General
2019,27-02-2019,"Fix: Google Chrome Extensions Sync not Working",909,https://www.ampercent.com/fix-google-chrome-extensions-sync-not-working/27605/,General
2019,28-02-2019,"How To Capture Scrolling Page Screenshot On Android And iOS",879,https://www.ampercent.com/capture-scrolling-page-screenshot-android-ios/27612/,General
2019,28-02-2019,"Best iOS Browsers With Dark Mode Or Theme Option",987,https://www.ampercent.com/ios-browser-dark-mode-facility/27621/,General
2019,28-02-2019,"Best Calorie Counter Apps For Android And iOS",1003,https://www.ampercent.com/calorie-counter-apps-android-ios/27628/,General
2019,28-02-2019,"Best Apps For Apple Pencil To Improve Productivity",984,https://www.ampercent.com/apple-pencil-apps/27635/,General
2019,28-02-2019,"Best Cheap Gears For Beginner YouTubers",1029,https://www.ampercent.com/cheap-youtube-gears/27644/,General
2019,28-02-2019,"Google Maps Is Not Working in Chrome And Firefox",833,https://www.ampercent.com/google-maps-not-working-chrome-firefox/27653/,General
2019,28-02-2019,"10 Most Recommended Apps For Samsung Galaxy S10, S10+, S10e",1118,https://www.ampercent.com/samsung-galaxy-s10-apps/27660/,General
2019,05-03-2019,"Fix Face ID Has Been Disabled Error On iPhone X, XS, XS Max, XR",778,https://www.ampercent.com/face-id-has-been-disabled/27673/,General
2019,05-03-2019,"Face Recognition Is Not Working In Samsung Mobiles",751,https://www.ampercent.com/face-recognition-not-working-samsung/27677/,General
2019,05-03-2019,"How to Use Android Phone as Webcam For Streaming on Your PC?",695,https://www.ampercent.com/use-android-phone-as-webcam-for-streaming-on-your-pc/27685/,General
2019,06-03-2019,"Watch Movies Online for free: Best Android Apps",1051,https://www.ampercent.com/watch-movies-online-for-free-best-android-apps/27691/,General
2019,06-03-2019,"How To Enable Dark Mode In Messenger On Android And iOS",580,https://www.ampercent.com/enable-dark-mode-messenger-android-ios/27672/,General
2019,06-03-2019,"Fix Files Are Not Downloading In Apple Safari For Mac",802,https://www.ampercent.com/files-not-downloading-safari/27711/,General
2019,07-03-2019,"W3C declares Web Standard for WebAuthn API, We are at the verge of Password-Free Surfing",1201,https://www.ampercent.com/w3c-declares-web-standard-for-webauthn-api-we-are-at-the-verge-of-password-free-surfing/27684/,General
2019,07-03-2019,"Best Font Management Software For Mac",952,https://www.ampercent.com/best-font-management-software-mac/27717/,General
2019,07-03-2019,"Unable To Empty Trash Can On Mac: How To Fix",821,https://www.ampercent.com/empty-trash-error-mac/27721/,General
2019,08-03-2019,"Best Mock Interview Sites To Prepare For Job Interview",986,https://www.ampercent.com/best-mock-interview-sites/27738/,General
2019,08-03-2019,"How To Use One WhatsApp Account On Two Mobiles",579,https://www.ampercent.com/use-one-whatsapp-account-two-mobiles/27748/,General
2019,12-03-2019,"How To Install And Use OpenSSH In Windows 10",889,https://www.ampercent.com/install-use-openssh-windows-10/27754/,General
2019,12-03-2019,"Best CPU Temperature Monitoring Apps For Windows And Mac",821,https://www.ampercent.com/cpu-temperature-monitoring-apps-windows-mac/27760/,General
2019,14-03-2019,"Android Q Beta: Eligible Devices, How To Install, New Features",964,https://www.ampercent.com/android-q-beta/27769/,General
2019,14-03-2019,"How To Use WhatsApp On Apple Watch",662,https://www.ampercent.com/use-whatsapp-apple-watch/27781/,General
2019,14-03-2019,"4 Practical Ways To Increase Memory Or RAM",709,https://www.ampercent.com/practical-ways-increase-memory-ram/27786/,General
2019,14-03-2019,"Most Useful Windows Apps For Students",884,https://www.ampercent.com/most-useful-windows-apps-students/27791/,General
2019,14-03-2019,"Best Apps To Spend Time At Airport",924,https://www.ampercent.com/best-apps-long-flight-layovers/27798/,General
2019,14-03-2019,"How To Extract APK Files From Installed Android Apps Without Root",922,https://www.ampercent.com/extract-apk-files-installed-android-apps-without-root/27809/,General
2019,15-03-2019,"Smart Compose In Gmail: How To Enable, Disable, Use It",846,https://www.ampercent.com/gmail-smart-compose/27829/,General
2019,15-03-2019,"Everything You Need To Know About YouTube Premium",955,https://www.ampercent.com/youtube-premium/27836/,General
2019,15-03-2019,"How To Enable Inbuilt Screen Recorder In Android Q",686,https://www.ampercent.com/enable-screen-recorder-android-q/27842/,General
2019,15-03-2019,"8 Best Tips And Tricks For Samsung Galaxy S10+",867,https://www.ampercent.com/samsung-galaxy-s10-plus-tricks/27846/,General
2019,18-03-2019,"How To Manage All Shared Files In Google Drive, OneDrive, Dropbox",821,https://www.ampercent.com/manage-all-shared-files-google-drive-onedrive-dropbox/27927/,General
2019,18-03-2019,"Best Android And iOS Apps To Extract Audio From Video",972,https://www.ampercent.com/best-android-ios-apps-extract-audio-video/27933/,General
2019,18-03-2019,"How To Edit And Create Videos With Windows 10 Photos App",1036,https://www.ampercent.com/edit-create-videos-windows-10-photos-app/27942/,General
2019,18-03-2019,"How To Manage Saved Passwords In Chrome, Firefox, Edge, Safari",925,https://www.ampercent.com/manage-saved-passwords-chrome-firefox-edge-safari/27947/,General
2019,24-03-2019,"Play Free Co-op Games in your Browser",892,https://www.ampercent.com/play-free-co-op-games-in-your-browser/27955/,General
2019,24-03-2019,"BIOS Settings in Windows 10: How it is Different from Other Setups",1023,https://www.ampercent.com/bios-settings-in-windows-10-how-it-is-different-from-other-setups/27816/,General
2019,24-03-2019,"Differences between BIOS and UEFI Firmware and Legacy and UEFI Mode Systems",1546,https://www.ampercent.com/differences-between-bios-and-uefi-firmware-and-legacy-and-uefi-mode-systems/27863/,General
2019,24-03-2019,"Common BIOS Settings in Windows 10",1768,https://www.ampercent.com/common-bios-settings-in-windows-10/27865/,General
2019,24-03-2019,"How to Access BIOS in Windows 10",832,https://www.ampercent.com/access-bios-in-windows-10/27869/,General
2019,24-03-2019,"Secure Boot in UEFI",938,https://www.ampercent.com/secure-boot-in-uefi/27867/,General
2019,24-03-2019,"How to Boot into Legacy Mode in Windows 10",1146,https://www.ampercent.com/boot-into-legacy-mode-in-windows-10/27909/,General
2019,24-03-2019,"BIOS Password Recovery Solutions",917,https://www.ampercent.com/bios-password-recovery-solution/27894/,General
2019,24-03-2019,"Upgrade BIOS in Windows PC",1131,https://www.ampercent.com/bios-upgrade/27885/,General
2019,24-03-2019,"How to Access BIOS in Older PCs",970,https://www.ampercent.com/how-to-access-bios-in-older-pcs/27880/,General
2019,26-03-2019,"Best Photography Apps of 2019",1123,https://www.ampercent.com/best-photography-apps-of-2019/28013/,General
2019,26-03-2019,"How To Disable Google Maps Review Requests",528,https://www.ampercent.com/disable-google-maps-review-requests/28054/,General
2019,26-03-2019,"Best Redmi Note 7 Pro Tips And Tricks To Be A Pro",984,https://www.ampercent.com/redmi-note-7-pro-tips-tricks/28056/,General
2019,26-03-2019,"Best Camera Tips And Tricks Of Redmi Note 7 Pro",1005,https://www.ampercent.com/redmi-note-7-pro-camera-tricks/28058/,General
2019,26-03-2019,"How To Clean Install Windows 10 v1903",970,https://www.ampercent.com/clean-install-windows-10/28060/,General
2019,27-03-2019,"How To Use Focus This Tab Feature In Google Chrome",575,https://www.ampercent.com/use-focus-this-tab-feature-google-chrome/28083/,General
2019,27-03-2019,"How To Remotely Sign Out And Lock Windows 10 Computer",628,https://www.ampercent.com/remotely-sign-out-lock-windows-10-computer/28090/,General
2019,27-03-2019,"How To Setup And Use Firefox Send To Share Files Online",653,https://www.ampercent.com/firefox-send/28094/,General
2019,27-03-2019,"How To Display Internet Speed In Taskbar On Windows",538,https://www.ampercent.com/display-internet-speed-taskbar-windows/28098/,General
2019,27-03-2019,"Best Cryptocurrency Price Tracker Apps For Android And iOS",577,https://www.ampercent.com/cryptocurrency-price-tracker-apps-android-ios/28103/,General
2019,27-03-2019,"How To Extract Frame From A Video On Windows",884,https://www.ampercent.com/extract-frame-from-video-windows/28109/,General
2019,28-03-2019,"How To Close Safari Tabs Based On Keyword On iOS",453,https://www.ampercent.com/close-keyword-based-tabs-safari-ios/28121/,General
2019,28-03-2019,"How To Password Protect Documents In LibreOffice",670,https://www.ampercent.com/password-protect-documents-libreoffice/28115/,General
2019,28-03-2019,"Best Features Of AdGuard 3.0 For Android",796,https://www.ampercent.com/adguard-3-android/28117/,General
2019,28-03-2019,"How To Download Facebook, Twitter, Instagram Videos On iPhone",724,https://www.ampercent.com/download-facebook-twitter-instagram-videos-iphone/28123/,General
2019,28-03-2019,"How To Add, Delete, Move, Hide Columns And Rows In Numbers",838,https://www.ampercent.com/add-delete-move-hide-columns-rows-numbers/28119/,General
2019,28-03-2019,"How To Transfer Windows 10 License To Another Computer",589,https://www.ampercent.com/transfer-windows-10-license/28125/,General
2019,02-04-2019,"How To Play Google Podcasts On PC",449,https://www.ampercent.com/play-google-podcasts-pc/28156/,General
2019,02-04-2019,"Firefox Lockbox: Free Password Manager For Android And iOS",671,https://www.ampercent.com/firefox-lockbox/28160/,General
2019,02-04-2019,"How To Install Progressive Web Apps On Any OS",581,https://www.ampercent.com/install-progressive-web-apps/28167/,General
2019,02-04-2019,"How To Enable Dark Mode On Twitter For iOS",637,https://www.ampercent.com/enable-dark-mode-twitter-ios/28171/,General
2019,03-04-2019,"Best Services To Send And Receive Money Online",897,https://www.ampercent.com/best-services-send-receive-money-online/28176/,General
2019,03-04-2019,"How To Share Wi-Fi Without Sharing Password In Android Q",565,https://www.ampercent.com/share-wi-fi-without-sharing-password/28184/,General
2019,04-04-2019,"What Is VPN Kill Switch And Why Do You Need This",750,https://www.ampercent.com/vpn-kill-switch/28222/,General
2019,04-04-2019,"How To Detect Mac Hardware Problems With Apple Diagnostics",715,https://www.ampercent.com/detect-mac-hardware-problems-apple-diagnostics/28226/,General
2019,05-04-2019,"How To Setup And Use Windows Defender Application Guard",624,https://www.ampercent.com/windows-defender-application-guard/28230/,General
2019,05-04-2019,"How To Import Facebook Events In Google Calendar, Outlook Calendar, iCloud Calendar",837,https://www.ampercent.com/import-facebook-events-google-calendar-outlook-calendar-icloud-calendar/28236/,General
2019,08-04-2019,"This Cloud Storage Service Has way Better Pricing than Dropbox",1309,https://www.ampercent.com/pcloud-cloud-storage/28244/,General
2019,09-04-2019,"How To Download Chromium Based Microsoft Edge On Windows 10",705,https://www.ampercent.com/download-chromium-based-microsoft-edge/28260/,General
2019,09-04-2019,"How To Download Or Backup Facebook Messages Or Conversations",684,https://www.ampercent.com/download-backup-facebook-messages/28263/,General
2019,10-04-2019,"Remote Access Software and Screen Sharing tools: Best in 2019",1011,https://www.ampercent.com/remote-access-software-screen-sharing-tools/28045/,General
2019,11-04-2019,"Best Websites To Track And Check Movie And Web Series Info",609,https://www.ampercent.com/best-websites-track-check-movie/28449/,General
2019,12-04-2019,"Best Android And iOS Apps To Find Song Lyrics",653,https://www.ampercent.com/find-song-lyrics/28456/,General
2019,15-04-2019,"4 Mac Apps For Better Spotify Experience",710,https://www.ampercent.com/spotify-apps-mac/28442/,General
2019,16-04-2019,"Google Drive is waiting to upload error: 8 ways to fix it.",958,https://www.ampercent.com/google-drive-is-waiting-to-upload-error-8-ways-to-fix-it/28279/,General
2019,16-04-2019,"Why Smartphone and Laptop Batteries Explode and How to Prevent it?",899,https://www.ampercent.com/why-smartphone-and-laptop-batteries-explode-and-how-to-prevent-it/28051/,General
2019,17-04-2019,"How To Create Bootable USB From Windows CD",474,https://www.ampercent.com/create-bootable-usb-windows-cd/28493/,General
2019,17-04-2019,"How To Block Friends From Adding You To WhatsApp Group",699,https://www.ampercent.com/block-friends-adding-you-whatsapp-group/28307/,General
2019,17-04-2019,"How To Use iPhone As Microphone For Mac",801,https://www.ampercent.com/use-iphone-microphone-mac/28312/,General
2019,19-04-2019,"How to Automatically Convert files in Google Drive?",720,https://www.ampercent.com/automatically-convert-files-in-google-drive/28301/,General
2019,23-04-2019,"How to Delete Duplicate Files from Multiple OneDrive Account?",1037,https://www.ampercent.com/how-to-delete-duplicate-files-from-multiple-onedrive-account/28351/,General
2019,23-04-2019,"How To Use iPhone As MacBook Trackpad And Keyboard",725,https://www.ampercent.com/use-iphone-macbook-trackpad-keyboard/28356/,General
2019,23-04-2019,"How To Change Gmail Password From Mobile App",530,https://www.ampercent.com/change-gmail-password-mobile-app/28364/,General
2019,23-04-2019,"How To Use iPhone As Wireless MacBook Speaker",678,https://www.ampercent.com/use-iphone-wireless-macbook-speaker/28368/,General
2019,23-04-2019,"How To View And Delete Google Lens Activity",558,https://www.ampercent.com/view-delete-google-lens-activity/28374/,General
2019,23-04-2019,"How To Send Message To Blocked WhatsApp Contact",554,https://www.ampercent.com/send-message-blocked-whatsapp-contact/28378/,General
2019,23-04-2019,"5 Settings You Should Check In New Microsoft Edge",893,https://www.ampercent.com/chromium-based-microsoft-edge-settings/28382/,General
2019,24-04-2019,"How To Scan Files Before Downloading In Google Chrome",619,https://www.ampercent.com/opswat-file-security/28390/,General
2019,24-04-2019,"Windows 10 Displays Wrong Time After Restarting From Ubuntu",482,https://www.ampercent.com/windows-10-displays-wrong-tim/28393/,General
2019,24-04-2019,"How To Download Facebook Video On Android",644,https://www.ampercent.com/download-facebook-video/28398/,General
2019,24-04-2019,"Top 5 Sites To Download Cheap PC Games",751,https://www.ampercent.com/download-cheap-pc-games/28401/,General
2019,24-04-2019,"Fix An error occurred, Please try again later error on YouTube",721,https://www.ampercent.com/an-error-occurred-please-try-again-later/28408/,General
2019,25-04-2019,"How To Use Phone Camera As Webcam For Windows And Mac",603,https://www.ampercent.com/use-phone-camera-webcam-windows-mac/28430/,General
2019,25-04-2019,"Best YouTube Sound Equalizer Extension for Chrome And Firefox",605,https://www.ampercent.com/sound-equalizer-chrome-firefox/28422/,General
2019,25-04-2019,"How To Get Direct Link Of Any iCloud File",551,https://www.ampercent.com/get-direct-link-icloud-file/28416/,General
2019,25-04-2019,"Best Online Tools To Calibrate Your Monitor",644,https://www.ampercent.com/best-monitor-calibration-tools/28435/,General
2019,26-04-2019,"Fix Apps Keep Crashing On Android Mobile",694,https://www.ampercent.com/android-apps-crashing-freezing/28467/,General
2019,26-04-2019,"Enable Dark Mode In Chrome, Firefox, Edge, Safari For Windows And Mac",752,https://www.ampercent.com/enable-dark-mode-chrome-firefox-edge-safari/28470/,General
2019,26-04-2019,"Fix Google Assistant Or Ok Google Is Not Working On Android Phone",722,https://www.ampercent.com/google-assistant-ok-google-not-working/28463/,General
2019,28-04-2019,"Best Websites To Download Dynamic Wallpaper for Mac",604,https://www.ampercent.com/download-dynamic-wallpaper/28473/,General
2019,28-04-2019,"How To Hide Photo On iPhone Or iPad",672,https://www.ampercent.com/hide-photo-iphone-ipad/28480/,General
2019,28-04-2019,"How To Uninstall Windows 10 Updates If PC Is Not Booting",539,https://www.ampercent.com/uninstall-windows-10-update/28485/,General
2019,28-04-2019,"How To Clone And Run Multiple Accounts Of Same App On Android",658,https://www.ampercent.com/clone-android-app/28489/,General
2019,01-05-2019,"How To Schedule SMS On iOS Using Shortcuts",572,https://www.ampercent.com/send-schedule-sms-ios/28497/,General
2019,01-05-2019,"How To Schedule Email On Gmail Without Third-party App",710,https://www.ampercent.com/schedule-email-gmail/28503/,General
